País de nacimiento;Grupo quinquenal de edad;Sexo;Periodo;Total
Total;Todas las edades;Total;1 de enero de 2025;49.128.297
Total;Todas las edades;Total;1 de octubre de 2024;48.999.880
Total;Todas las edades;Total;1 de julio de 2024;48.821.936
Total;Todas las edades;Total;1 de abril de 2024;48.701.130
Total;Todas las edades;Total;1 de enero de 2024;48.619.695
Total;Todas las edades;Total;1 de octubre de 2023;48.486.865
Total;Todas las edades;Total;1 de julio de 2023;48.320.520
Total;Todas las edades;Total;1 de abril de 2023;48.205.962
Total;Todas las edades;Total;1 de enero de 2023;48.085.361
Total;Todas las edades;Total;1 de octubre de 2022;47.940.295
Total;Todas las edades;Total;1 de julio de 2022;47.781.354
Total;Todas las edades;Total;1 de abril de 2022;47.609.145
Total;Todas las edades;Total;1 de enero de 2022;47.486.727
Total;Todas las edades;Total;1 de octubre de 2021;47.424.595
Total;Todas las edades;Total;1 de julio de 2021;47.346.836
Total;Todas las edades;Total;1 de abril de 2021;47.356.065
Total;Todas las edades;Total;1 de enero de 2021;47.400.798
Total;Todas las edades;Total;1 de octubre de 2020;""
Total;Todas las edades;Total;1 de julio de 2020;47.344.852
Total;Todas las edades;Total;1 de abril de 2020;""
Total;Todas las edades;Total;1 de enero de 2020;47.318.050
Total;Todas las edades;Total;1 de octubre de 2019;""
Total;Todas las edades;Total;1 de julio de 2019;47.087.778
Total;Todas las edades;Total;1 de abril de 2019;""
Total;Todas las edades;Total;1 de enero de 2019;46.918.951
Total;Todas las edades;Total;1 de octubre de 2018;""
Total;Todas las edades;Total;1 de julio de 2018;46.715.383
Total;Todas las edades;Total;1 de abril de 2018;""
Total;Todas las edades;Total;1 de enero de 2018;46.645.070
Total;Todas las edades;Total;1 de octubre de 2017;""
Total;Todas las edades;Total;1 de julio de 2017;46.510.461
Total;Todas las edades;Total;1 de abril de 2017;""
Total;Todas las edades;Total;1 de enero de 2017;46.497.393
Total;Todas las edades;Total;1 de octubre de 2016;""
Total;Todas las edades;Total;1 de julio de 2016;46.427.100
Total;Todas las edades;Total;1 de abril de 2016;""
Total;Todas las edades;Total;1 de enero de 2016;46.418.884
Total;Todas las edades;Total;1 de octubre de 2015;""
Total;Todas las edades;Total;1 de julio de 2015;46.384.379
Total;Todas las edades;Total;1 de abril de 2015;""
Total;Todas las edades;Total;1 de enero de 2015;46.425.722
Total;Todas las edades;Total;1 de octubre de 2014;""
Total;Todas las edades;Total;1 de julio de 2014;46.433.050
Total;Todas las edades;Total;1 de abril de 2014;""
Total;Todas las edades;Total;1 de enero de 2014;46.495.744
Total;Todas las edades;Total;1 de octubre de 2013;""
Total;Todas las edades;Total;1 de julio de 2013;46.581.124
Total;Todas las edades;Total;1 de abril de 2013;""
Total;Todas las edades;Total;1 de enero de 2013;46.712.650
Total;Todas las edades;Total;1 de octubre de 2012;""
Total;Todas las edades;Total;1 de julio de 2012;46.749.303
Total;Todas las edades;Total;1 de abril de 2012;""
Total;Todas las edades;Total;1 de enero de 2012;46.818.216
Total;Todas las edades;Total;1 de octubre de 2011;""
Total;Todas las edades;Total;1 de julio de 2011;46.736.257
Total;Todas las edades;Total;1 de abril de 2011;""
Total;Todas las edades;Total;1 de enero de 2011;46.667.175
Total;Todas las edades;Total;1 de octubre de 2010;""
Total;Todas las edades;Total;1 de julio de 2010;46.562.483
Total;Todas las edades;Total;1 de abril de 2010;""
Total;Todas las edades;Total;1 de enero de 2010;46.486.621
Total;Todas las edades;Total;1 de octubre de 2009;""
Total;Todas las edades;Total;1 de julio de 2009;46.367.550
Total;Todas las edades;Total;1 de abril de 2009;""
Total;Todas las edades;Total;1 de enero de 2009;46.239.271
Total;Todas las edades;Total;1 de octubre de 2008;""
Total;Todas las edades;Total;1 de julio de 2008;45.983.169
Total;Todas las edades;Total;1 de abril de 2008;""
Total;Todas las edades;Total;1 de enero de 2008;45.668.938
Total;Todas las edades;Total;1 de octubre de 2007;""
Total;Todas las edades;Total;1 de julio de 2007;45.236.004
Total;Todas las edades;Total;1 de abril de 2007;""
Total;Todas las edades;Total;1 de enero de 2007;44.784.659
Total;Todas las edades;Total;1 de octubre de 2006;""
Total;Todas las edades;Total;1 de julio de 2006;44.360.521
Total;Todas las edades;Total;1 de abril de 2006;""
Total;Todas las edades;Total;1 de enero de 2006;44.009.969
Total;Todas las edades;Total;1 de octubre de 2005;""
Total;Todas las edades;Total;1 de julio de 2005;43.662.613
Total;Todas las edades;Total;1 de abril de 2005;""
Total;Todas las edades;Total;1 de enero de 2005;43.296.335
Total;Todas las edades;Total;1 de octubre de 2004;""
Total;Todas las edades;Total;1 de julio de 2004;42.859.172
Total;Todas las edades;Total;1 de abril de 2004;""
Total;Todas las edades;Total;1 de enero de 2004;42.547.454
Total;Todas las edades;Total;1 de octubre de 2003;""
Total;Todas las edades;Total;1 de julio de 2003;42.196.231
Total;Todas las edades;Total;1 de abril de 2003;""
Total;Todas las edades;Total;1 de enero de 2003;41.827.836
Total;Todas las edades;Total;1 de octubre de 2002;""
Total;Todas las edades;Total;1 de julio de 2002;41.423.520
Total;Todas las edades;Total;1 de abril de 2002;""
Total;Todas las edades;Total;1 de enero de 2002;41.035.271
España;Todas las edades;Total;1 de enero de 2025;39.664.087
España;Todas las edades;Total;1 de octubre de 2024;39.703.339
España;Todas las edades;Total;1 de julio de 2024;39.715.213
España;Todas las edades;Total;1 de abril de 2024;39.740.348
España;Todas las edades;Total;1 de enero de 2024;39.781.461
España;Todas las edades;Total;1 de octubre de 2023;39.812.497
España;Todas las edades;Total;1 de julio de 2023;39.819.862
España;Todas las edades;Total;1 de abril de 2023;39.837.149
España;Todas las edades;Total;1 de enero de 2023;39.881.155
España;Todas las edades;Total;1 de octubre de 2022;39.918.394
España;Todas las edades;Total;1 de julio de 2022;39.942.243
España;Todas las edades;Total;1 de abril de 2022;39.970.395
España;Todas las edades;Total;1 de enero de 2022;40.018.611
España;Todas las edades;Total;1 de octubre de 2021;40.059.610
España;Todas las edades;Total;1 de julio de 2021;40.072.031
España;Todas las edades;Total;1 de abril de 2021;40.091.962
España;Todas las edades;Total;1 de enero de 2021;40.146.001
España;Todas las edades;Total;1 de octubre de 2020;""
España;Todas las edades;Total;1 de julio de 2020;40.200.819
España;Todas las edades;Total;1 de abril de 2020;""
España;Todas las edades;Total;1 de enero de 2020;40.303.297
España;Todas las edades;Total;1 de octubre de 2019;""
España;Todas las edades;Total;1 de julio de 2019;40.323.934
España;Todas las edades;Total;1 de abril de 2019;""
España;Todas las edades;Total;1 de enero de 2019;40.369.642
España;Todas las edades;Total;1 de octubre de 2018;""
España;Todas las edades;Total;1 de julio de 2018;40.382.905
España;Todas las edades;Total;1 de abril de 2018;""
España;Todas las edades;Total;1 de enero de 2018;40.437.561
España;Todas las edades;Total;1 de octubre de 2017;""
España;Todas las edades;Total;1 de julio de 2017;40.442.504
España;Todas las edades;Total;1 de abril de 2017;""
España;Todas las edades;Total;1 de enero de 2017;40.482.685
España;Todas las edades;Total;1 de octubre de 2016;""
España;Todas las edades;Total;1 de julio de 2016;40.481.969
España;Todas las edades;Total;1 de abril de 2016;""
España;Todas las edades;Total;1 de enero de 2016;40.505.719
España;Todas las edades;Total;1 de octubre de 2015;""
España;Todas las edades;Total;1 de julio de 2015;40.502.460
España;Todas las edades;Total;1 de abril de 2015;""
España;Todas las edades;Total;1 de enero de 2015;40.541.831
España;Todas las edades;Total;1 de octubre de 2014;""
España;Todas las edades;Total;1 de julio de 2014;40.530.424
España;Todas las edades;Total;1 de abril de 2014;""
España;Todas las edades;Total;1 de enero de 2014;40.542.974
España;Todas las edades;Total;1 de octubre de 2013;""
España;Todas las edades;Total;1 de julio de 2013;40.534.785
España;Todas las edades;Total;1 de abril de 2013;""
España;Todas las edades;Total;1 de enero de 2013;40.547.015
España;Todas las edades;Total;1 de octubre de 2012;""
España;Todas las edades;Total;1 de julio de 2012;40.518.675
España;Todas las edades;Total;1 de abril de 2012;""
España;Todas las edades;Total;1 de enero de 2012;40.523.263
España;Todas las edades;Total;1 de octubre de 2011;""
España;Todas las edades;Total;1 de julio de 2011;40.451.719
España;Todas las edades;Total;1 de abril de 2011;""
España;Todas las edades;Total;1 de enero de 2011;40.384.966
España;Todas las edades;Total;1 de octubre de 2010;""
España;Todas las edades;Total;1 de julio de 2010;40.282.782
España;Todas las edades;Total;1 de abril de 2010;""
España;Todas las edades;Total;1 de enero de 2010;40.206.557
España;Todas las edades;Total;1 de octubre de 2009;""
España;Todas las edades;Total;1 de julio de 2009;40.099.015
España;Todas las edades;Total;1 de abril de 2009;""
España;Todas las edades;Total;1 de enero de 2009;40.013.758
España;Todas las edades;Total;1 de octubre de 2008;""
España;Todas las edades;Total;1 de julio de 2008;39.890.701
España;Todas las edades;Total;1 de abril de 2008;""
España;Todas las edades;Total;1 de enero de 2008;39.790.019
España;Todas las edades;Total;1 de octubre de 2007;""
España;Todas las edades;Total;1 de julio de 2007;39.675.007
España;Todas las edades;Total;1 de abril de 2007;""
España;Todas las edades;Total;1 de enero de 2007;39.584.597
España;Todas las edades;Total;1 de octubre de 2006;""
España;Todas las edades;Total;1 de julio de 2006;39.470.593
España;Todas las edades;Total;1 de abril de 2006;""
España;Todas las edades;Total;1 de enero de 2006;39.371.997
España;Todas las edades;Total;1 de octubre de 2005;""
España;Todas las edades;Total;1 de julio de 2005;39.257.142
España;Todas las edades;Total;1 de abril de 2005;""
España;Todas las edades;Total;1 de enero de 2005;39.189.109
España;Todas las edades;Total;1 de octubre de 2004;""
España;Todas las edades;Total;1 de julio de 2004;39.084.542
España;Todas las edades;Total;1 de abril de 2004;""
España;Todas las edades;Total;1 de enero de 2004;38.999.785
España;Todas las edades;Total;1 de octubre de 2003;""
España;Todas las edades;Total;1 de julio de 2003;38.913.878
España;Todas las edades;Total;1 de abril de 2003;""
España;Todas las edades;Total;1 de enero de 2003;38.843.742
España;Todas las edades;Total;1 de octubre de 2002;""
España;Todas las edades;Total;1 de julio de 2002;38.755.143
España;Todas las edades;Total;1 de abril de 2002;""
España;Todas las edades;Total;1 de enero de 2002;38.701.173
UE27_2020 sin España;Todas las edades;Total;1 de enero de 2025;1.601.863
UE27_2020 sin España;Todas las edades;Total;1 de octubre de 2024;1.604.146
UE27_2020 sin España;Todas las edades;Total;1 de julio de 2024;1.593.299
UE27_2020 sin España;Todas las edades;Total;1 de abril de 2024;1.593.014
UE27_2020 sin España;Todas las edades;Total;1 de enero de 2024;1.592.472
UE27_2020 sin España;Todas las edades;Total;1 de octubre de 2023;1.594.367
UE27_2020 sin España;Todas las edades;Total;1 de julio de 2023;1.584.036
UE27_2020 sin España;Todas las edades;Total;1 de abril de 2023;1.582.695
UE27_2020 sin España;Todas las edades;Total;1 de enero de 2023;1.579.523
UE27_2020 sin España;Todas las edades;Total;1 de octubre de 2022;1.580.369
UE27_2020 sin España;Todas las edades;Total;1 de julio de 2022;1.569.809
UE27_2020 sin España;Todas las edades;Total;1 de abril de 2022;1.561.439
UE27_2020 sin España;Todas las edades;Total;1 de enero de 2022;1.556.764
UE27_2020 sin España;Todas las edades;Total;1 de octubre de 2021;1.558.344
UE27_2020 sin España;Todas las edades;Total;1 de julio de 2021;1.548.158
UE27_2020 sin España;Todas las edades;Total;1 de abril de 2021;1.552.623
UE27_2020 sin España;Todas las edades;Total;1 de enero de 2021;1.557.666
UE27_2020 sin España;Todas las edades;Total;1 de octubre de 2020;""
UE27_2020 sin España;Todas las edades;Total;1 de julio de 2020;1.557.169
UE27_2020 sin España;Todas las edades;Total;1 de abril de 2020;""
UE27_2020 sin España;Todas las edades;Total;1 de enero de 2020;..
UE27_2020 sin España;Todas las edades;Total;1 de octubre de 2019;""
UE27_2020 sin España;Todas las edades;Total;1 de julio de 2019;..
UE27_2020 sin España;Todas las edades;Total;1 de abril de 2019;""
UE27_2020 sin España;Todas las edades;Total;1 de enero de 2019;..
UE27_2020 sin España;Todas las edades;Total;1 de octubre de 2018;""
UE27_2020 sin España;Todas las edades;Total;1 de julio de 2018;..
UE27_2020 sin España;Todas las edades;Total;1 de abril de 2018;""
UE27_2020 sin España;Todas las edades;Total;1 de enero de 2018;..
UE27_2020 sin España;Todas las edades;Total;1 de octubre de 2017;""
UE27_2020 sin España;Todas las edades;Total;1 de julio de 2017;..
UE27_2020 sin España;Todas las edades;Total;1 de abril de 2017;""
UE27_2020 sin España;Todas las edades;Total;1 de enero de 2017;..
UE27_2020 sin España;Todas las edades;Total;1 de octubre de 2016;""
UE27_2020 sin España;Todas las edades;Total;1 de julio de 2016;..
UE27_2020 sin España;Todas las edades;Total;1 de abril de 2016;""
UE27_2020 sin España;Todas las edades;Total;1 de enero de 2016;..
UE27_2020 sin España;Todas las edades;Total;1 de octubre de 2015;""
UE27_2020 sin España;Todas las edades;Total;1 de julio de 2015;..
UE27_2020 sin España;Todas las edades;Total;1 de abril de 2015;""
UE27_2020 sin España;Todas las edades;Total;1 de enero de 2015;..
UE27_2020 sin España;Todas las edades;Total;1 de octubre de 2014;""
UE27_2020 sin España;Todas las edades;Total;1 de julio de 2014;..
UE27_2020 sin España;Todas las edades;Total;1 de abril de 2014;""
UE27_2020 sin España;Todas las edades;Total;1 de enero de 2014;..
UE27_2020 sin España;Todas las edades;Total;1 de octubre de 2013;""
UE27_2020 sin España;Todas las edades;Total;1 de julio de 2013;..
UE27_2020 sin España;Todas las edades;Total;1 de abril de 2013;""
UE27_2020 sin España;Todas las edades;Total;1 de enero de 2013;..
UE27_2020 sin España;Todas las edades;Total;1 de octubre de 2012;""
UE27_2020 sin España;Todas las edades;Total;1 de julio de 2012;..
UE27_2020 sin España;Todas las edades;Total;1 de abril de 2012;""
UE27_2020 sin España;Todas las edades;Total;1 de enero de 2012;""
UE27_2020 sin España;Todas las edades;Total;1 de octubre de 2011;""
UE27_2020 sin España;Todas las edades;Total;1 de julio de 2011;""
UE27_2020 sin España;Todas las edades;Total;1 de abril de 2011;""
UE27_2020 sin España;Todas las edades;Total;1 de enero de 2011;""
UE27_2020 sin España;Todas las edades;Total;1 de octubre de 2010;""
UE27_2020 sin España;Todas las edades;Total;1 de julio de 2010;""
UE27_2020 sin España;Todas las edades;Total;1 de abril de 2010;""
UE27_2020 sin España;Todas las edades;Total;1 de enero de 2010;""
UE27_2020 sin España;Todas las edades;Total;1 de octubre de 2009;""
UE27_2020 sin España;Todas las edades;Total;1 de julio de 2009;""
UE27_2020 sin España;Todas las edades;Total;1 de abril de 2009;""
UE27_2020 sin España;Todas las edades;Total;1 de enero de 2009;""
UE27_2020 sin España;Todas las edades;Total;1 de octubre de 2008;""
UE27_2020 sin España;Todas las edades;Total;1 de julio de 2008;""
UE27_2020 sin España;Todas las edades;Total;1 de abril de 2008;""
UE27_2020 sin España;Todas las edades;Total;1 de enero de 2008;""
UE27_2020 sin España;Todas las edades;Total;1 de octubre de 2007;""
UE27_2020 sin España;Todas las edades;Total;1 de julio de 2007;""
UE27_2020 sin España;Todas las edades;Total;1 de abril de 2007;""
UE27_2020 sin España;Todas las edades;Total;1 de enero de 2007;""
UE27_2020 sin España;Todas las edades;Total;1 de octubre de 2006;""
UE27_2020 sin España;Todas las edades;Total;1 de julio de 2006;""
UE27_2020 sin España;Todas las edades;Total;1 de abril de 2006;""
UE27_2020 sin España;Todas las edades;Total;1 de enero de 2006;""
UE27_2020 sin España;Todas las edades;Total;1 de octubre de 2005;""
UE27_2020 sin España;Todas las edades;Total;1 de julio de 2005;""
UE27_2020 sin España;Todas las edades;Total;1 de abril de 2005;""
UE27_2020 sin España;Todas las edades;Total;1 de enero de 2005;""
UE27_2020 sin España;Todas las edades;Total;1 de octubre de 2004;""
UE27_2020 sin España;Todas las edades;Total;1 de julio de 2004;""
UE27_2020 sin España;Todas las edades;Total;1 de abril de 2004;""
UE27_2020 sin España;Todas las edades;Total;1 de enero de 2004;""
UE27_2020 sin España;Todas las edades;Total;1 de octubre de 2003;""
UE27_2020 sin España;Todas las edades;Total;1 de julio de 2003;""
UE27_2020 sin España;Todas las edades;Total;1 de abril de 2003;""
UE27_2020 sin España;Todas las edades;Total;1 de enero de 2003;""
UE27_2020 sin España;Todas las edades;Total;1 de octubre de 2002;""
UE27_2020 sin España;Todas las edades;Total;1 de julio de 2002;""
UE27_2020 sin España;Todas las edades;Total;1 de abril de 2002;""
UE27_2020 sin España;Todas las edades;Total;1 de enero de 2002;""
UE28 sin España;Todas las edades;Total;1 de enero de 2025;""
UE28 sin España;Todas las edades;Total;1 de octubre de 2024;""
UE28 sin España;Todas las edades;Total;1 de julio de 2024;""
UE28 sin España;Todas las edades;Total;1 de abril de 2024;""
UE28 sin España;Todas las edades;Total;1 de enero de 2024;""
UE28 sin España;Todas las edades;Total;1 de octubre de 2023;""
UE28 sin España;Todas las edades;Total;1 de julio de 2023;""
UE28 sin España;Todas las edades;Total;1 de abril de 2023;""
UE28 sin España;Todas las edades;Total;1 de enero de 2023;""
UE28 sin España;Todas las edades;Total;1 de octubre de 2022;""
UE28 sin España;Todas las edades;Total;1 de julio de 2022;""
UE28 sin España;Todas las edades;Total;1 de abril de 2022;""
UE28 sin España;Todas las edades;Total;1 de enero de 2022;""
UE28 sin España;Todas las edades;Total;1 de octubre de 2021;""
UE28 sin España;Todas las edades;Total;1 de julio de 2021;""
UE28 sin España;Todas las edades;Total;1 de abril de 2021;""
UE28 sin España;Todas las edades;Total;1 de enero de 2021;""
UE28 sin España;Todas las edades;Total;1 de octubre de 2020;""
UE28 sin España;Todas las edades;Total;1 de julio de 2020;""
UE28 sin España;Todas las edades;Total;1 de abril de 2020;""
UE28 sin España;Todas las edades;Total;1 de enero de 2020;1.844.603
UE28 sin España;Todas las edades;Total;1 de octubre de 2019;""
UE28 sin España;Todas las edades;Total;1 de julio de 2019;1.839.794
UE28 sin España;Todas las edades;Total;1 de abril de 2019;""
UE28 sin España;Todas las edades;Total;1 de enero de 2019;1.829.557
UE28 sin España;Todas las edades;Total;1 de octubre de 2018;""
UE28 sin España;Todas las edades;Total;1 de julio de 2018;1.818.865
UE28 sin España;Todas las edades;Total;1 de abril de 2018;""
UE28 sin España;Todas las edades;Total;1 de enero de 2018;1.831.673
UE28 sin España;Todas las edades;Total;1 de octubre de 2017;""
UE28 sin España;Todas las edades;Total;1 de julio de 2017;1.835.087
UE28 sin España;Todas las edades;Total;1 de abril de 2017;""
UE28 sin España;Todas las edades;Total;1 de enero de 2017;1.859.336
UE28 sin España;Todas las edades;Total;1 de octubre de 2016;""
UE28 sin España;Todas las edades;Total;1 de julio de 2016;1.870.940
UE28 sin España;Todas las edades;Total;1 de abril de 2016;""
UE28 sin España;Todas las edades;Total;1 de enero de 2016;1.888.728
UE28 sin España;Todas las edades;Total;1 de octubre de 2015;""
UE28 sin España;Todas las edades;Total;1 de julio de 2015;1.903.112
UE28 sin España;Todas las edades;Total;1 de abril de 2015;""
UE28 sin España;Todas las edades;Total;1 de enero de 2015;1.928.391
UE28 sin España;Todas las edades;Total;1 de octubre de 2014;""
UE28 sin España;Todas las edades;Total;1 de julio de 2014;1.956.375
UE28 sin España;Todas las edades;Total;1 de abril de 2014;""
UE28 sin España;Todas las edades;Total;1 de enero de 2014;1.992.264
UE28 sin España;Todas las edades;Total;1 de octubre de 2013;""
UE28 sin España;Todas las edades;Total;1 de julio de 2013;2.031.354
UE28 sin España;Todas las edades;Total;1 de abril de 2013;""
UE28 sin España;Todas las edades;Total;1 de enero de 2013;2.079.802
UE28 sin España;Todas las edades;Total;1 de octubre de 2012;""
UE28 sin España;Todas las edades;Total;1 de julio de 2012;2.108.527
UE28 sin España;Todas las edades;Total;1 de abril de 2012;""
UE28 sin España;Todas las edades;Total;1 de enero de 2012;2.136.613
UE28 sin España;Todas las edades;Total;1 de octubre de 2011;""
UE28 sin España;Todas las edades;Total;1 de julio de 2011;2.120.397
UE28 sin España;Todas las edades;Total;1 de abril de 2011;""
UE28 sin España;Todas las edades;Total;1 de enero de 2011;2.112.498
UE28 sin España;Todas las edades;Total;1 de octubre de 2010;""
UE28 sin España;Todas las edades;Total;1 de julio de 2010;2.109.422
UE28 sin España;Todas las edades;Total;1 de abril de 2010;""
UE28 sin España;Todas las edades;Total;1 de enero de 2010;2.114.321
UE28 sin España;Todas las edades;Total;1 de octubre de 2009;""
UE28 sin España;Todas las edades;Total;1 de julio de 2009;2.113.934
UE28 sin España;Todas las edades;Total;1 de abril de 2009;""
UE28 sin España;Todas las edades;Total;1 de enero de 2009;2.116.623
UE28 sin España;Todas las edades;Total;1 de octubre de 2008;""
UE28 sin España;Todas las edades;Total;1 de julio de 2008;2.090.956
UE28 sin España;Todas las edades;Total;1 de abril de 2008;""
UE28 sin España;Todas las edades;Total;1 de enero de 2008;2.039.479
UE28 sin España;Todas las edades;Total;1 de octubre de 2007;""
UE28 sin España;Todas las edades;Total;1 de julio de 2007;1.900.814
UE28 sin España;Todas las edades;Total;1 de abril de 2007;""
UE28 sin España;Todas las edades;Total;1 de enero de 2007;1.738.465
UE28 sin España;Todas las edades;Total;1 de octubre de 2006;""
UE28 sin España;Todas las edades;Total;1 de julio de 2006;1.605.282
UE28 sin España;Todas las edades;Total;1 de abril de 2006;""
UE28 sin España;Todas las edades;Total;1 de enero de 2006;1.500.800
UE28 sin España;Todas las edades;Total;1 de octubre de 2005;""
UE28 sin España;Todas las edades;Total;1 de julio de 2005;1.398.430
UE28 sin España;Todas las edades;Total;1 de abril de 2005;""
UE28 sin España;Todas las edades;Total;1 de enero de 2005;1.284.496
UE28 sin España;Todas las edades;Total;1 de octubre de 2004;""
UE28 sin España;Todas las edades;Total;1 de julio de 2004;1.152.917
UE28 sin España;Todas las edades;Total;1 de abril de 2004;""
UE28 sin España;Todas las edades;Total;1 de enero de 2004;1.066.882
UE28 sin España;Todas las edades;Total;1 de octubre de 2003;""
UE28 sin España;Todas las edades;Total;1 de julio de 2003;974.713
UE28 sin España;Todas las edades;Total;1 de abril de 2003;""
UE28 sin España;Todas las edades;Total;1 de enero de 2003;893.791
UE28 sin España;Todas las edades;Total;1 de octubre de 2002;""
UE28 sin España;Todas las edades;Total;1 de julio de 2002;802.400
UE28 sin España;Todas las edades;Total;1 de abril de 2002;""
UE28 sin España;Todas las edades;Total;1 de enero de 2002;724.019
Bélgica;Todas las edades;Total;1 de enero de 2025;56.924
Bélgica;Todas las edades;Total;1 de octubre de 2024;56.549
Bélgica;Todas las edades;Total;1 de julio de 2024;55.669
Bélgica;Todas las edades;Total;1 de abril de 2024;55.233
Bélgica;Todas las edades;Total;1 de enero de 2024;54.776
Bélgica;Todas las edades;Total;1 de octubre de 2023;54.576
Bélgica;Todas las edades;Total;1 de julio de 2023;53.956
Bélgica;Todas las edades;Total;1 de abril de 2023;53.871
Bélgica;Todas las edades;Total;1 de enero de 2023;53.460
Bélgica;Todas las edades;Total;1 de octubre de 2022;53.046
Bélgica;Todas las edades;Total;1 de julio de 2022;52.293
Bélgica;Todas las edades;Total;1 de abril de 2022;51.663
Bélgica;Todas las edades;Total;1 de enero de 2022;51.015
Bélgica;Todas las edades;Total;1 de octubre de 2021;50.414
Bélgica;Todas las edades;Total;1 de julio de 2021;49.519
Bélgica;Todas las edades;Total;1 de abril de 2021;48.601
Bélgica;Todas las edades;Total;1 de enero de 2021;48.138
Bélgica;Todas las edades;Total;1 de octubre de 2020;""
Bélgica;Todas las edades;Total;1 de julio de 2020;47.147
Bélgica;Todas las edades;Total;1 de abril de 2020;""
Bélgica;Todas las edades;Total;1 de enero de 2020;46.883
Bélgica;Todas las edades;Total;1 de octubre de 2019;""
Bélgica;Todas las edades;Total;1 de julio de 2019;46.146
Bélgica;Todas las edades;Total;1 de abril de 2019;""
Bélgica;Todas las edades;Total;1 de enero de 2019;45.355
Bélgica;Todas las edades;Total;1 de octubre de 2018;""
Bélgica;Todas las edades;Total;1 de julio de 2018;44.555
Bélgica;Todas las edades;Total;1 de abril de 2018;""
Bélgica;Todas las edades;Total;1 de enero de 2018;44.031
Bélgica;Todas las edades;Total;1 de octubre de 2017;""
Bélgica;Todas las edades;Total;1 de julio de 2017;43.360
Bélgica;Todas las edades;Total;1 de abril de 2017;""
Bélgica;Todas las edades;Total;1 de enero de 2017;42.929
Bélgica;Todas las edades;Total;1 de octubre de 2016;""
Bélgica;Todas las edades;Total;1 de julio de 2016;42.454
Bélgica;Todas las edades;Total;1 de abril de 2016;""
Bélgica;Todas las edades;Total;1 de enero de 2016;42.385
Bélgica;Todas las edades;Total;1 de octubre de 2015;""
Bélgica;Todas las edades;Total;1 de julio de 2015;41.967
Bélgica;Todas las edades;Total;1 de abril de 2015;""
Bélgica;Todas las edades;Total;1 de enero de 2015;41.952
Bélgica;Todas las edades;Total;1 de octubre de 2014;""
Bélgica;Todas las edades;Total;1 de julio de 2014;42.111
Bélgica;Todas las edades;Total;1 de abril de 2014;""
Bélgica;Todas las edades;Total;1 de enero de 2014;42.338
Bélgica;Todas las edades;Total;1 de octubre de 2013;""
Bélgica;Todas las edades;Total;1 de julio de 2013;42.289
Bélgica;Todas las edades;Total;1 de abril de 2013;""
Bélgica;Todas las edades;Total;1 de enero de 2013;42.464
Bélgica;Todas las edades;Total;1 de octubre de 2012;""
Bélgica;Todas las edades;Total;1 de julio de 2012;42.150
Bélgica;Todas las edades;Total;1 de abril de 2012;""
Bélgica;Todas las edades;Total;1 de enero de 2012;42.272
Bélgica;Todas las edades;Total;1 de octubre de 2011;""
Bélgica;Todas las edades;Total;1 de julio de 2011;41.929
Bélgica;Todas las edades;Total;1 de abril de 2011;""
Bélgica;Todas las edades;Total;1 de enero de 2011;41.902
Bélgica;Todas las edades;Total;1 de octubre de 2010;""
Bélgica;Todas las edades;Total;1 de julio de 2010;41.853
Bélgica;Todas las edades;Total;1 de abril de 2010;""
Bélgica;Todas las edades;Total;1 de enero de 2010;41.798
Bélgica;Todas las edades;Total;1 de octubre de 2009;""
Bélgica;Todas las edades;Total;1 de julio de 2009;41.698
Bélgica;Todas las edades;Total;1 de abril de 2009;""
Bélgica;Todas las edades;Total;1 de enero de 2009;41.791
Bélgica;Todas las edades;Total;1 de octubre de 2008;""
Bélgica;Todas las edades;Total;1 de julio de 2008;41.552
Bélgica;Todas las edades;Total;1 de abril de 2008;""
Bélgica;Todas las edades;Total;1 de enero de 2008;41.377
Bélgica;Todas las edades;Total;1 de octubre de 2007;""
Bélgica;Todas las edades;Total;1 de julio de 2007;40.544
Bélgica;Todas las edades;Total;1 de abril de 2007;""
Bélgica;Todas las edades;Total;1 de enero de 2007;39.873
Bélgica;Todas las edades;Total;1 de octubre de 2006;""
Bélgica;Todas las edades;Total;1 de julio de 2006;39.027
Bélgica;Todas las edades;Total;1 de abril de 2006;""
Bélgica;Todas las edades;Total;1 de enero de 2006;38.220
Bélgica;Todas las edades;Total;1 de octubre de 2005;""
Bélgica;Todas las edades;Total;1 de julio de 2005;37.152
Bélgica;Todas las edades;Total;1 de abril de 2005;""
Bélgica;Todas las edades;Total;1 de enero de 2005;36.196
Bélgica;Todas las edades;Total;1 de octubre de 2004;""
Bélgica;Todas las edades;Total;1 de julio de 2004;35.232
Bélgica;Todas las edades;Total;1 de abril de 2004;""
Bélgica;Todas las edades;Total;1 de enero de 2004;34.230
Bélgica;Todas las edades;Total;1 de octubre de 2003;""
Bélgica;Todas las edades;Total;1 de julio de 2003;33.034
Bélgica;Todas las edades;Total;1 de abril de 2003;""
Bélgica;Todas las edades;Total;1 de enero de 2003;31.902
Bélgica;Todas las edades;Total;1 de octubre de 2002;""
Bélgica;Todas las edades;Total;1 de julio de 2002;30.576
Bélgica;Todas las edades;Total;1 de abril de 2002;""
Bélgica;Todas las edades;Total;1 de enero de 2002;29.384
Bulgaria;Todas las edades;Total;1 de enero de 2025;101.578
Bulgaria;Todas las edades;Total;1 de octubre de 2024;102.674
Bulgaria;Todas las edades;Total;1 de julio de 2024;102.919
Bulgaria;Todas las edades;Total;1 de abril de 2024;103.764
Bulgaria;Todas las edades;Total;1 de enero de 2024;104.756
Bulgaria;Todas las edades;Total;1 de octubre de 2023;105.633
Bulgaria;Todas las edades;Total;1 de julio de 2023;105.554
Bulgaria;Todas las edades;Total;1 de abril de 2023;106.016
Bulgaria;Todas las edades;Total;1 de enero de 2023;106.680
Bulgaria;Todas las edades;Total;1 de octubre de 2022;107.708
Bulgaria;Todas las edades;Total;1 de julio de 2022;107.928
Bulgaria;Todas las edades;Total;1 de abril de 2022;108.342
Bulgaria;Todas las edades;Total;1 de enero de 2022;109.067
Bulgaria;Todas las edades;Total;1 de octubre de 2021;110.190
Bulgaria;Todas las edades;Total;1 de julio de 2021;110.163
Bulgaria;Todas las edades;Total;1 de abril de 2021;111.647
Bulgaria;Todas las edades;Total;1 de enero de 2021;112.982
Bulgaria;Todas las edades;Total;1 de octubre de 2020;""
Bulgaria;Todas las edades;Total;1 de julio de 2020;114.003
Bulgaria;Todas las edades;Total;1 de abril de 2020;""
Bulgaria;Todas las edades;Total;1 de enero de 2020;114.561
Bulgaria;Todas las edades;Total;1 de octubre de 2019;""
Bulgaria;Todas las edades;Total;1 de julio de 2019;114.991
Bulgaria;Todas las edades;Total;1 de abril de 2019;""
Bulgaria;Todas las edades;Total;1 de enero de 2019;115.060
Bulgaria;Todas las edades;Total;1 de octubre de 2018;""
Bulgaria;Todas las edades;Total;1 de julio de 2018;115.393
Bulgaria;Todas las edades;Total;1 de abril de 2018;""
Bulgaria;Todas las edades;Total;1 de enero de 2018;116.909
Bulgaria;Todas las edades;Total;1 de octubre de 2017;""
Bulgaria;Todas las edades;Total;1 de julio de 2017;117.649
Bulgaria;Todas las edades;Total;1 de abril de 2017;""
Bulgaria;Todas las edades;Total;1 de enero de 2017;119.433
Bulgaria;Todas las edades;Total;1 de octubre de 2016;""
Bulgaria;Todas las edades;Total;1 de julio de 2016;121.019
Bulgaria;Todas las edades;Total;1 de abril de 2016;""
Bulgaria;Todas las edades;Total;1 de enero de 2016;122.678
Bulgaria;Todas las edades;Total;1 de octubre de 2015;""
Bulgaria;Todas las edades;Total;1 de julio de 2015;124.377
Bulgaria;Todas las edades;Total;1 de abril de 2015;""
Bulgaria;Todas las edades;Total;1 de enero de 2015;126.852
Bulgaria;Todas las edades;Total;1 de octubre de 2014;""
Bulgaria;Todas las edades;Total;1 de julio de 2014;129.378
Bulgaria;Todas las edades;Total;1 de abril de 2014;""
Bulgaria;Todas las edades;Total;1 de enero de 2014;132.415
Bulgaria;Todas las edades;Total;1 de octubre de 2013;""
Bulgaria;Todas las edades;Total;1 de julio de 2013;135.693
Bulgaria;Todas las edades;Total;1 de abril de 2013;""
Bulgaria;Todas las edades;Total;1 de enero de 2013;139.890
Bulgaria;Todas las edades;Total;1 de octubre de 2012;""
Bulgaria;Todas las edades;Total;1 de julio de 2012;142.839
Bulgaria;Todas las edades;Total;1 de abril de 2012;""
Bulgaria;Todas las edades;Total;1 de enero de 2012;145.019
Bulgaria;Todas las edades;Total;1 de octubre de 2011;""
Bulgaria;Todas las edades;Total;1 de julio de 2011;143.108
Bulgaria;Todas las edades;Total;1 de abril de 2011;""
Bulgaria;Todas las edades;Total;1 de enero de 2011;142.947
Bulgaria;Todas las edades;Total;1 de octubre de 2010;""
Bulgaria;Todas las edades;Total;1 de julio de 2010;143.521
Bulgaria;Todas las edades;Total;1 de abril de 2010;""
Bulgaria;Todas las edades;Total;1 de enero de 2010;145.061
Bulgaria;Todas las edades;Total;1 de octubre de 2009;""
Bulgaria;Todas las edades;Total;1 de julio de 2009;145.978
Bulgaria;Todas las edades;Total;1 de abril de 2009;""
Bulgaria;Todas las edades;Total;1 de enero de 2009;147.577
Bulgaria;Todas las edades;Total;1 de octubre de 2008;""
Bulgaria;Todas las edades;Total;1 de julio de 2008;146.525
Bulgaria;Todas las edades;Total;1 de abril de 2008;""
Bulgaria;Todas las edades;Total;1 de enero de 2008;143.068
Bulgaria;Todas las edades;Total;1 de octubre de 2007;""
Bulgaria;Todas las edades;Total;1 de julio de 2007;131.073
Bulgaria;Todas las edades;Total;1 de abril de 2007;""
Bulgaria;Todas las edades;Total;1 de enero de 2007;117.804
Bulgaria;Todas las edades;Total;1 de octubre de 2006;""
Bulgaria;Todas las edades;Total;1 de julio de 2006;107.144
Bulgaria;Todas las edades;Total;1 de abril de 2006;""
Bulgaria;Todas las edades;Total;1 de enero de 2006;101.201
Bulgaria;Todas las edades;Total;1 de octubre de 2005;""
Bulgaria;Todas las edades;Total;1 de julio de 2005;94.446
Bulgaria;Todas las edades;Total;1 de abril de 2005;""
Bulgaria;Todas las edades;Total;1 de enero de 2005;87.197
Bulgaria;Todas las edades;Total;1 de octubre de 2004;""
Bulgaria;Todas las edades;Total;1 de julio de 2004;75.604
Bulgaria;Todas las edades;Total;1 de abril de 2004;""
Bulgaria;Todas las edades;Total;1 de enero de 2004;69.113
Bulgaria;Todas las edades;Total;1 de octubre de 2003;""
Bulgaria;Todas las edades;Total;1 de julio de 2003;60.066
Bulgaria;Todas las edades;Total;1 de abril de 2003;""
Bulgaria;Todas las edades;Total;1 de enero de 2003;52.499
Bulgaria;Todas las edades;Total;1 de octubre de 2002;""
Bulgaria;Todas las edades;Total;1 de julio de 2002;40.635
Bulgaria;Todas las edades;Total;1 de abril de 2002;""
Bulgaria;Todas las edades;Total;1 de enero de 2002;31.181
Dinamarca;Todas las edades;Total;1 de enero de 2025;9.121
Dinamarca;Todas las edades;Total;1 de octubre de 2024;9.130
Dinamarca;Todas las edades;Total;1 de julio de 2024;9.051
Dinamarca;Todas las edades;Total;1 de abril de 2024;9.056
Dinamarca;Todas las edades;Total;1 de enero de 2024;9.100
Dinamarca;Todas las edades;Total;1 de octubre de 2023;9.247
Dinamarca;Todas las edades;Total;1 de julio de 2023;9.149
Dinamarca;Todas las edades;Total;1 de abril de 2023;9.242
Dinamarca;Todas las edades;Total;1 de enero de 2023;9.267
Dinamarca;Todas las edades;Total;1 de octubre de 2022;9.305
Dinamarca;Todas las edades;Total;1 de julio de 2022;9.212
Dinamarca;Todas las edades;Total;1 de abril de 2022;9.126
Dinamarca;Todas las edades;Total;1 de enero de 2022;9.066
Dinamarca;Todas las edades;Total;1 de octubre de 2021;9.036
Dinamarca;Todas las edades;Total;1 de julio de 2021;8.888
Dinamarca;Todas las edades;Total;1 de abril de 2021;8.877
Dinamarca;Todas las edades;Total;1 de enero de 2021;8.964
Dinamarca;Todas las edades;Total;1 de octubre de 2020;""
Dinamarca;Todas las edades;Total;1 de julio de 2020;8.921
Dinamarca;Todas las edades;Total;1 de abril de 2020;""
Dinamarca;Todas las edades;Total;1 de enero de 2020;9.123
Dinamarca;Todas las edades;Total;1 de octubre de 2019;""
Dinamarca;Todas las edades;Total;1 de julio de 2019;9.193
Dinamarca;Todas las edades;Total;1 de abril de 2019;""
Dinamarca;Todas las edades;Total;1 de enero de 2019;9.258
Dinamarca;Todas las edades;Total;1 de octubre de 2018;""
Dinamarca;Todas las edades;Total;1 de julio de 2018;9.340
Dinamarca;Todas las edades;Total;1 de abril de 2018;""
Dinamarca;Todas las edades;Total;1 de enero de 2018;9.569
Dinamarca;Todas las edades;Total;1 de octubre de 2017;""
Dinamarca;Todas las edades;Total;1 de julio de 2017;9.648
Dinamarca;Todas las edades;Total;1 de abril de 2017;""
Dinamarca;Todas las edades;Total;1 de enero de 2017;9.991
Dinamarca;Todas las edades;Total;1 de octubre de 2016;""
Dinamarca;Todas las edades;Total;1 de julio de 2016;10.215
Dinamarca;Todas las edades;Total;1 de abril de 2016;""
Dinamarca;Todas las edades;Total;1 de enero de 2016;10.371
Dinamarca;Todas las edades;Total;1 de octubre de 2015;""
Dinamarca;Todas las edades;Total;1 de julio de 2015;10.506
Dinamarca;Todas las edades;Total;1 de abril de 2015;""
Dinamarca;Todas las edades;Total;1 de enero de 2015;10.660
Dinamarca;Todas las edades;Total;1 de octubre de 2014;""
Dinamarca;Todas las edades;Total;1 de julio de 2014;10.723
Dinamarca;Todas las edades;Total;1 de abril de 2014;""
Dinamarca;Todas las edades;Total;1 de enero de 2014;10.960
Dinamarca;Todas las edades;Total;1 de octubre de 2013;""
Dinamarca;Todas las edades;Total;1 de julio de 2013;11.076
Dinamarca;Todas las edades;Total;1 de abril de 2013;""
Dinamarca;Todas las edades;Total;1 de enero de 2013;11.286
Dinamarca;Todas las edades;Total;1 de octubre de 2012;""
Dinamarca;Todas las edades;Total;1 de julio de 2012;11.351
Dinamarca;Todas las edades;Total;1 de abril de 2012;""
Dinamarca;Todas las edades;Total;1 de enero de 2012;11.315
Dinamarca;Todas las edades;Total;1 de octubre de 2011;""
Dinamarca;Todas las edades;Total;1 de julio de 2011;11.190
Dinamarca;Todas las edades;Total;1 de abril de 2011;""
Dinamarca;Todas las edades;Total;1 de enero de 2011;11.161
Dinamarca;Todas las edades;Total;1 de octubre de 2010;""
Dinamarca;Todas las edades;Total;1 de julio de 2010;11.167
Dinamarca;Todas las edades;Total;1 de abril de 2010;""
Dinamarca;Todas las edades;Total;1 de enero de 2010;11.171
Dinamarca;Todas las edades;Total;1 de octubre de 2009;""
Dinamarca;Todas las edades;Total;1 de julio de 2009;11.130
Dinamarca;Todas las edades;Total;1 de abril de 2009;""
Dinamarca;Todas las edades;Total;1 de enero de 2009;11.159
Dinamarca;Todas las edades;Total;1 de octubre de 2008;""
Dinamarca;Todas las edades;Total;1 de julio de 2008;11.014
Dinamarca;Todas las edades;Total;1 de abril de 2008;""
Dinamarca;Todas las edades;Total;1 de enero de 2008;10.898
Dinamarca;Todas las edades;Total;1 de octubre de 2007;""
Dinamarca;Todas las edades;Total;1 de julio de 2007;10.426
Dinamarca;Todas las edades;Total;1 de abril de 2007;""
Dinamarca;Todas las edades;Total;1 de enero de 2007;10.053
Dinamarca;Todas las edades;Total;1 de octubre de 2006;""
Dinamarca;Todas las edades;Total;1 de julio de 2006;9.665
Dinamarca;Todas las edades;Total;1 de abril de 2006;""
Dinamarca;Todas las edades;Total;1 de enero de 2006;9.271
Dinamarca;Todas las edades;Total;1 de octubre de 2005;""
Dinamarca;Todas las edades;Total;1 de julio de 2005;8.945
Dinamarca;Todas las edades;Total;1 de abril de 2005;""
Dinamarca;Todas las edades;Total;1 de enero de 2005;8.506
Dinamarca;Todas las edades;Total;1 de octubre de 2004;""
Dinamarca;Todas las edades;Total;1 de julio de 2004;8.107
Dinamarca;Todas las edades;Total;1 de abril de 2004;""
Dinamarca;Todas las edades;Total;1 de enero de 2004;7.703
Dinamarca;Todas las edades;Total;1 de octubre de 2003;""
Dinamarca;Todas las edades;Total;1 de julio de 2003;7.354
Dinamarca;Todas las edades;Total;1 de abril de 2003;""
Dinamarca;Todas las edades;Total;1 de enero de 2003;6.966
Dinamarca;Todas las edades;Total;1 de octubre de 2002;""
Dinamarca;Todas las edades;Total;1 de julio de 2002;6.577
Dinamarca;Todas las edades;Total;1 de abril de 2002;""
Dinamarca;Todas las edades;Total;1 de enero de 2002;6.223
Finlandia;Todas las edades;Total;1 de enero de 2025;11.684
Finlandia;Todas las edades;Total;1 de octubre de 2024;11.786
Finlandia;Todas las edades;Total;1 de julio de 2024;11.718
Finlandia;Todas las edades;Total;1 de abril de 2024;11.810
Finlandia;Todas las edades;Total;1 de enero de 2024;11.940
Finlandia;Todas las edades;Total;1 de octubre de 2023;12.034
Finlandia;Todas las edades;Total;1 de julio de 2023;11.939
Finlandia;Todas las edades;Total;1 de abril de 2023;12.039
Finlandia;Todas las edades;Total;1 de enero de 2023;12.029
Finlandia;Todas las edades;Total;1 de octubre de 2022;11.917
Finlandia;Todas las edades;Total;1 de julio de 2022;11.752
Finlandia;Todas las edades;Total;1 de abril de 2022;11.678
Finlandia;Todas las edades;Total;1 de enero de 2022;11.560
Finlandia;Todas las edades;Total;1 de octubre de 2021;11.424
Finlandia;Todas las edades;Total;1 de julio de 2021;11.293
Finlandia;Todas las edades;Total;1 de abril de 2021;11.320
Finlandia;Todas las edades;Total;1 de enero de 2021;11.343
Finlandia;Todas las edades;Total;1 de octubre de 2020;""
Finlandia;Todas las edades;Total;1 de julio de 2020;11.236
Finlandia;Todas las edades;Total;1 de abril de 2020;""
Finlandia;Todas las edades;Total;1 de enero de 2020;11.475
Finlandia;Todas las edades;Total;1 de octubre de 2019;""
Finlandia;Todas las edades;Total;1 de julio de 2019;11.575
Finlandia;Todas las edades;Total;1 de abril de 2019;""
Finlandia;Todas las edades;Total;1 de enero de 2019;11.583
Finlandia;Todas las edades;Total;1 de octubre de 2018;""
Finlandia;Todas las edades;Total;1 de julio de 2018;11.627
Finlandia;Todas las edades;Total;1 de abril de 2018;""
Finlandia;Todas las edades;Total;1 de enero de 2018;11.619
Finlandia;Todas las edades;Total;1 de octubre de 2017;""
Finlandia;Todas las edades;Total;1 de julio de 2017;11.520
Finlandia;Todas las edades;Total;1 de abril de 2017;""
Finlandia;Todas las edades;Total;1 de enero de 2017;11.620
Finlandia;Todas las edades;Total;1 de octubre de 2016;""
Finlandia;Todas las edades;Total;1 de julio de 2016;11.726
Finlandia;Todas las edades;Total;1 de abril de 2016;""
Finlandia;Todas las edades;Total;1 de enero de 2016;11.860
Finlandia;Todas las edades;Total;1 de octubre de 2015;""
Finlandia;Todas las edades;Total;1 de julio de 2015;11.777
Finlandia;Todas las edades;Total;1 de abril de 2015;""
Finlandia;Todas las edades;Total;1 de enero de 2015;11.747
Finlandia;Todas las edades;Total;1 de octubre de 2014;""
Finlandia;Todas las edades;Total;1 de julio de 2014;11.591
Finlandia;Todas las edades;Total;1 de abril de 2014;""
Finlandia;Todas las edades;Total;1 de enero de 2014;11.574
Finlandia;Todas las edades;Total;1 de octubre de 2013;""
Finlandia;Todas las edades;Total;1 de julio de 2013;11.542
Finlandia;Todas las edades;Total;1 de abril de 2013;""
Finlandia;Todas las edades;Total;1 de enero de 2013;11.513
Finlandia;Todas las edades;Total;1 de octubre de 2012;""
Finlandia;Todas las edades;Total;1 de julio de 2012;11.271
Finlandia;Todas las edades;Total;1 de abril de 2012;""
Finlandia;Todas las edades;Total;1 de enero de 2012;11.240
Finlandia;Todas las edades;Total;1 de octubre de 2011;""
Finlandia;Todas las edades;Total;1 de julio de 2011;10.915
Finlandia;Todas las edades;Total;1 de abril de 2011;""
Finlandia;Todas las edades;Total;1 de enero de 2011;10.752
Finlandia;Todas las edades;Total;1 de octubre de 2010;""
Finlandia;Todas las edades;Total;1 de julio de 2010;10.546
Finlandia;Todas las edades;Total;1 de abril de 2010;""
Finlandia;Todas las edades;Total;1 de enero de 2010;10.377
Finlandia;Todas las edades;Total;1 de octubre de 2009;""
Finlandia;Todas las edades;Total;1 de julio de 2009;10.294
Finlandia;Todas las edades;Total;1 de abril de 2009;""
Finlandia;Todas las edades;Total;1 de enero de 2009;10.256
Finlandia;Todas las edades;Total;1 de octubre de 2008;""
Finlandia;Todas las edades;Total;1 de julio de 2008;10.146
Finlandia;Todas las edades;Total;1 de abril de 2008;""
Finlandia;Todas las edades;Total;1 de enero de 2008;9.964
Finlandia;Todas las edades;Total;1 de octubre de 2007;""
Finlandia;Todas las edades;Total;1 de julio de 2007;9.546
Finlandia;Todas las edades;Total;1 de abril de 2007;""
Finlandia;Todas las edades;Total;1 de enero de 2007;9.254
Finlandia;Todas las edades;Total;1 de octubre de 2006;""
Finlandia;Todas las edades;Total;1 de julio de 2006;8.988
Finlandia;Todas las edades;Total;1 de abril de 2006;""
Finlandia;Todas las edades;Total;1 de enero de 2006;8.775
Finlandia;Todas las edades;Total;1 de octubre de 2005;""
Finlandia;Todas las edades;Total;1 de julio de 2005;8.439
Finlandia;Todas las edades;Total;1 de abril de 2005;""
Finlandia;Todas las edades;Total;1 de enero de 2005;8.141
Finlandia;Todas las edades;Total;1 de octubre de 2004;""
Finlandia;Todas las edades;Total;1 de julio de 2004;7.825
Finlandia;Todas las edades;Total;1 de abril de 2004;""
Finlandia;Todas las edades;Total;1 de enero de 2004;7.480
Finlandia;Todas las edades;Total;1 de octubre de 2003;""
Finlandia;Todas las edades;Total;1 de julio de 2003;7.094
Finlandia;Todas las edades;Total;1 de abril de 2003;""
Finlandia;Todas las edades;Total;1 de enero de 2003;6.760
Finlandia;Todas las edades;Total;1 de octubre de 2002;""
Finlandia;Todas las edades;Total;1 de julio de 2002;6.376
Finlandia;Todas las edades;Total;1 de abril de 2002;""
Finlandia;Todas las edades;Total;1 de enero de 2002;5.972
Francia;Todas las edades;Total;1 de enero de 2025;219.791
Francia;Todas las edades;Total;1 de octubre de 2024;219.428
Francia;Todas las edades;Total;1 de julio de 2024;217.675
Francia;Todas las edades;Total;1 de abril de 2024;217.389
Francia;Todas las edades;Total;1 de enero de 2024;217.247
Francia;Todas las edades;Total;1 de octubre de 2023;217.129
Francia;Todas las edades;Total;1 de julio de 2023;215.816
Francia;Todas las edades;Total;1 de abril de 2023;215.356
Francia;Todas las edades;Total;1 de enero de 2023;215.283
Francia;Todas las edades;Total;1 de octubre de 2022;215.427
Francia;Todas las edades;Total;1 de julio de 2022;213.912
Francia;Todas las edades;Total;1 de abril de 2022;212.857
Francia;Todas las edades;Total;1 de enero de 2022;212.183
Francia;Todas las edades;Total;1 de octubre de 2021;211.792
Francia;Todas las edades;Total;1 de julio de 2021;209.707
Francia;Todas las edades;Total;1 de abril de 2021;209.561
Francia;Todas las edades;Total;1 de enero de 2021;209.463
Francia;Todas las edades;Total;1 de octubre de 2020;""
Francia;Todas las edades;Total;1 de julio de 2020;206.840
Francia;Todas las edades;Total;1 de abril de 2020;""
Francia;Todas las edades;Total;1 de enero de 2020;206.863
Francia;Todas las edades;Total;1 de octubre de 2019;""
Francia;Todas las edades;Total;1 de julio de 2019;205.230
Francia;Todas las edades;Total;1 de abril de 2019;""
Francia;Todas las edades;Total;1 de enero de 2019;203.637
Francia;Todas las edades;Total;1 de octubre de 2018;""
Francia;Todas las edades;Total;1 de julio de 2018;201.524
Francia;Todas las edades;Total;1 de abril de 2018;""
Francia;Todas las edades;Total;1 de enero de 2018;200.834
Francia;Todas las edades;Total;1 de octubre de 2017;""
Francia;Todas las edades;Total;1 de julio de 2017;198.792
Francia;Todas las edades;Total;1 de abril de 2017;""
Francia;Todas las edades;Total;1 de enero de 2017;199.141
Francia;Todas las edades;Total;1 de octubre de 2016;""
Francia;Todas las edades;Total;1 de julio de 2016;198.745
Francia;Todas las edades;Total;1 de abril de 2016;""
Francia;Todas las edades;Total;1 de enero de 2016;199.064
Francia;Todas las edades;Total;1 de octubre de 2015;""
Francia;Todas las edades;Total;1 de julio de 2015;198.564
Francia;Todas las edades;Total;1 de abril de 2015;""
Francia;Todas las edades;Total;1 de enero de 2015;199.481
Francia;Todas las edades;Total;1 de octubre de 2014;""
Francia;Todas las edades;Total;1 de julio de 2014;200.388
Francia;Todas las edades;Total;1 de abril de 2014;""
Francia;Todas las edades;Total;1 de enero de 2014;202.645
Francia;Todas las edades;Total;1 de octubre de 2013;""
Francia;Todas las edades;Total;1 de julio de 2013;204.245
Francia;Todas las edades;Total;1 de abril de 2013;""
Francia;Todas las edades;Total;1 de enero de 2013;206.787
Francia;Todas las edades;Total;1 de octubre de 2012;""
Francia;Todas las edades;Total;1 de julio de 2012;207.559
Francia;Todas las edades;Total;1 de abril de 2012;""
Francia;Todas las edades;Total;1 de enero de 2012;209.224
Francia;Todas las edades;Total;1 de octubre de 2011;""
Francia;Todas las edades;Total;1 de julio de 2011;208.122
Francia;Todas las edades;Total;1 de abril de 2011;""
Francia;Todas las edades;Total;1 de enero de 2011;208.312
Francia;Todas las edades;Total;1 de octubre de 2010;""
Francia;Todas las edades;Total;1 de julio de 2010;208.963
Francia;Todas las edades;Total;1 de abril de 2010;""
Francia;Todas las edades;Total;1 de enero de 2010;210.048
Francia;Todas las edades;Total;1 de octubre de 2009;""
Francia;Todas las edades;Total;1 de julio de 2009;210.104
Francia;Todas las edades;Total;1 de abril de 2009;""
Francia;Todas las edades;Total;1 de enero de 2009;210.602
Francia;Todas las edades;Total;1 de octubre de 2008;""
Francia;Todas las edades;Total;1 de julio de 2008;209.131
Francia;Todas las edades;Total;1 de abril de 2008;""
Francia;Todas las edades;Total;1 de enero de 2008;207.640
Francia;Todas las edades;Total;1 de octubre de 2007;""
Francia;Todas las edades;Total;1 de julio de 2007;203.733
Francia;Todas las edades;Total;1 de abril de 2007;""
Francia;Todas las edades;Total;1 de enero de 2007;200.074
Francia;Todas las edades;Total;1 de octubre de 2006;""
Francia;Todas las edades;Total;1 de julio de 2006;195.529
Francia;Todas las edades;Total;1 de abril de 2006;""
Francia;Todas las edades;Total;1 de enero de 2006;191.566
Francia;Todas las edades;Total;1 de octubre de 2005;""
Francia;Todas las edades;Total;1 de julio de 2005;187.000
Francia;Todas las edades;Total;1 de abril de 2005;""
Francia;Todas las edades;Total;1 de enero de 2005;182.909
Francia;Todas las edades;Total;1 de octubre de 2004;""
Francia;Todas las edades;Total;1 de julio de 2004;178.586
Francia;Todas las edades;Total;1 de abril de 2004;""
Francia;Todas las edades;Total;1 de enero de 2004;174.860
Francia;Todas las edades;Total;1 de octubre de 2003;""
Francia;Todas las edades;Total;1 de julio de 2003;171.031
Francia;Todas las edades;Total;1 de abril de 2003;""
Francia;Todas las edades;Total;1 de enero de 2003;167.605
Francia;Todas las edades;Total;1 de octubre de 2002;""
Francia;Todas las edades;Total;1 de julio de 2002;163.588
Francia;Todas las edades;Total;1 de abril de 2002;""
Francia;Todas las edades;Total;1 de enero de 2002;160.275
Irlanda;Todas las edades;Total;1 de enero de 2025;20.959
Irlanda;Todas las edades;Total;1 de octubre de 2024;20.664
Irlanda;Todas las edades;Total;1 de julio de 2024;20.188
Irlanda;Todas las edades;Total;1 de abril de 2024;19.952
Irlanda;Todas las edades;Total;1 de enero de 2024;19.642
Irlanda;Todas las edades;Total;1 de octubre de 2023;19.539
Irlanda;Todas las edades;Total;1 de julio de 2023;19.253
Irlanda;Todas las edades;Total;1 de abril de 2023;19.207
Irlanda;Todas las edades;Total;1 de enero de 2023;18.913
Irlanda;Todas las edades;Total;1 de octubre de 2022;18.659
Irlanda;Todas las edades;Total;1 de julio de 2022;18.305
Irlanda;Todas las edades;Total;1 de abril de 2022;17.943
Irlanda;Todas las edades;Total;1 de enero de 2022;17.564
Irlanda;Todas las edades;Total;1 de octubre de 2021;17.056
Irlanda;Todas las edades;Total;1 de julio de 2021;16.463
Irlanda;Todas las edades;Total;1 de abril de 2021;15.957
Irlanda;Todas las edades;Total;1 de enero de 2021;15.554
Irlanda;Todas las edades;Total;1 de octubre de 2020;""
Irlanda;Todas las edades;Total;1 de julio de 2020;15.079
Irlanda;Todas las edades;Total;1 de abril de 2020;""
Irlanda;Todas las edades;Total;1 de enero de 2020;15.011
Irlanda;Todas las edades;Total;1 de octubre de 2019;""
Irlanda;Todas las edades;Total;1 de julio de 2019;14.616
Irlanda;Todas las edades;Total;1 de abril de 2019;""
Irlanda;Todas las edades;Total;1 de enero de 2019;14.259
Irlanda;Todas las edades;Total;1 de octubre de 2018;""
Irlanda;Todas las edades;Total;1 de julio de 2018;13.781
Irlanda;Todas las edades;Total;1 de abril de 2018;""
Irlanda;Todas las edades;Total;1 de enero de 2018;13.980
Irlanda;Todas las edades;Total;1 de octubre de 2017;""
Irlanda;Todas las edades;Total;1 de julio de 2017;13.695
Irlanda;Todas las edades;Total;1 de abril de 2017;""
Irlanda;Todas las edades;Total;1 de enero de 2017;13.893
Irlanda;Todas las edades;Total;1 de octubre de 2016;""
Irlanda;Todas las edades;Total;1 de julio de 2016;13.947
Irlanda;Todas las edades;Total;1 de abril de 2016;""
Irlanda;Todas las edades;Total;1 de enero de 2016;14.071
Irlanda;Todas las edades;Total;1 de octubre de 2015;""
Irlanda;Todas las edades;Total;1 de julio de 2015;14.017
Irlanda;Todas las edades;Total;1 de abril de 2015;""
Irlanda;Todas las edades;Total;1 de enero de 2015;14.163
Irlanda;Todas las edades;Total;1 de octubre de 2014;""
Irlanda;Todas las edades;Total;1 de julio de 2014;14.175
Irlanda;Todas las edades;Total;1 de abril de 2014;""
Irlanda;Todas las edades;Total;1 de enero de 2014;14.432
Irlanda;Todas las edades;Total;1 de octubre de 2013;""
Irlanda;Todas las edades;Total;1 de julio de 2013;14.370
Irlanda;Todas las edades;Total;1 de abril de 2013;""
Irlanda;Todas las edades;Total;1 de enero de 2013;14.294
Irlanda;Todas las edades;Total;1 de octubre de 2012;""
Irlanda;Todas las edades;Total;1 de julio de 2012;14.051
Irlanda;Todas las edades;Total;1 de abril de 2012;""
Irlanda;Todas las edades;Total;1 de enero de 2012;13.970
Irlanda;Todas las edades;Total;1 de octubre de 2011;""
Irlanda;Todas las edades;Total;1 de julio de 2011;13.640
Irlanda;Todas las edades;Total;1 de abril de 2011;""
Irlanda;Todas las edades;Total;1 de enero de 2011;13.540
Irlanda;Todas las edades;Total;1 de octubre de 2010;""
Irlanda;Todas las edades;Total;1 de julio de 2010;13.508
Irlanda;Todas las edades;Total;1 de abril de 2010;""
Irlanda;Todas las edades;Total;1 de enero de 2010;13.454
Irlanda;Todas las edades;Total;1 de octubre de 2009;""
Irlanda;Todas las edades;Total;1 de julio de 2009;13.295
Irlanda;Todas las edades;Total;1 de abril de 2009;""
Irlanda;Todas las edades;Total;1 de enero de 2009;13.116
Irlanda;Todas las edades;Total;1 de octubre de 2008;""
Irlanda;Todas las edades;Total;1 de julio de 2008;12.930
Irlanda;Todas las edades;Total;1 de abril de 2008;""
Irlanda;Todas las edades;Total;1 de enero de 2008;12.687
Irlanda;Todas las edades;Total;1 de octubre de 2007;""
Irlanda;Todas las edades;Total;1 de julio de 2007;12.105
Irlanda;Todas las edades;Total;1 de abril de 2007;""
Irlanda;Todas las edades;Total;1 de enero de 2007;11.489
Irlanda;Todas las edades;Total;1 de octubre de 2006;""
Irlanda;Todas las edades;Total;1 de julio de 2006;10.896
Irlanda;Todas las edades;Total;1 de abril de 2006;""
Irlanda;Todas las edades;Total;1 de enero de 2006;10.260
Irlanda;Todas las edades;Total;1 de octubre de 2005;""
Irlanda;Todas las edades;Total;1 de julio de 2005;9.661
Irlanda;Todas las edades;Total;1 de abril de 2005;""
Irlanda;Todas las edades;Total;1 de enero de 2005;8.935
Irlanda;Todas las edades;Total;1 de octubre de 2004;""
Irlanda;Todas las edades;Total;1 de julio de 2004;8.241
Irlanda;Todas las edades;Total;1 de abril de 2004;""
Irlanda;Todas las edades;Total;1 de enero de 2004;7.480
Irlanda;Todas las edades;Total;1 de octubre de 2003;""
Irlanda;Todas las edades;Total;1 de julio de 2003;6.718
Irlanda;Todas las edades;Total;1 de abril de 2003;""
Irlanda;Todas las edades;Total;1 de enero de 2003;6.057
Irlanda;Todas las edades;Total;1 de octubre de 2002;""
Irlanda;Todas las edades;Total;1 de julio de 2002;5.374
Irlanda;Todas las edades;Total;1 de abril de 2002;""
Irlanda;Todas las edades;Total;1 de enero de 2002;4.845
Italia;Todas las edades;Total;1 de enero de 2025;164.380
Italia;Todas las edades;Total;1 de octubre de 2024;163.893
Italia;Todas las edades;Total;1 de julio de 2024;161.959
Italia;Todas las edades;Total;1 de abril de 2024;160.802
Italia;Todas las edades;Total;1 de enero de 2024;160.201
Italia;Todas las edades;Total;1 de octubre de 2023;159.432
Italia;Todas las edades;Total;1 de julio de 2023;157.559
Italia;Todas las edades;Total;1 de abril de 2023;156.025
Italia;Todas las edades;Total;1 de enero de 2023;154.749
Italia;Todas las edades;Total;1 de octubre de 2022;153.142
Italia;Todas las edades;Total;1 de julio de 2022;150.666
Italia;Todas las edades;Total;1 de abril de 2022;147.903
Italia;Todas las edades;Total;1 de enero de 2022;145.839
Italia;Todas las edades;Total;1 de octubre de 2021;145.096
Italia;Todas las edades;Total;1 de julio de 2021;143.659
Italia;Todas las edades;Total;1 de abril de 2021;143.670
Italia;Todas las edades;Total;1 de enero de 2021;143.928
Italia;Todas las edades;Total;1 de octubre de 2020;""
Italia;Todas las edades;Total;1 de julio de 2020;142.649
Italia;Todas las edades;Total;1 de abril de 2020;""
Italia;Todas las edades;Total;1 de enero de 2020;141.210
Italia;Todas las edades;Total;1 de octubre de 2019;""
Italia;Todas las edades;Total;1 de julio de 2019;137.455
Italia;Todas las edades;Total;1 de abril de 2019;""
Italia;Todas las edades;Total;1 de enero de 2019;132.571
Italia;Todas las edades;Total;1 de octubre de 2018;""
Italia;Todas las edades;Total;1 de julio de 2018;127.151
Italia;Todas las edades;Total;1 de abril de 2018;""
Italia;Todas las edades;Total;1 de enero de 2018;123.051
Italia;Todas las edades;Total;1 de octubre de 2017;""
Italia;Todas las edades;Total;1 de julio de 2017;117.042
Italia;Todas las edades;Total;1 de abril de 2017;""
Italia;Todas las edades;Total;1 de enero de 2017;113.041
Italia;Todas las edades;Total;1 de octubre de 2016;""
Italia;Todas las edades;Total;1 de julio de 2016;109.172
Italia;Todas las edades;Total;1 de abril de 2016;""
Italia;Todas las edades;Total;1 de enero de 2016;105.746
Italia;Todas las edades;Total;1 de octubre de 2015;""
Italia;Todas las edades;Total;1 de julio de 2015;102.343
Italia;Todas las edades;Total;1 de abril de 2015;""
Italia;Todas las edades;Total;1 de enero de 2015;99.885
Italia;Todas las edades;Total;1 de octubre de 2014;""
Italia;Todas las edades;Total;1 de julio de 2014;98.270
Italia;Todas las edades;Total;1 de abril de 2014;""
Italia;Todas las edades;Total;1 de enero de 2014;97.907
Italia;Todas las edades;Total;1 de octubre de 2013;""
Italia;Todas las edades;Total;1 de julio de 2013;97.124
Italia;Todas las edades;Total;1 de abril de 2013;""
Italia;Todas las edades;Total;1 de enero de 2013;97.128
Italia;Todas las edades;Total;1 de octubre de 2012;""
Italia;Todas las edades;Total;1 de julio de 2012;95.831
Italia;Todas las edades;Total;1 de abril de 2012;""
Italia;Todas las edades;Total;1 de enero de 2012;94.782
Italia;Todas las edades;Total;1 de octubre de 2011;""
Italia;Todas las edades;Total;1 de julio de 2011;91.873
Italia;Todas las edades;Total;1 de abril de 2011;""
Italia;Todas las edades;Total;1 de enero de 2011;89.935
Italia;Todas las edades;Total;1 de octubre de 2010;""
Italia;Todas las edades;Total;1 de julio de 2010;88.606
Italia;Todas las edades;Total;1 de abril de 2010;""
Italia;Todas las edades;Total;1 de enero de 2010;87.331
Italia;Todas las edades;Total;1 de octubre de 2009;""
Italia;Todas las edades;Total;1 de julio de 2009;85.632
Italia;Todas las edades;Total;1 de abril de 2009;""
Italia;Todas las edades;Total;1 de enero de 2009;84.091
Italia;Todas las edades;Total;1 de octubre de 2008;""
Italia;Todas las edades;Total;1 de julio de 2008;81.027
Italia;Todas las edades;Total;1 de abril de 2008;""
Italia;Todas las edades;Total;1 de enero de 2008;77.480
Italia;Todas las edades;Total;1 de octubre de 2007;""
Italia;Todas las edades;Total;1 de julio de 2007;72.683
Italia;Todas las edades;Total;1 de abril de 2007;""
Italia;Todas las edades;Total;1 de enero de 2007;67.517
Italia;Todas las edades;Total;1 de octubre de 2006;""
Italia;Todas las edades;Total;1 de julio de 2006;62.908
Italia;Todas las edades;Total;1 de abril de 2006;""
Italia;Todas las edades;Total;1 de enero de 2006;58.461
Italia;Todas las edades;Total;1 de octubre de 2005;""
Italia;Todas las edades;Total;1 de julio de 2005;54.157
Italia;Todas las edades;Total;1 de abril de 2005;""
Italia;Todas las edades;Total;1 de enero de 2005;50.081
Italia;Todas las edades;Total;1 de octubre de 2004;""
Italia;Todas las edades;Total;1 de julio de 2004;46.438
Italia;Todas las edades;Total;1 de abril de 2004;""
Italia;Todas las edades;Total;1 de enero de 2004;42.798
Italia;Todas las edades;Total;1 de octubre de 2003;""
Italia;Todas las edades;Total;1 de julio de 2003;39.275
Italia;Todas las edades;Total;1 de abril de 2003;""
Italia;Todas las edades;Total;1 de enero de 2003;35.632
Italia;Todas las edades;Total;1 de octubre de 2002;""
Italia;Todas las edades;Total;1 de julio de 2002;32.118
Italia;Todas las edades;Total;1 de abril de 2002;""
Italia;Todas las edades;Total;1 de enero de 2002;28.680
Países Bajos;Todas las edades;Total;1 de enero de 2025;62.007
Países Bajos;Todas las edades;Total;1 de octubre de 2024;60.905
Países Bajos;Todas las edades;Total;1 de julio de 2024;59.288
Países Bajos;Todas las edades;Total;1 de abril de 2024;58.378
Países Bajos;Todas las edades;Total;1 de enero de 2024;57.711
Países Bajos;Todas las edades;Total;1 de octubre de 2023;57.295
Países Bajos;Todas las edades;Total;1 de julio de 2023;56.324
Países Bajos;Todas las edades;Total;1 de abril de 2023;55.995
Países Bajos;Todas las edades;Total;1 de enero de 2023;55.312
Países Bajos;Todas las edades;Total;1 de octubre de 2022;54.537
Países Bajos;Todas las edades;Total;1 de julio de 2022;53.372
Países Bajos;Todas las edades;Total;1 de abril de 2022;52.395
Países Bajos;Todas las edades;Total;1 de enero de 2022;51.538
Países Bajos;Todas las edades;Total;1 de octubre de 2021;50.511
Países Bajos;Todas las edades;Total;1 de julio de 2021;49.438
Países Bajos;Todas las edades;Total;1 de abril de 2021;48.549
Países Bajos;Todas las edades;Total;1 de enero de 2021;47.978
Países Bajos;Todas las edades;Total;1 de octubre de 2020;""
Países Bajos;Todas las edades;Total;1 de julio de 2020;47.189
Países Bajos;Todas las edades;Total;1 de abril de 2020;""
Países Bajos;Todas las edades;Total;1 de enero de 2020;47.066
Países Bajos;Todas las edades;Total;1 de octubre de 2019;""
Países Bajos;Todas las edades;Total;1 de julio de 2019;46.585
Países Bajos;Todas las edades;Total;1 de abril de 2019;""
Países Bajos;Todas las edades;Total;1 de enero de 2019;45.968
Países Bajos;Todas las edades;Total;1 de octubre de 2018;""
Países Bajos;Todas las edades;Total;1 de julio de 2018;45.135
Países Bajos;Todas las edades;Total;1 de abril de 2018;""
Países Bajos;Todas las edades;Total;1 de enero de 2018;44.814
Países Bajos;Todas las edades;Total;1 de octubre de 2017;""
Países Bajos;Todas las edades;Total;1 de julio de 2017;44.418
Países Bajos;Todas las edades;Total;1 de abril de 2017;""
Países Bajos;Todas las edades;Total;1 de enero de 2017;44.483
Países Bajos;Todas las edades;Total;1 de octubre de 2016;""
Países Bajos;Todas las edades;Total;1 de julio de 2016;44.403
Países Bajos;Todas las edades;Total;1 de abril de 2016;""
Países Bajos;Todas las edades;Total;1 de enero de 2016;44.496
Países Bajos;Todas las edades;Total;1 de octubre de 2015;""
Países Bajos;Todas las edades;Total;1 de julio de 2015;44.504
Países Bajos;Todas las edades;Total;1 de abril de 2015;""
Países Bajos;Todas las edades;Total;1 de enero de 2015;44.891
Países Bajos;Todas las edades;Total;1 de octubre de 2014;""
Países Bajos;Todas las edades;Total;1 de julio de 2014;45.382
Países Bajos;Todas las edades;Total;1 de abril de 2014;""
Países Bajos;Todas las edades;Total;1 de enero de 2014;45.857
Países Bajos;Todas las edades;Total;1 de octubre de 2013;""
Países Bajos;Todas las edades;Total;1 de julio de 2013;46.419
Países Bajos;Todas las edades;Total;1 de abril de 2013;""
Países Bajos;Todas las edades;Total;1 de enero de 2013;46.933
Países Bajos;Todas las edades;Total;1 de octubre de 2012;""
Países Bajos;Todas las edades;Total;1 de julio de 2012;46.753
Países Bajos;Todas las edades;Total;1 de abril de 2012;""
Países Bajos;Todas las edades;Total;1 de enero de 2012;47.134
Países Bajos;Todas las edades;Total;1 de octubre de 2011;""
Países Bajos;Todas las edades;Total;1 de julio de 2011;46.858
Países Bajos;Todas las edades;Total;1 de abril de 2011;""
Países Bajos;Todas las edades;Total;1 de enero de 2011;46.623
Países Bajos;Todas las edades;Total;1 de octubre de 2010;""
Países Bajos;Todas las edades;Total;1 de julio de 2010;46.657
Países Bajos;Todas las edades;Total;1 de abril de 2010;""
Países Bajos;Todas las edades;Total;1 de enero de 2010;46.634
Países Bajos;Todas las edades;Total;1 de octubre de 2009;""
Países Bajos;Todas las edades;Total;1 de julio de 2009;46.557
Países Bajos;Todas las edades;Total;1 de abril de 2009;""
Países Bajos;Todas las edades;Total;1 de enero de 2009;46.451
Países Bajos;Todas las edades;Total;1 de octubre de 2008;""
Países Bajos;Todas las edades;Total;1 de julio de 2008;45.864
Países Bajos;Todas las edades;Total;1 de abril de 2008;""
Países Bajos;Todas las edades;Total;1 de enero de 2008;45.068
Países Bajos;Todas las edades;Total;1 de octubre de 2007;""
Países Bajos;Todas las edades;Total;1 de julio de 2007;43.685
Países Bajos;Todas las edades;Total;1 de abril de 2007;""
Países Bajos;Todas las edades;Total;1 de enero de 2007;42.067
Países Bajos;Todas las edades;Total;1 de octubre de 2006;""
Países Bajos;Todas las edades;Total;1 de julio de 2006;40.247
Países Bajos;Todas las edades;Total;1 de abril de 2006;""
Países Bajos;Todas las edades;Total;1 de enero de 2006;38.428
Países Bajos;Todas las edades;Total;1 de octubre de 2005;""
Países Bajos;Todas las edades;Total;1 de julio de 2005;36.541
Países Bajos;Todas las edades;Total;1 de abril de 2005;""
Países Bajos;Todas las edades;Total;1 de enero de 2005;34.405
Países Bajos;Todas las edades;Total;1 de octubre de 2004;""
Países Bajos;Todas las edades;Total;1 de julio de 2004;32.694
Países Bajos;Todas las edades;Total;1 de abril de 2004;""
Países Bajos;Todas las edades;Total;1 de enero de 2004;30.953
Países Bajos;Todas las edades;Total;1 de octubre de 2003;""
Países Bajos;Todas las edades;Total;1 de julio de 2003;29.371
Países Bajos;Todas las edades;Total;1 de abril de 2003;""
Países Bajos;Todas las edades;Total;1 de enero de 2003;27.558
Países Bajos;Todas las edades;Total;1 de octubre de 2002;""
Países Bajos;Todas las edades;Total;1 de julio de 2002;25.981
Países Bajos;Todas las edades;Total;1 de abril de 2002;""
Países Bajos;Todas las edades;Total;1 de enero de 2002;24.465
Polonia;Todas las edades;Total;1 de enero de 2025;56.656
Polonia;Todas las edades;Total;1 de octubre de 2024;56.510
Polonia;Todas las edades;Total;1 de julio de 2024;55.679
Polonia;Todas las edades;Total;1 de abril de 2024;55.237
Polonia;Todas las edades;Total;1 de enero de 2024;54.832
Polonia;Todas las edades;Total;1 de octubre de 2023;54.287
Polonia;Todas las edades;Total;1 de julio de 2023;53.357
Polonia;Todas las edades;Total;1 de abril de 2023;52.872
Polonia;Todas las edades;Total;1 de enero de 2023;52.289
Polonia;Todas las edades;Total;1 de octubre de 2022;51.916
Polonia;Todas las edades;Total;1 de julio de 2022;51.190
Polonia;Todas las edades;Total;1 de abril de 2022;50.542
Polonia;Todas las edades;Total;1 de enero de 2022;50.186
Polonia;Todas las edades;Total;1 de octubre de 2021;50.170
Polonia;Todas las edades;Total;1 de julio de 2021;49.628
Polonia;Todas las edades;Total;1 de abril de 2021;49.858
Polonia;Todas las edades;Total;1 de enero de 2021;50.047
Polonia;Todas las edades;Total;1 de octubre de 2020;""
Polonia;Todas las edades;Total;1 de julio de 2020;50.350
Polonia;Todas las edades;Total;1 de abril de 2020;""
Polonia;Todas las edades;Total;1 de enero de 2020;50.877
Polonia;Todas las edades;Total;1 de octubre de 2019;""
Polonia;Todas las edades;Total;1 de julio de 2019;51.571
Polonia;Todas las edades;Total;1 de abril de 2019;""
Polonia;Todas las edades;Total;1 de enero de 2019;51.950
Polonia;Todas las edades;Total;1 de octubre de 2018;""
Polonia;Todas las edades;Total;1 de julio de 2018;52.241
Polonia;Todas las edades;Total;1 de abril de 2018;""
Polonia;Todas las edades;Total;1 de enero de 2018;52.869
Polonia;Todas las edades;Total;1 de octubre de 2017;""
Polonia;Todas las edades;Total;1 de julio de 2017;53.512
Polonia;Todas las edades;Total;1 de abril de 2017;""
Polonia;Todas las edades;Total;1 de enero de 2017;55.072
Polonia;Todas las edades;Total;1 de octubre de 2016;""
Polonia;Todas las edades;Total;1 de julio de 2016;56.013
Polonia;Todas las edades;Total;1 de abril de 2016;""
Polonia;Todas las edades;Total;1 de enero de 2016;57.100
Polonia;Todas las edades;Total;1 de octubre de 2015;""
Polonia;Todas las edades;Total;1 de julio de 2015;58.286
Polonia;Todas las edades;Total;1 de abril de 2015;""
Polonia;Todas las edades;Total;1 de enero de 2015;59.686
Polonia;Todas las edades;Total;1 de octubre de 2014;""
Polonia;Todas las edades;Total;1 de julio de 2014;61.321
Polonia;Todas las edades;Total;1 de abril de 2014;""
Polonia;Todas las edades;Total;1 de enero de 2014;63.356
Polonia;Todas las edades;Total;1 de octubre de 2013;""
Polonia;Todas las edades;Total;1 de julio de 2013;65.074
Polonia;Todas las edades;Total;1 de abril de 2013;""
Polonia;Todas las edades;Total;1 de enero de 2013;67.212
Polonia;Todas las edades;Total;1 de octubre de 2012;""
Polonia;Todas las edades;Total;1 de julio de 2012;68.912
Polonia;Todas las edades;Total;1 de abril de 2012;""
Polonia;Todas las edades;Total;1 de enero de 2012;71.238
Polonia;Todas las edades;Total;1 de octubre de 2011;""
Polonia;Todas las edades;Total;1 de julio de 2011;71.326
Polonia;Todas las edades;Total;1 de abril de 2011;""
Polonia;Todas las edades;Total;1 de enero de 2011;72.038
Polonia;Todas las edades;Total;1 de octubre de 2010;""
Polonia;Todas las edades;Total;1 de julio de 2010;73.198
Polonia;Todas las edades;Total;1 de abril de 2010;""
Polonia;Todas las edades;Total;1 de enero de 2010;74.328
Polonia;Todas las edades;Total;1 de octubre de 2009;""
Polonia;Todas las edades;Total;1 de julio de 2009;75.409
Polonia;Todas las edades;Total;1 de abril de 2009;""
Polonia;Todas las edades;Total;1 de enero de 2009;76.583
Polonia;Todas las edades;Total;1 de octubre de 2008;""
Polonia;Todas las edades;Total;1 de julio de 2008;76.062
Polonia;Todas las edades;Total;1 de abril de 2008;""
Polonia;Todas las edades;Total;1 de enero de 2008;74.016
Polonia;Todas las edades;Total;1 de octubre de 2007;""
Polonia;Todas las edades;Total;1 de julio de 2007;67.778
Polonia;Todas las edades;Total;1 de abril de 2007;""
Polonia;Todas las edades;Total;1 de enero de 2007;60.426
Polonia;Todas las edades;Total;1 de octubre de 2006;""
Polonia;Todas las edades;Total;1 de julio de 2006;52.107
Polonia;Todas las edades;Total;1 de abril de 2006;""
Polonia;Todas las edades;Total;1 de enero de 2006;46.348
Polonia;Todas las edades;Total;1 de octubre de 2005;""
Polonia;Todas las edades;Total;1 de julio de 2005;42.253
Polonia;Todas las edades;Total;1 de abril de 2005;""
Polonia;Todas las edades;Total;1 de enero de 2005;37.727
Polonia;Todas las edades;Total;1 de octubre de 2004;""
Polonia;Todas las edades;Total;1 de julio de 2004;32.912
Polonia;Todas las edades;Total;1 de abril de 2004;""
Polonia;Todas las edades;Total;1 de enero de 2004;29.759
Polonia;Todas las edades;Total;1 de octubre de 2003;""
Polonia;Todas las edades;Total;1 de julio de 2003;27.029
Polonia;Todas las edades;Total;1 de abril de 2003;""
Polonia;Todas las edades;Total;1 de enero de 2003;24.200
Polonia;Todas las edades;Total;1 de octubre de 2002;""
Polonia;Todas las edades;Total;1 de julio de 2002;21.048
Polonia;Todas las edades;Total;1 de abril de 2002;""
Polonia;Todas las edades;Total;1 de enero de 2002;18.111
Portugal;Todas las edades;Total;1 de enero de 2025;96.773
Portugal;Todas las edades;Total;1 de octubre de 2024;96.898
Portugal;Todas las edades;Total;1 de julio de 2024;96.339
Portugal;Todas las edades;Total;1 de abril de 2024;96.267
Portugal;Todas las edades;Total;1 de enero de 2024;96.187
Portugal;Todas las edades;Total;1 de octubre de 2023;96.399
Portugal;Todas las edades;Total;1 de julio de 2023;95.809
Portugal;Todas las edades;Total;1 de abril de 2023;95.413
Portugal;Todas las edades;Total;1 de enero de 2023;95.171
Portugal;Todas las edades;Total;1 de octubre de 2022;95.484
Portugal;Todas las edades;Total;1 de julio de 2022;95.177
Portugal;Todas las edades;Total;1 de abril de 2022;94.875
Portugal;Todas las edades;Total;1 de enero de 2022;94.966
Portugal;Todas las edades;Total;1 de octubre de 2021;95.374
Portugal;Todas las edades;Total;1 de julio de 2021;94.994
Portugal;Todas las edades;Total;1 de abril de 2021;95.291
Portugal;Todas las edades;Total;1 de enero de 2021;95.584
Portugal;Todas las edades;Total;1 de octubre de 2020;""
Portugal;Todas las edades;Total;1 de julio de 2020;95.792
Portugal;Todas las edades;Total;1 de abril de 2020;""
Portugal;Todas las edades;Total;1 de enero de 2020;96.575
Portugal;Todas las edades;Total;1 de octubre de 2019;""
Portugal;Todas las edades;Total;1 de julio de 2019;96.682
Portugal;Todas las edades;Total;1 de abril de 2019;""
Portugal;Todas las edades;Total;1 de enero de 2019;97.088
Portugal;Todas las edades;Total;1 de octubre de 2018;""
Portugal;Todas las edades;Total;1 de julio de 2018;97.692
Portugal;Todas las edades;Total;1 de abril de 2018;""
Portugal;Todas las edades;Total;1 de enero de 2018;98.812
Portugal;Todas las edades;Total;1 de octubre de 2017;""
Portugal;Todas las edades;Total;1 de julio de 2017;99.959
Portugal;Todas las edades;Total;1 de abril de 2017;""
Portugal;Todas las edades;Total;1 de enero de 2017;102.455
Portugal;Todas las edades;Total;1 de octubre de 2016;""
Portugal;Todas las edades;Total;1 de julio de 2016;103.823
Portugal;Todas las edades;Total;1 de abril de 2016;""
Portugal;Todas las edades;Total;1 de enero de 2016;105.239
Portugal;Todas las edades;Total;1 de octubre de 2015;""
Portugal;Todas las edades;Total;1 de julio de 2015;106.801
Portugal;Todas las edades;Total;1 de abril de 2015;""
Portugal;Todas las edades;Total;1 de enero de 2015;108.806
Portugal;Todas las edades;Total;1 de octubre de 2014;""
Portugal;Todas las edades;Total;1 de julio de 2014;111.405
Portugal;Todas las edades;Total;1 de abril de 2014;""
Portugal;Todas las edades;Total;1 de enero de 2014;114.636
Portugal;Todas las edades;Total;1 de octubre de 2013;""
Portugal;Todas las edades;Total;1 de julio de 2013;118.220
Portugal;Todas las edades;Total;1 de abril de 2013;""
Portugal;Todas las edades;Total;1 de enero de 2013;122.242
Portugal;Todas las edades;Total;1 de octubre de 2012;""
Portugal;Todas las edades;Total;1 de julio de 2012;125.066
Portugal;Todas las edades;Total;1 de abril de 2012;""
Portugal;Todas las edades;Total;1 de enero de 2012;128.228
Portugal;Todas las edades;Total;1 de octubre de 2011;""
Portugal;Todas las edades;Total;1 de julio de 2011;128.933
Portugal;Todas las edades;Total;1 de abril de 2011;""
Portugal;Todas las edades;Total;1 de enero de 2011;130.205
Portugal;Todas las edades;Total;1 de octubre de 2010;""
Portugal;Todas las edades;Total;1 de julio de 2010;132.435
Portugal;Todas las edades;Total;1 de abril de 2010;""
Portugal;Todas las edades;Total;1 de enero de 2010;134.592
Portugal;Todas las edades;Total;1 de octubre de 2009;""
Portugal;Todas las edades;Total;1 de julio de 2009;136.230
Portugal;Todas las edades;Total;1 de abril de 2009;""
Portugal;Todas las edades;Total;1 de enero de 2009;137.209
Portugal;Todas las edades;Total;1 de octubre de 2008;""
Portugal;Todas las edades;Total;1 de julio de 2008;135.132
Portugal;Todas las edades;Total;1 de abril de 2008;""
Portugal;Todas las edades;Total;1 de enero de 2008;130.235
Portugal;Todas las edades;Total;1 de octubre de 2007;""
Portugal;Todas las edades;Total;1 de julio de 2007;120.129
Portugal;Todas las edades;Total;1 de abril de 2007;""
Portugal;Todas las edades;Total;1 de enero de 2007;109.993
Portugal;Todas las edades;Total;1 de octubre de 2006;""
Portugal;Todas las edades;Total;1 de julio de 2006;101.036
Portugal;Todas las edades;Total;1 de abril de 2006;""
Portugal;Todas las edades;Total;1 de enero de 2006;93.261
Portugal;Todas las edades;Total;1 de octubre de 2005;""
Portugal;Todas las edades;Total;1 de julio de 2005;86.742
Portugal;Todas las edades;Total;1 de abril de 2005;""
Portugal;Todas las edades;Total;1 de enero de 2005;80.768
Portugal;Todas las edades;Total;1 de octubre de 2004;""
Portugal;Todas las edades;Total;1 de julio de 2004;75.768
Portugal;Todas las edades;Total;1 de abril de 2004;""
Portugal;Todas las edades;Total;1 de enero de 2004;71.252
Portugal;Todas las edades;Total;1 de octubre de 2003;""
Portugal;Todas las edades;Total;1 de julio de 2003;67.445
Portugal;Todas las edades;Total;1 de abril de 2003;""
Portugal;Todas las edades;Total;1 de enero de 2003;64.203
Portugal;Todas las edades;Total;1 de octubre de 2002;""
Portugal;Todas las edades;Total;1 de julio de 2002;61.009
Portugal;Todas las edades;Total;1 de abril de 2002;""
Portugal;Todas las edades;Total;1 de enero de 2002;58.203
Alemania;Todas las edades;Total;1 de enero de 2025;180.264
Alemania;Todas las edades;Total;1 de octubre de 2024;179.966
Alemania;Todas las edades;Total;1 de julio de 2024;178.641
Alemania;Todas las edades;Total;1 de abril de 2024;178.181
Alemania;Todas las edades;Total;1 de enero de 2024;177.715
Alemania;Todas las edades;Total;1 de octubre de 2023;177.930
Alemania;Todas las edades;Total;1 de julio de 2023;176.831
Alemania;Todas las edades;Total;1 de abril de 2023;176.854
Alemania;Todas las edades;Total;1 de enero de 2023;176.496
Alemania;Todas las edades;Total;1 de octubre de 2022;175.809
Alemania;Todas las edades;Total;1 de julio de 2022;174.414
Alemania;Todas las edades;Total;1 de abril de 2022;173.014
Alemania;Todas las edades;Total;1 de enero de 2022;172.109
Alemania;Todas las edades;Total;1 de octubre de 2021;170.589
Alemania;Todas las edades;Total;1 de julio de 2021;168.814
Alemania;Todas las edades;Total;1 de abril de 2021;166.990
Alemania;Todas las edades;Total;1 de enero de 2021;166.060
Alemania;Todas las edades;Total;1 de octubre de 2020;""
Alemania;Todas las edades;Total;1 de julio de 2020;166.622
Alemania;Todas las edades;Total;1 de abril de 2020;""
Alemania;Todas las edades;Total;1 de enero de 2020;168.281
Alemania;Todas las edades;Total;1 de octubre de 2019;""
Alemania;Todas las edades;Total;1 de julio de 2019;170.032
Alemania;Todas las edades;Total;1 de abril de 2019;""
Alemania;Todas las edades;Total;1 de enero de 2019;171.064
Alemania;Todas las edades;Total;1 de octubre de 2018;""
Alemania;Todas las edades;Total;1 de julio de 2018;172.489
Alemania;Todas las edades;Total;1 de abril de 2018;""
Alemania;Todas las edades;Total;1 de enero de 2018;175.035
Alemania;Todas las edades;Total;1 de octubre de 2017;""
Alemania;Todas las edades;Total;1 de julio de 2017;177.141
Alemania;Todas las edades;Total;1 de abril de 2017;""
Alemania;Todas las edades;Total;1 de enero de 2017;180.102
Alemania;Todas las edades;Total;1 de octubre de 2016;""
Alemania;Todas las edades;Total;1 de julio de 2016;182.159
Alemania;Todas las edades;Total;1 de abril de 2016;""
Alemania;Todas las edades;Total;1 de enero de 2016;184.764
Alemania;Todas las edades;Total;1 de octubre de 2015;""
Alemania;Todas las edades;Total;1 de julio de 2015;187.319
Alemania;Todas las edades;Total;1 de abril de 2015;""
Alemania;Todas las edades;Total;1 de enero de 2015;191.024
Alemania;Todas las edades;Total;1 de octubre de 2014;""
Alemania;Todas las edades;Total;1 de julio de 2014;194.222
Alemania;Todas las edades;Total;1 de abril de 2014;""
Alemania;Todas las edades;Total;1 de enero de 2014;198.080
Alemania;Todas las edades;Total;1 de octubre de 2013;""
Alemania;Todas las edades;Total;1 de julio de 2013;201.538
Alemania;Todas las edades;Total;1 de abril de 2013;""
Alemania;Todas las edades;Total;1 de enero de 2013;206.245
Alemania;Todas las edades;Total;1 de octubre de 2012;""
Alemania;Todas las edades;Total;1 de julio de 2012;207.929
Alemania;Todas las edades;Total;1 de abril de 2012;""
Alemania;Todas las edades;Total;1 de enero de 2012;210.203
Alemania;Todas las edades;Total;1 de octubre de 2011;""
Alemania;Todas las edades;Total;1 de julio de 2011;209.926
Alemania;Todas las edades;Total;1 de abril de 2011;""
Alemania;Todas las edades;Total;1 de enero de 2011;210.754
Alemania;Todas las edades;Total;1 de octubre de 2010;""
Alemania;Todas las edades;Total;1 de julio de 2010;211.717
Alemania;Todas las edades;Total;1 de abril de 2010;""
Alemania;Todas las edades;Total;1 de enero de 2010;212.882
Alemania;Todas las edades;Total;1 de octubre de 2009;""
Alemania;Todas las edades;Total;1 de julio de 2009;213.179
Alemania;Todas las edades;Total;1 de abril de 2009;""
Alemania;Todas las edades;Total;1 de enero de 2009;212.947
Alemania;Todas las edades;Total;1 de octubre de 2008;""
Alemania;Todas las edades;Total;1 de julio de 2008;211.343
Alemania;Todas las edades;Total;1 de abril de 2008;""
Alemania;Todas las edades;Total;1 de enero de 2008;209.118
Alemania;Todas las edades;Total;1 de octubre de 2007;""
Alemania;Todas las edades;Total;1 de julio de 2007;204.348
Alemania;Todas las edades;Total;1 de abril de 2007;""
Alemania;Todas las edades;Total;1 de enero de 2007;198.761
Alemania;Todas las edades;Total;1 de octubre de 2006;""
Alemania;Todas las edades;Total;1 de julio de 2006;193.341
Alemania;Todas las edades;Total;1 de abril de 2006;""
Alemania;Todas las edades;Total;1 de enero de 2006;187.621
Alemania;Todas las edades;Total;1 de octubre de 2005;""
Alemania;Todas las edades;Total;1 de julio de 2005;181.968
Alemania;Todas las edades;Total;1 de abril de 2005;""
Alemania;Todas las edades;Total;1 de enero de 2005;176.449
Alemania;Todas las edades;Total;1 de octubre de 2004;""
Alemania;Todas las edades;Total;1 de julio de 2004;171.276
Alemania;Todas las edades;Total;1 de abril de 2004;""
Alemania;Todas las edades;Total;1 de enero de 2004;166.022
Alemania;Todas las edades;Total;1 de octubre de 2003;""
Alemania;Todas las edades;Total;1 de julio de 2003;160.696
Alemania;Todas las edades;Total;1 de abril de 2003;""
Alemania;Todas las edades;Total;1 de enero de 2003;154.622
Alemania;Todas las edades;Total;1 de octubre de 2002;""
Alemania;Todas las edades;Total;1 de julio de 2002;148.900
Alemania;Todas las edades;Total;1 de abril de 2002;""
Alemania;Todas las edades;Total;1 de enero de 2002;142.500
Rumanía;Todas las edades;Total;1 de enero de 2025;521.181
Rumanía;Todas las edades;Total;1 de octubre de 2024;526.201
Rumanía;Todas las edades;Total;1 de julio de 2024;526.402
Rumanía;Todas las edades;Total;1 de abril de 2024;530.031
Rumanía;Todas las edades;Total;1 de enero de 2024;532.456
Rumanía;Todas las edades;Total;1 de octubre de 2023;535.791
Rumanía;Todas las edades;Total;1 de julio de 2023;535.090
Rumanía;Todas las edades;Total;1 de abril de 2023;537.479
Rumanía;Todas las edades;Total;1 de enero de 2023;538.699
Rumanía;Todas las edades;Total;1 de octubre de 2022;543.564
Rumanía;Todas las edades;Total;1 de julio de 2022;543.769
Rumanía;Todas las edades;Total;1 de abril de 2022;545.000
Rumanía;Todas las edades;Total;1 de enero de 2022;546.953
Rumanía;Todas las edades;Total;1 de octubre de 2021;552.933
Rumanía;Todas las edades;Total;1 de julio de 2021;553.201
Rumanía;Todas las edades;Total;1 de abril de 2021;560.131
Rumanía;Todas las edades;Total;1 de enero de 2021;565.724
Rumanía;Todas las edades;Total;1 de octubre de 2020;""
Rumanía;Todas las edades;Total;1 de julio de 2020;571.054
Rumanía;Todas las edades;Total;1 de abril de 2020;""
Rumanía;Todas las edades;Total;1 de enero de 2020;575.970
Rumanía;Todas las edades;Total;1 de octubre de 2019;""
Rumanía;Todas las edades;Total;1 de julio de 2019;580.622
Rumanía;Todas las edades;Total;1 de abril de 2019;""
Rumanía;Todas las edades;Total;1 de enero de 2019;584.406
Rumanía;Todas las edades;Total;1 de octubre de 2018;""
Rumanía;Todas las edades;Total;1 de julio de 2018;586.409
Rumanía;Todas las edades;Total;1 de abril de 2018;""
Rumanía;Todas las edades;Total;1 de enero de 2018;593.389
Rumanía;Todas las edades;Total;1 de octubre de 2017;""
Rumanía;Todas las edades;Total;1 de julio de 2017;599.043
Rumanía;Todas las edades;Total;1 de abril de 2017;""
Rumanía;Todas las edades;Total;1 de enero de 2017;609.753
Rumanía;Todas las edades;Total;1 de octubre de 2016;""
Rumanía;Todas las edades;Total;1 de julio de 2016;616.995
Rumanía;Todas las edades;Total;1 de abril de 2016;""
Rumanía;Todas las edades;Total;1 de enero de 2016;626.122
Rumanía;Todas las edades;Total;1 de octubre de 2015;""
Rumanía;Todas las edades;Total;1 de julio de 2015;634.671
Rumanía;Todas las edades;Total;1 de abril de 2015;""
Rumanía;Todas las edades;Total;1 de enero de 2015;644.835
Rumanía;Todas las edades;Total;1 de octubre de 2014;""
Rumanía;Todas las edades;Total;1 de julio de 2014;655.792
Rumanía;Todas las edades;Total;1 de abril de 2014;""
Rumanía;Todas las edades;Total;1 de enero de 2014;669.104
Rumanía;Todas las edades;Total;1 de octubre de 2013;""
Rumanía;Todas las edades;Total;1 de julio de 2013;689.589
Rumanía;Todas las edades;Total;1 de abril de 2013;""
Rumanía;Todas las edades;Total;1 de enero de 2013;714.444
Rumanía;Todas las edades;Total;1 de octubre de 2012;""
Rumanía;Todas las edades;Total;1 de julio de 2012;735.373
Rumanía;Todas las edades;Total;1 de abril de 2012;""
Rumanía;Todas las edades;Total;1 de enero de 2012;750.427
Rumanía;Todas las edades;Total;1 de octubre de 2011;""
Rumanía;Todas las edades;Total;1 de julio de 2011;743.959
Rumanía;Todas las edades;Total;1 de abril de 2011;""
Rumanía;Todas las edades;Total;1 de enero de 2011;736.285
Rumanía;Todas las edades;Total;1 de octubre de 2010;""
Rumanía;Todas las edades;Total;1 de julio de 2010;728.428
Rumanía;Todas las edades;Total;1 de abril de 2010;""
Rumanía;Todas las edades;Total;1 de enero de 2010;727.520
Rumanía;Todas las edades;Total;1 de octubre de 2009;""
Rumanía;Todas las edades;Total;1 de julio de 2009;726.326
Rumanía;Todas las edades;Total;1 de abril de 2009;""
Rumanía;Todas las edades;Total;1 de enero de 2009;727.549
Rumanía;Todas las edades;Total;1 de octubre de 2008;""
Rumanía;Todas las edades;Total;1 de julio de 2008;717.934
Rumanía;Todas las edades;Total;1 de abril de 2008;""
Rumanía;Todas las edades;Total;1 de enero de 2008;692.899
Rumanía;Todas las edades;Total;1 de octubre de 2007;""
Rumanía;Todas las edades;Total;1 de julio de 2007;615.522
Rumanía;Todas las edades;Total;1 de abril de 2007;""
Rumanía;Todas las edades;Total;1 de enero de 2007;519.558
Rumanía;Todas las edades;Total;1 de octubre de 2006;""
Rumanía;Todas las edades;Total;1 de julio de 2006;451.810
Rumanía;Todas las edades;Total;1 de abril de 2006;""
Rumanía;Todas las edades;Total;1 de enero de 2006;405.584
Rumanía;Todas las edades;Total;1 de octubre de 2005;""
Rumanía;Todas las edades;Total;1 de julio de 2005;360.408
Rumanía;Todas las edades;Total;1 de abril de 2005;""
Rumanía;Todas las edades;Total;1 de enero de 2005;306.383
Rumanía;Todas las edades;Total;1 de octubre de 2004;""
Rumanía;Todas las edades;Total;1 de julio de 2004;239.308
Rumanía;Todas las edades;Total;1 de abril de 2004;""
Rumanía;Todas las edades;Total;1 de enero de 2004;207.691
Rumanía;Todas las edades;Total;1 de octubre de 2003;""
Rumanía;Todas las edades;Total;1 de julio de 2003;168.340
Rumanía;Todas las edades;Total;1 de abril de 2003;""
Rumanía;Todas las edades;Total;1 de enero de 2003;137.820
Rumanía;Todas las edades;Total;1 de octubre de 2002;""
Rumanía;Todas las edades;Total;1 de julio de 2002;99.625
Rumanía;Todas las edades;Total;1 de abril de 2002;""
Rumanía;Todas las edades;Total;1 de enero de 2002;68.440
Suecia;Todas las edades;Total;1 de enero de 2025;23.082
Suecia;Todas las edades;Total;1 de octubre de 2024;22.971
Suecia;Todas las edades;Total;1 de julio de 2024;22.762
Suecia;Todas las edades;Total;1 de abril de 2024;22.656
Suecia;Todas las edades;Total;1 de enero de 2024;22.408
Suecia;Todas las edades;Total;1 de octubre de 2023;22.544
Suecia;Todas las edades;Total;1 de julio de 2023;22.310
Suecia;Todas las edades;Total;1 de abril de 2023;22.242
Suecia;Todas las edades;Total;1 de enero de 2023;22.041
Suecia;Todas las edades;Total;1 de octubre de 2022;21.774
Suecia;Todas las edades;Total;1 de julio de 2022;21.308
Suecia;Todas las edades;Total;1 de abril de 2022;20.835
Suecia;Todas las edades;Total;1 de enero de 2022;20.383
Suecia;Todas las edades;Total;1 de octubre de 2021;19.868
Suecia;Todas las edades;Total;1 de julio de 2021;19.421
Suecia;Todas las edades;Total;1 de abril de 2021;19.161
Suecia;Todas las edades;Total;1 de enero de 2021;18.943
Suecia;Todas las edades;Total;1 de octubre de 2020;""
Suecia;Todas las edades;Total;1 de julio de 2020;18.547
Suecia;Todas las edades;Total;1 de abril de 2020;""
Suecia;Todas las edades;Total;1 de enero de 2020;18.596
Suecia;Todas las edades;Total;1 de octubre de 2019;""
Suecia;Todas las edades;Total;1 de julio de 2019;18.263
Suecia;Todas las edades;Total;1 de abril de 2019;""
Suecia;Todas las edades;Total;1 de enero de 2019;17.775
Suecia;Todas las edades;Total;1 de octubre de 2018;""
Suecia;Todas las edades;Total;1 de julio de 2018;17.258
Suecia;Todas las edades;Total;1 de abril de 2018;""
Suecia;Todas las edades;Total;1 de enero de 2018;17.079
Suecia;Todas las edades;Total;1 de octubre de 2017;""
Suecia;Todas las edades;Total;1 de julio de 2017;16.853
Suecia;Todas las edades;Total;1 de abril de 2017;""
Suecia;Todas las edades;Total;1 de enero de 2017;17.119
Suecia;Todas las edades;Total;1 de octubre de 2016;""
Suecia;Todas las edades;Total;1 de julio de 2016;17.350
Suecia;Todas las edades;Total;1 de abril de 2016;""
Suecia;Todas las edades;Total;1 de enero de 2016;17.598
Suecia;Todas las edades;Total;1 de octubre de 2015;""
Suecia;Todas las edades;Total;1 de julio de 2015;17.691
Suecia;Todas las edades;Total;1 de abril de 2015;""
Suecia;Todas las edades;Total;1 de enero de 2015;17.890
Suecia;Todas las edades;Total;1 de octubre de 2014;""
Suecia;Todas las edades;Total;1 de julio de 2014;18.016
Suecia;Todas las edades;Total;1 de abril de 2014;""
Suecia;Todas las edades;Total;1 de enero de 2014;18.450
Suecia;Todas las edades;Total;1 de octubre de 2013;""
Suecia;Todas las edades;Total;1 de julio de 2013;18.681
Suecia;Todas las edades;Total;1 de abril de 2013;""
Suecia;Todas las edades;Total;1 de enero de 2013;18.882
Suecia;Todas las edades;Total;1 de octubre de 2012;""
Suecia;Todas las edades;Total;1 de julio de 2012;18.717
Suecia;Todas las edades;Total;1 de abril de 2012;""
Suecia;Todas las edades;Total;1 de enero de 2012;18.752
Suecia;Todas las edades;Total;1 de octubre de 2011;""
Suecia;Todas las edades;Total;1 de julio de 2011;18.408
Suecia;Todas las edades;Total;1 de abril de 2011;""
Suecia;Todas las edades;Total;1 de enero de 2011;18.266
Suecia;Todas las edades;Total;1 de octubre de 2010;""
Suecia;Todas las edades;Total;1 de julio de 2010;18.172
Suecia;Todas las edades;Total;1 de abril de 2010;""
Suecia;Todas las edades;Total;1 de enero de 2010;18.131
Suecia;Todas las edades;Total;1 de octubre de 2009;""
Suecia;Todas las edades;Total;1 de julio de 2009;18.071
Suecia;Todas las edades;Total;1 de abril de 2009;""
Suecia;Todas las edades;Total;1 de enero de 2009;18.055
Suecia;Todas las edades;Total;1 de octubre de 2008;""
Suecia;Todas las edades;Total;1 de julio de 2008;17.918
Suecia;Todas las edades;Total;1 de abril de 2008;""
Suecia;Todas las edades;Total;1 de enero de 2008;17.774
Suecia;Todas las edades;Total;1 de octubre de 2007;""
Suecia;Todas las edades;Total;1 de julio de 2007;17.258
Suecia;Todas las edades;Total;1 de abril de 2007;""
Suecia;Todas las edades;Total;1 de enero de 2007;16.746
Suecia;Todas las edades;Total;1 de octubre de 2006;""
Suecia;Todas las edades;Total;1 de julio de 2006;16.162
Suecia;Todas las edades;Total;1 de abril de 2006;""
Suecia;Todas las edades;Total;1 de enero de 2006;15.563
Suecia;Todas las edades;Total;1 de octubre de 2005;""
Suecia;Todas las edades;Total;1 de julio de 2005;14.911
Suecia;Todas las edades;Total;1 de abril de 2005;""
Suecia;Todas las edades;Total;1 de enero de 2005;14.237
Suecia;Todas las edades;Total;1 de octubre de 2004;""
Suecia;Todas las edades;Total;1 de julio de 2004;13.700
Suecia;Todas las edades;Total;1 de abril de 2004;""
Suecia;Todas las edades;Total;1 de enero de 2004;13.088
Suecia;Todas las edades;Total;1 de octubre de 2003;""
Suecia;Todas las edades;Total;1 de julio de 2003;12.467
Suecia;Todas las edades;Total;1 de abril de 2003;""
Suecia;Todas las edades;Total;1 de enero de 2003;11.809
Suecia;Todas las edades;Total;1 de octubre de 2002;""
Suecia;Todas las edades;Total;1 de julio de 2002;11.025
Suecia;Todas las edades;Total;1 de abril de 2002;""
Suecia;Todas las edades;Total;1 de enero de 2002;10.299
Lituania;Todas las edades;Total;1 de enero de 2025;15.677
Lituania;Todas las edades;Total;1 de octubre de 2024;15.653
Lituania;Todas las edades;Total;1 de julio de 2024;15.471
Lituania;Todas las edades;Total;1 de abril de 2024;15.385
Lituania;Todas las edades;Total;1 de enero de 2024;15.365
Lituania;Todas las edades;Total;1 de octubre de 2023;15.319
Lituania;Todas las edades;Total;1 de julio de 2023;15.138
Lituania;Todas las edades;Total;1 de abril de 2023;15.031
Lituania;Todas las edades;Total;1 de enero de 2023;14.917
Lituania;Todas las edades;Total;1 de octubre de 2022;14.781
Lituania;Todas las edades;Total;1 de julio de 2022;14.563
Lituania;Todas las edades;Total;1 de abril de 2022;14.340
Lituania;Todas las edades;Total;1 de enero de 2022;14.241
Lituania;Todas las edades;Total;1 de octubre de 2021;14.267
Lituania;Todas las edades;Total;1 de julio de 2021;14.176
Lituania;Todas las edades;Total;1 de abril de 2021;14.279
Lituania;Todas las edades;Total;1 de enero de 2021;14.353
Lituania;Todas las edades;Total;1 de octubre de 2020;""
Lituania;Todas las edades;Total;1 de julio de 2020;14.238
Lituania;Todas las edades;Total;1 de abril de 2020;""
Lituania;Todas las edades;Total;1 de enero de 2020;14.362
Lituania;Todas las edades;Total;1 de octubre de 2019;""
Lituania;Todas las edades;Total;1 de julio de 2019;14.226
Lituania;Todas las edades;Total;1 de abril de 2019;""
Lituania;Todas las edades;Total;1 de enero de 2019;14.188
Lituania;Todas las edades;Total;1 de octubre de 2018;""
Lituania;Todas las edades;Total;1 de julio de 2018;14.061
Lituania;Todas las edades;Total;1 de abril de 2018;""
Lituania;Todas las edades;Total;1 de enero de 2018;14.177
Lituania;Todas las edades;Total;1 de octubre de 2017;""
Lituania;Todas las edades;Total;1 de julio de 2017;14.187
Lituania;Todas las edades;Total;1 de abril de 2017;""
Lituania;Todas las edades;Total;1 de enero de 2017;14.429
Lituania;Todas las edades;Total;1 de octubre de 2016;""
Lituania;Todas las edades;Total;1 de julio de 2016;14.575
Lituania;Todas las edades;Total;1 de abril de 2016;""
Lituania;Todas las edades;Total;1 de enero de 2016;14.791
Lituania;Todas las edades;Total;1 de octubre de 2015;""
Lituania;Todas las edades;Total;1 de julio de 2015;14.874
Lituania;Todas las edades;Total;1 de abril de 2015;""
Lituania;Todas las edades;Total;1 de enero de 2015;15.410
Lituania;Todas las edades;Total;1 de octubre de 2014;""
Lituania;Todas las edades;Total;1 de julio de 2014;15.859
Lituania;Todas las edades;Total;1 de abril de 2014;""
Lituania;Todas las edades;Total;1 de enero de 2014;16.536
Lituania;Todas las edades;Total;1 de octubre de 2013;""
Lituania;Todas las edades;Total;1 de julio de 2013;17.000
Lituania;Todas las edades;Total;1 de abril de 2013;""
Lituania;Todas las edades;Total;1 de enero de 2013;17.541
Lituania;Todas las edades;Total;1 de octubre de 2012;""
Lituania;Todas las edades;Total;1 de julio de 2012;17.895
Lituania;Todas las edades;Total;1 de abril de 2012;""
Lituania;Todas las edades;Total;1 de enero de 2012;18.440
Lituania;Todas las edades;Total;1 de octubre de 2011;""
Lituania;Todas las edades;Total;1 de julio de 2011;18.398
Lituania;Todas las edades;Total;1 de abril de 2011;""
Lituania;Todas las edades;Total;1 de enero de 2011;18.460
Lituania;Todas las edades;Total;1 de octubre de 2010;""
Lituania;Todas las edades;Total;1 de julio de 2010;18.353
Lituania;Todas las edades;Total;1 de abril de 2010;""
Lituania;Todas las edades;Total;1 de enero de 2010;18.530
Lituania;Todas las edades;Total;1 de octubre de 2009;""
Lituania;Todas las edades;Total;1 de julio de 2009;18.505
Lituania;Todas las edades;Total;1 de abril de 2009;""
Lituania;Todas las edades;Total;1 de enero de 2009;18.843
Lituania;Todas las edades;Total;1 de octubre de 2008;""
Lituania;Todas las edades;Total;1 de julio de 2008;18.905
Lituania;Todas las edades;Total;1 de abril de 2008;""
Lituania;Todas las edades;Total;1 de enero de 2008;18.900
Lituania;Todas las edades;Total;1 de octubre de 2007;""
Lituania;Todas las edades;Total;1 de julio de 2007;18.125
Lituania;Todas las edades;Total;1 de abril de 2007;""
Lituania;Todas las edades;Total;1 de enero de 2007;17.334
Lituania;Todas las edades;Total;1 de octubre de 2006;""
Lituania;Todas las edades;Total;1 de julio de 2006;16.285
Lituania;Todas las edades;Total;1 de abril de 2006;""
Lituania;Todas las edades;Total;1 de enero de 2006;15.286
Lituania;Todas las edades;Total;1 de octubre de 2005;""
Lituania;Todas las edades;Total;1 de julio de 2005;14.163
Lituania;Todas las edades;Total;1 de abril de 2005;""
Lituania;Todas las edades;Total;1 de enero de 2005;12.578
Lituania;Todas las edades;Total;1 de octubre de 2004;""
Lituania;Todas las edades;Total;1 de julio de 2004;10.684
Lituania;Todas las edades;Total;1 de abril de 2004;""
Lituania;Todas las edades;Total;1 de enero de 2004;9.668
Lituania;Todas las edades;Total;1 de octubre de 2003;""
Lituania;Todas las edades;Total;1 de julio de 2003;8.729
Lituania;Todas las edades;Total;1 de abril de 2003;""
Lituania;Todas las edades;Total;1 de enero de 2003;7.818
Lituania;Todas las edades;Total;1 de octubre de 2002;""
Lituania;Todas las edades;Total;1 de julio de 2002;6.412
Lituania;Todas las edades;Total;1 de abril de 2002;""
Lituania;Todas las edades;Total;1 de enero de 2002;5.006
Otro país de la Unión Europea sin España;Todas las edades;Total;1 de enero de 2025;61.786
Otro país de la Unión Europea sin España;Todas las edades;Total;1 de octubre de 2024;60.918
Otro país de la Unión Europea sin España;Todas las edades;Total;1 de julio de 2024;59.538
Otro país de la Unión Europea sin España;Todas las edades;Total;1 de abril de 2024;58.873
Otro país de la Unión Europea sin España;Todas las edades;Total;1 de enero de 2024;58.136
Otro país de la Unión Europea sin España;Todas las edades;Total;1 de octubre de 2023;57.212
Otro país de la Unión Europea sin España;Todas las edades;Total;1 de julio de 2023;55.951
Otro país de la Unión Europea sin España;Todas las edades;Total;1 de abril de 2023;55.053
Otro país de la Unión Europea sin España;Todas las edades;Total;1 de enero de 2023;54.217
Otro país de la Unión Europea sin España;Todas las edades;Total;1 de octubre de 2022;53.300
Otro país de la Unión Europea sin España;Todas las edades;Total;1 de julio de 2022;51.948
Otro país de la Unión Europea sin España;Todas las edades;Total;1 de abril de 2022;50.926
Otro país de la Unión Europea sin España;Todas las edades;Total;1 de enero de 2022;50.094
Otro país de la Unión Europea sin España;Todas las edades;Total;1 de octubre de 2021;49.624
Otro país de la Unión Europea sin España;Todas las edades;Total;1 de julio de 2021;48.794
Otro país de la Unión Europea sin España;Todas las edades;Total;1 de abril de 2021;48.731
Otro país de la Unión Europea sin España;Todas las edades;Total;1 de enero de 2021;48.605
Otro país de la Unión Europea sin España;Todas las edades;Total;1 de octubre de 2020;""
Otro país de la Unión Europea sin España;Todas las edades;Total;1 de julio de 2020;47.502
Otro país de la Unión Europea sin España;Todas las edades;Total;1 de abril de 2020;""
Otro país de la Unión Europea sin España;Todas las edades;Total;1 de enero de 2020;47.273
Otro país de la Unión Europea sin España;Todas las edades;Total;1 de octubre de 2019;""
Otro país de la Unión Europea sin España;Todas las edades;Total;1 de julio de 2019;46.392
Otro país de la Unión Europea sin España;Todas las edades;Total;1 de abril de 2019;""
Otro país de la Unión Europea sin España;Todas las edades;Total;1 de enero de 2019;45.675
Otro país de la Unión Europea sin España;Todas las edades;Total;1 de octubre de 2018;""
Otro país de la Unión Europea sin España;Todas las edades;Total;1 de julio de 2018;45.181
Otro país de la Unión Europea sin España;Todas las edades;Total;1 de abril de 2018;""
Otro país de la Unión Europea sin España;Todas las edades;Total;1 de enero de 2018;44.822
Otro país de la Unión Europea sin España;Todas las edades;Total;1 de octubre de 2017;""
Otro país de la Unión Europea sin España;Todas las edades;Total;1 de julio de 2017;44.014
Otro país de la Unión Europea sin España;Todas las edades;Total;1 de abril de 2017;""
Otro país de la Unión Europea sin España;Todas las edades;Total;1 de enero de 2017;44.165
Otro país de la Unión Europea sin España;Todas las edades;Total;1 de octubre de 2016;""
Otro país de la Unión Europea sin España;Todas las edades;Total;1 de julio de 2016;44.140
Otro país de la Unión Europea sin España;Todas las edades;Total;1 de abril de 2016;""
Otro país de la Unión Europea sin España;Todas las edades;Total;1 de enero de 2016;44.277
Otro país de la Unión Europea sin España;Todas las edades;Total;1 de octubre de 2015;""
Otro país de la Unión Europea sin España;Todas las edades;Total;1 de julio de 2015;44.079
Otro país de la Unión Europea sin España;Todas las edades;Total;1 de abril de 2015;""
Otro país de la Unión Europea sin España;Todas las edades;Total;1 de enero de 2015;44.314
Otro país de la Unión Europea sin España;Todas las edades;Total;1 de octubre de 2014;""
Otro país de la Unión Europea sin España;Todas las edades;Total;1 de julio de 2014;44.736
Otro país de la Unión Europea sin España;Todas las edades;Total;1 de abril de 2014;""
Otro país de la Unión Europea sin España;Todas las edades;Total;1 de enero de 2014;45.797
Otro país de la Unión Europea sin España;Todas las edades;Total;1 de octubre de 2013;""
Otro país de la Unión Europea sin España;Todas las edades;Total;1 de julio de 2013;46.142
Otro país de la Unión Europea sin España;Todas las edades;Total;1 de abril de 2013;""
Otro país de la Unión Europea sin España;Todas las edades;Total;1 de enero de 2013;45.146
Otro país de la Unión Europea sin España;Todas las edades;Total;1 de octubre de 2012;""
Otro país de la Unión Europea sin España;Todas las edades;Total;1 de julio de 2012;44.902
Otro país de la Unión Europea sin España;Todas las edades;Total;1 de abril de 2012;""
Otro país de la Unión Europea sin España;Todas las edades;Total;1 de enero de 2012;45.686
Otro país de la Unión Europea sin España;Todas las edades;Total;1 de octubre de 2011;""
Otro país de la Unión Europea sin España;Todas las edades;Total;1 de julio de 2011;44.467
Otro país de la Unión Europea sin España;Todas las edades;Total;1 de abril de 2011;""
Otro país de la Unión Europea sin España;Todas las edades;Total;1 de enero de 2011;43.823
Otro país de la Unión Europea sin España;Todas las edades;Total;1 de octubre de 2010;""
Otro país de la Unión Europea sin España;Todas las edades;Total;1 de julio de 2010;43.486
Otro país de la Unión Europea sin España;Todas las edades;Total;1 de abril de 2010;""
Otro país de la Unión Europea sin España;Todas las edades;Total;1 de enero de 2010;43.320
Otro país de la Unión Europea sin España;Todas las edades;Total;1 de octubre de 2009;""
Otro país de la Unión Europea sin España;Todas las edades;Total;1 de julio de 2009;42.869
Otro país de la Unión Europea sin España;Todas las edades;Total;1 de abril de 2009;""
Otro país de la Unión Europea sin España;Todas las edades;Total;1 de enero de 2009;42.712
Otro país de la Unión Europea sin España;Todas las edades;Total;1 de octubre de 2008;""
Otro país de la Unión Europea sin España;Todas las edades;Total;1 de julio de 2008;41.557
Otro país de la Unión Europea sin España;Todas las edades;Total;1 de abril de 2008;""
Otro país de la Unión Europea sin España;Todas las edades;Total;1 de enero de 2008;40.123
Otro país de la Unión Europea sin España;Todas las edades;Total;1 de octubre de 2007;""
Otro país de la Unión Europea sin España;Todas las edades;Total;1 de julio de 2007;37.283
Otro país de la Unión Europea sin España;Todas las edades;Total;1 de abril de 2007;""
Otro país de la Unión Europea sin España;Todas las edades;Total;1 de enero de 2007;34.425
Otro país de la Unión Europea sin España;Todas las edades;Total;1 de octubre de 2006;""
Otro país de la Unión Europea sin España;Todas las edades;Total;1 de julio de 2006;31.612
Otro país de la Unión Europea sin España;Todas las edades;Total;1 de abril de 2006;""
Otro país de la Unión Europea sin España;Todas las edades;Total;1 de enero de 2006;29.174
Otro país de la Unión Europea sin España;Todas las edades;Total;1 de octubre de 2005;""
Otro país de la Unión Europea sin España;Todas las edades;Total;1 de julio de 2005;27.155
Otro país de la Unión Europea sin España;Todas las edades;Total;1 de abril de 2005;""
Otro país de la Unión Europea sin España;Todas las edades;Total;1 de enero de 2005;24.718
Otro país de la Unión Europea sin España;Todas las edades;Total;1 de octubre de 2004;""
Otro país de la Unión Europea sin España;Todas las edades;Total;1 de julio de 2004;22.248
Otro país de la Unión Europea sin España;Todas las edades;Total;1 de abril de 2004;""
Otro país de la Unión Europea sin España;Todas las edades;Total;1 de enero de 2004;20.408
Otro país de la Unión Europea sin España;Todas las edades;Total;1 de octubre de 2003;""
Otro país de la Unión Europea sin España;Todas las edades;Total;1 de julio de 2003;18.817
Otro país de la Unión Europea sin España;Todas las edades;Total;1 de abril de 2003;""
Otro país de la Unión Europea sin España;Todas las edades;Total;1 de enero de 2003;17.052
Otro país de la Unión Europea sin España;Todas las edades;Total;1 de octubre de 2002;""
Otro país de la Unión Europea sin España;Todas las edades;Total;1 de julio de 2002;15.109
Otro país de la Unión Europea sin España;Todas las edades;Total;1 de abril de 2002;""
Otro país de la Unión Europea sin España;Todas las edades;Total;1 de enero de 2002;13.172
Europa menos UE27_2020;Todas las edades;Total;1 de enero de 2025;815.570
Europa menos UE27_2020;Todas las edades;Total;1 de octubre de 2024;815.290
Europa menos UE27_2020;Todas las edades;Total;1 de julio de 2024;810.094
Europa menos UE27_2020;Todas las edades;Total;1 de abril de 2024;810.730
Europa menos UE27_2020;Todas las edades;Total;1 de enero de 2024;812.479
Europa menos UE27_2020;Todas las edades;Total;1 de octubre de 2023;807.790
Europa menos UE27_2020;Todas las edades;Total;1 de julio de 2023;797.418
Europa menos UE27_2020;Todas las edades;Total;1 de abril de 2023;794.099
Europa menos UE27_2020;Todas las edades;Total;1 de enero de 2023;781.268
Europa menos UE27_2020;Todas las edades;Total;1 de octubre de 2022;762.223
Europa menos UE27_2020;Todas las edades;Total;1 de julio de 2022;738.817
Europa menos UE27_2020;Todas las edades;Total;1 de abril de 2022;700.022
Europa menos UE27_2020;Todas las edades;Total;1 de enero de 2022;673.582
Europa menos UE27_2020;Todas las edades;Total;1 de octubre de 2021;668.971
Europa menos UE27_2020;Todas las edades;Total;1 de julio de 2021;660.176
Europa menos UE27_2020;Todas las edades;Total;1 de abril de 2021;658.021
Europa menos UE27_2020;Todas las edades;Total;1 de enero de 2021;655.775
Europa menos UE27_2020;Todas las edades;Total;1 de octubre de 2020;""
Europa menos UE27_2020;Todas las edades;Total;1 de julio de 2020;633.174
Europa menos UE27_2020;Todas las edades;Total;1 de abril de 2020;""
Europa menos UE27_2020;Todas las edades;Total;1 de enero de 2020;..
Europa menos UE27_2020;Todas las edades;Total;1 de octubre de 2019;""
Europa menos UE27_2020;Todas las edades;Total;1 de julio de 2019;..
Europa menos UE27_2020;Todas las edades;Total;1 de abril de 2019;""
Europa menos UE27_2020;Todas las edades;Total;1 de enero de 2019;..
Europa menos UE27_2020;Todas las edades;Total;1 de octubre de 2018;""
Europa menos UE27_2020;Todas las edades;Total;1 de julio de 2018;..
Europa menos UE27_2020;Todas las edades;Total;1 de abril de 2018;""
Europa menos UE27_2020;Todas las edades;Total;1 de enero de 2018;..
Europa menos UE27_2020;Todas las edades;Total;1 de octubre de 2017;""
Europa menos UE27_2020;Todas las edades;Total;1 de julio de 2017;..
Europa menos UE27_2020;Todas las edades;Total;1 de abril de 2017;""
Europa menos UE27_2020;Todas las edades;Total;1 de enero de 2017;..
Europa menos UE27_2020;Todas las edades;Total;1 de octubre de 2016;""
Europa menos UE27_2020;Todas las edades;Total;1 de julio de 2016;..
Europa menos UE27_2020;Todas las edades;Total;1 de abril de 2016;""
Europa menos UE27_2020;Todas las edades;Total;1 de enero de 2016;..
Europa menos UE27_2020;Todas las edades;Total;1 de octubre de 2015;""
Europa menos UE27_2020;Todas las edades;Total;1 de julio de 2015;..
Europa menos UE27_2020;Todas las edades;Total;1 de abril de 2015;""
Europa menos UE27_2020;Todas las edades;Total;1 de enero de 2015;..
Europa menos UE27_2020;Todas las edades;Total;1 de octubre de 2014;""
Europa menos UE27_2020;Todas las edades;Total;1 de julio de 2014;..
Europa menos UE27_2020;Todas las edades;Total;1 de abril de 2014;""
Europa menos UE27_2020;Todas las edades;Total;1 de enero de 2014;..
Europa menos UE27_2020;Todas las edades;Total;1 de octubre de 2013;""
Europa menos UE27_2020;Todas las edades;Total;1 de julio de 2013;..
Europa menos UE27_2020;Todas las edades;Total;1 de abril de 2013;""
Europa menos UE27_2020;Todas las edades;Total;1 de enero de 2013;..
Europa menos UE27_2020;Todas las edades;Total;1 de octubre de 2012;""
Europa menos UE27_2020;Todas las edades;Total;1 de julio de 2012;..
Europa menos UE27_2020;Todas las edades;Total;1 de abril de 2012;""
Europa menos UE27_2020;Todas las edades;Total;1 de enero de 2012;""
Europa menos UE27_2020;Todas las edades;Total;1 de octubre de 2011;""
Europa menos UE27_2020;Todas las edades;Total;1 de julio de 2011;""
Europa menos UE27_2020;Todas las edades;Total;1 de abril de 2011;""
Europa menos UE27_2020;Todas las edades;Total;1 de enero de 2011;""
Europa menos UE27_2020;Todas las edades;Total;1 de octubre de 2010;""
Europa menos UE27_2020;Todas las edades;Total;1 de julio de 2010;""
Europa menos UE27_2020;Todas las edades;Total;1 de abril de 2010;""
Europa menos UE27_2020;Todas las edades;Total;1 de enero de 2010;""
Europa menos UE27_2020;Todas las edades;Total;1 de octubre de 2009;""
Europa menos UE27_2020;Todas las edades;Total;1 de julio de 2009;""
Europa menos UE27_2020;Todas las edades;Total;1 de abril de 2009;""
Europa menos UE27_2020;Todas las edades;Total;1 de enero de 2009;""
Europa menos UE27_2020;Todas las edades;Total;1 de octubre de 2008;""
Europa menos UE27_2020;Todas las edades;Total;1 de julio de 2008;""
Europa menos UE27_2020;Todas las edades;Total;1 de abril de 2008;""
Europa menos UE27_2020;Todas las edades;Total;1 de enero de 2008;""
Europa menos UE27_2020;Todas las edades;Total;1 de octubre de 2007;""
Europa menos UE27_2020;Todas las edades;Total;1 de julio de 2007;""
Europa menos UE27_2020;Todas las edades;Total;1 de abril de 2007;""
Europa menos UE27_2020;Todas las edades;Total;1 de enero de 2007;""
Europa menos UE27_2020;Todas las edades;Total;1 de octubre de 2006;""
Europa menos UE27_2020;Todas las edades;Total;1 de julio de 2006;""
Europa menos UE27_2020;Todas las edades;Total;1 de abril de 2006;""
Europa menos UE27_2020;Todas las edades;Total;1 de enero de 2006;""
Europa menos UE27_2020;Todas las edades;Total;1 de octubre de 2005;""
Europa menos UE27_2020;Todas las edades;Total;1 de julio de 2005;""
Europa menos UE27_2020;Todas las edades;Total;1 de abril de 2005;""
Europa menos UE27_2020;Todas las edades;Total;1 de enero de 2005;""
Europa menos UE27_2020;Todas las edades;Total;1 de octubre de 2004;""
Europa menos UE27_2020;Todas las edades;Total;1 de julio de 2004;""
Europa menos UE27_2020;Todas las edades;Total;1 de abril de 2004;""
Europa menos UE27_2020;Todas las edades;Total;1 de enero de 2004;""
Europa menos UE27_2020;Todas las edades;Total;1 de octubre de 2003;""
Europa menos UE27_2020;Todas las edades;Total;1 de julio de 2003;""
Europa menos UE27_2020;Todas las edades;Total;1 de abril de 2003;""
Europa menos UE27_2020;Todas las edades;Total;1 de enero de 2003;""
Europa menos UE27_2020;Todas las edades;Total;1 de octubre de 2002;""
Europa menos UE27_2020;Todas las edades;Total;1 de julio de 2002;""
Europa menos UE27_2020;Todas las edades;Total;1 de abril de 2002;""
Europa menos UE27_2020;Todas las edades;Total;1 de enero de 2002;""
Reino Unido;Todas las edades;Total;1 de enero de 2025;281.584
Reino Unido;Todas las edades;Total;1 de octubre de 2024;282.681
Reino Unido;Todas las edades;Total;1 de julio de 2024;281.566
Reino Unido;Todas las edades;Total;1 de abril de 2024;283.044
Reino Unido;Todas las edades;Total;1 de enero de 2024;285.093
Reino Unido;Todas las edades;Total;1 de octubre de 2023;287.623
Reino Unido;Todas las edades;Total;1 de julio de 2023;288.445
Reino Unido;Todas las edades;Total;1 de abril de 2023;290.972
Reino Unido;Todas las edades;Total;1 de enero de 2023;293.696
Reino Unido;Todas las edades;Total;1 de octubre de 2022;295.789
Reino Unido;Todas las edades;Total;1 de julio de 2022;296.402
Reino Unido;Todas las edades;Total;1 de abril de 2022;296.897
Reino Unido;Todas las edades;Total;1 de enero de 2022;298.149
Reino Unido;Todas las edades;Total;1 de octubre de 2021;297.336
Reino Unido;Todas las edades;Total;1 de julio de 2021;294.710
Reino Unido;Todas las edades;Total;1 de abril de 2021;293.440
Reino Unido;Todas las edades;Total;1 de enero de 2021;290.847
Reino Unido;Todas las edades;Total;1 de octubre de 2020;""
Reino Unido;Todas las edades;Total;1 de julio de 2020;279.140
Reino Unido;Todas las edades;Total;1 de abril de 2020;""
Reino Unido;Todas las edades;Total;1 de enero de 2020;280.477
Reino Unido;Todas las edades;Total;1 de octubre de 2019;""
Reino Unido;Todas las edades;Total;1 de julio de 2019;276.215
Reino Unido;Todas las edades;Total;1 de abril de 2019;""
Reino Unido;Todas las edades;Total;1 de enero de 2019;269.720
Reino Unido;Todas las edades;Total;1 de octubre de 2018;""
Reino Unido;Todas las edades;Total;1 de julio de 2018;265.028
Reino Unido;Todas las edades;Total;1 de abril de 2018;""
Reino Unido;Todas las edades;Total;1 de enero de 2018;270.683
Reino Unido;Todas las edades;Total;1 de octubre de 2017;""
Reino Unido;Todas las edades;Total;1 de julio de 2017;274.254
Reino Unido;Todas las edades;Total;1 de abril de 2017;""
Reino Unido;Todas las edades;Total;1 de enero de 2017;281.710
Reino Unido;Todas las edades;Total;1 de octubre de 2016;""
Reino Unido;Todas las edades;Total;1 de julio de 2016;284.204
Reino Unido;Todas las edades;Total;1 de abril de 2016;""
Reino Unido;Todas las edades;Total;1 de enero de 2016;288.166
Reino Unido;Todas las edades;Total;1 de octubre de 2015;""
Reino Unido;Todas las edades;Total;1 de julio de 2015;291.336
Reino Unido;Todas las edades;Total;1 de abril de 2015;""
Reino Unido;Todas las edades;Total;1 de enero de 2015;296.795
Reino Unido;Todas las edades;Total;1 de octubre de 2014;""
Reino Unido;Todas las edades;Total;1 de julio de 2014;303.006
Reino Unido;Todas las edades;Total;1 de abril de 2014;""
Reino Unido;Todas las edades;Total;1 de enero de 2014;308.177
Reino Unido;Todas las edades;Total;1 de octubre de 2013;""
Reino Unido;Todas las edades;Total;1 de julio de 2013;312.352
Reino Unido;Todas las edades;Total;1 de abril de 2013;""
Reino Unido;Todas las edades;Total;1 de enero de 2013;317.795
Reino Unido;Todas las edades;Total;1 de octubre de 2012;""
Reino Unido;Todas las edades;Total;1 de julio de 2012;317.928
Reino Unido;Todas las edades;Total;1 de abril de 2012;""
Reino Unido;Todas las edades;Total;1 de enero de 2012;318.686
Reino Unido;Todas las edades;Total;1 de octubre de 2011;""
Reino Unido;Todas las edades;Total;1 de julio de 2011;317.345
Reino Unido;Todas las edades;Total;1 de abril de 2011;""
Reino Unido;Todas las edades;Total;1 de enero de 2011;317.494
Reino Unido;Todas las edades;Total;1 de octubre de 2010;""
Reino Unido;Todas las edades;Total;1 de julio de 2010;318.812
Reino Unido;Todas las edades;Total;1 de abril de 2010;""
Reino Unido;Todas las edades;Total;1 de enero de 2010;319.145
Reino Unido;Todas las edades;Total;1 de octubre de 2009;""
Reino Unido;Todas las edades;Total;1 de julio de 2009;318.658
Reino Unido;Todas las edades;Total;1 de abril de 2009;""
Reino Unido;Todas las edades;Total;1 de enero de 2009;317.682
Reino Unido;Todas las edades;Total;1 de octubre de 2008;""
Reino Unido;Todas las edades;Total;1 de julio de 2008;313.916
Reino Unido;Todas las edades;Total;1 de abril de 2008;""
Reino Unido;Todas las edades;Total;1 de enero de 2008;308.231
Reino Unido;Todas las edades;Total;1 de octubre de 2007;""
Reino Unido;Todas las edades;Total;1 de julio de 2007;296.576
Reino Unido;Todas las edades;Total;1 de abril de 2007;""
Reino Unido;Todas las edades;Total;1 de enero de 2007;283.090
Reino Unido;Todas las edades;Total;1 de octubre de 2006;""
Reino Unido;Todas las edades;Total;1 de julio de 2006;268.524
Reino Unido;Todas las edades;Total;1 de abril de 2006;""
Reino Unido;Todas las edades;Total;1 de enero de 2006;251.782
Reino Unido;Todas las edades;Total;1 de octubre de 2005;""
Reino Unido;Todas las edades;Total;1 de julio de 2005;234.489
Reino Unido;Todas las edades;Total;1 de abril de 2005;""
Reino Unido;Todas las edades;Total;1 de enero de 2005;215.267
Reino Unido;Todas las edades;Total;1 de octubre de 2004;""
Reino Unido;Todas las edades;Total;1 de julio de 2004;194.294
Reino Unido;Todas las edades;Total;1 de abril de 2004;""
Reino Unido;Todas las edades;Total;1 de enero de 2004;174.376
Reino Unido;Todas las edades;Total;1 de octubre de 2003;""
Reino Unido;Todas las edades;Total;1 de julio de 2003;157.247
Reino Unido;Todas las edades;Total;1 de abril de 2003;""
Reino Unido;Todas las edades;Total;1 de enero de 2003;141.286
Reino Unido;Todas las edades;Total;1 de octubre de 2002;""
Reino Unido;Todas las edades;Total;1 de julio de 2002;128.049
Reino Unido;Todas las edades;Total;1 de abril de 2002;""
Reino Unido;Todas las edades;Total;1 de enero de 2002;117.264
Europa menos UE28;Todas las edades;Total;1 de enero de 2025;""
Europa menos UE28;Todas las edades;Total;1 de octubre de 2024;""
Europa menos UE28;Todas las edades;Total;1 de julio de 2024;""
Europa menos UE28;Todas las edades;Total;1 de abril de 2024;""
Europa menos UE28;Todas las edades;Total;1 de enero de 2024;""
Europa menos UE28;Todas las edades;Total;1 de octubre de 2023;""
Europa menos UE28;Todas las edades;Total;1 de julio de 2023;""
Europa menos UE28;Todas las edades;Total;1 de abril de 2023;""
Europa menos UE28;Todas las edades;Total;1 de enero de 2023;""
Europa menos UE28;Todas las edades;Total;1 de octubre de 2022;""
Europa menos UE28;Todas las edades;Total;1 de julio de 2022;""
Europa menos UE28;Todas las edades;Total;1 de abril de 2022;""
Europa menos UE28;Todas las edades;Total;1 de enero de 2022;""
Europa menos UE28;Todas las edades;Total;1 de octubre de 2021;""
Europa menos UE28;Todas las edades;Total;1 de julio de 2021;""
Europa menos UE28;Todas las edades;Total;1 de abril de 2021;""
Europa menos UE28;Todas las edades;Total;1 de enero de 2021;""
Europa menos UE28;Todas las edades;Total;1 de octubre de 2020;""
Europa menos UE28;Todas las edades;Total;1 de julio de 2020;""
Europa menos UE28;Todas las edades;Total;1 de abril de 2020;""
Europa menos UE28;Todas las edades;Total;1 de enero de 2020;351.962
Europa menos UE28;Todas las edades;Total;1 de octubre de 2019;""
Europa menos UE28;Todas las edades;Total;1 de julio de 2019;341.754
Europa menos UE28;Todas las edades;Total;1 de abril de 2019;""
Europa menos UE28;Todas las edades;Total;1 de enero de 2019;335.683
Europa menos UE28;Todas las edades;Total;1 de octubre de 2018;""
Europa menos UE28;Todas las edades;Total;1 de julio de 2018;325.927
Europa menos UE28;Todas las edades;Total;1 de abril de 2018;""
Europa menos UE28;Todas las edades;Total;1 de enero de 2018;321.509
Europa menos UE28;Todas las edades;Total;1 de octubre de 2017;""
Europa menos UE28;Todas las edades;Total;1 de julio de 2017;313.445
Europa menos UE28;Todas las edades;Total;1 de abril de 2017;""
Europa menos UE28;Todas las edades;Total;1 de enero de 2017;311.559
Europa menos UE28;Todas las edades;Total;1 de octubre de 2016;""
Europa menos UE28;Todas las edades;Total;1 de julio de 2016;306.047
Europa menos UE28;Todas las edades;Total;1 de abril de 2016;""
Europa menos UE28;Todas las edades;Total;1 de enero de 2016;303.331
Europa menos UE28;Todas las edades;Total;1 de octubre de 2015;""
Europa menos UE28;Todas las edades;Total;1 de julio de 2015;296.189
Europa menos UE28;Todas las edades;Total;1 de abril de 2015;""
Europa menos UE28;Todas las edades;Total;1 de enero de 2015;291.425
Europa menos UE28;Todas las edades;Total;1 de octubre de 2014;""
Europa menos UE28;Todas las edades;Total;1 de julio de 2014;285.896
Europa menos UE28;Todas las edades;Total;1 de abril de 2014;""
Europa menos UE28;Todas las edades;Total;1 de enero de 2014;284.501
Europa menos UE28;Todas las edades;Total;1 de octubre de 2013;""
Europa menos UE28;Todas las edades;Total;1 de julio de 2013;284.068
Europa menos UE28;Todas las edades;Total;1 de abril de 2013;""
Europa menos UE28;Todas las edades;Total;1 de enero de 2013;287.070
Europa menos UE28;Todas las edades;Total;1 de octubre de 2012;""
Europa menos UE28;Todas las edades;Total;1 de julio de 2012;284.253
Europa menos UE28;Todas las edades;Total;1 de abril de 2012;""
Europa menos UE28;Todas las edades;Total;1 de enero de 2012;285.249
Europa menos UE28;Todas las edades;Total;1 de octubre de 2011;""
Europa menos UE28;Todas las edades;Total;1 de julio de 2011;280.667
Europa menos UE28;Todas las edades;Total;1 de abril de 2011;""
Europa menos UE28;Todas las edades;Total;1 de enero de 2011;278.474
Europa menos UE28;Todas las edades;Total;1 de octubre de 2010;""
Europa menos UE28;Todas las edades;Total;1 de julio de 2010;275.652
Europa menos UE28;Todas las edades;Total;1 de abril de 2010;""
Europa menos UE28;Todas las edades;Total;1 de enero de 2010;274.414
Europa menos UE28;Todas las edades;Total;1 de octubre de 2009;""
Europa menos UE28;Todas las edades;Total;1 de julio de 2009;272.500
Europa menos UE28;Todas las edades;Total;1 de abril de 2009;""
Europa menos UE28;Todas las edades;Total;1 de enero de 2009;271.259
Europa menos UE28;Todas las edades;Total;1 de octubre de 2008;""
Europa menos UE28;Todas las edades;Total;1 de julio de 2008;267.222
Europa menos UE28;Todas las edades;Total;1 de abril de 2008;""
Europa menos UE28;Todas las edades;Total;1 de enero de 2008;260.856
Europa menos UE28;Todas las edades;Total;1 de octubre de 2007;""
Europa menos UE28;Todas las edades;Total;1 de julio de 2007;250.651
Europa menos UE28;Todas las edades;Total;1 de abril de 2007;""
Europa menos UE28;Todas las edades;Total;1 de enero de 2007;240.805
Europa menos UE28;Todas las edades;Total;1 de octubre de 2006;""
Europa menos UE28;Todas las edades;Total;1 de julio de 2006;229.895
Europa menos UE28;Todas las edades;Total;1 de abril de 2006;""
Europa menos UE28;Todas las edades;Total;1 de enero de 2006;221.769
Europa menos UE28;Todas las edades;Total;1 de octubre de 2005;""
Europa menos UE28;Todas las edades;Total;1 de julio de 2005;212.807
Europa menos UE28;Todas las edades;Total;1 de abril de 2005;""
Europa menos UE28;Todas las edades;Total;1 de enero de 2005;201.662
Europa menos UE28;Todas las edades;Total;1 de octubre de 2004;""
Europa menos UE28;Todas las edades;Total;1 de julio de 2004;185.999
Europa menos UE28;Todas las edades;Total;1 de abril de 2004;""
Europa menos UE28;Todas las edades;Total;1 de enero de 2004;176.861
Europa menos UE28;Todas las edades;Total;1 de octubre de 2003;""
Europa menos UE28;Todas las edades;Total;1 de julio de 2003;163.981
Europa menos UE28;Todas las edades;Total;1 de abril de 2003;""
Europa menos UE28;Todas las edades;Total;1 de enero de 2003;151.760
Europa menos UE28;Todas las edades;Total;1 de octubre de 2002;""
Europa menos UE28;Todas las edades;Total;1 de julio de 2002;135.441
Europa menos UE28;Todas las edades;Total;1 de abril de 2002;""
Europa menos UE28;Todas las edades;Total;1 de enero de 2002;120.797
Noruega;Todas las edades;Total;1 de enero de 2025;10.774
Noruega;Todas las edades;Total;1 de octubre de 2024;10.816
Noruega;Todas las edades;Total;1 de julio de 2024;10.647
Noruega;Todas las edades;Total;1 de abril de 2024;10.620
Noruega;Todas las edades;Total;1 de enero de 2024;10.640
Noruega;Todas las edades;Total;1 de octubre de 2023;10.933
Noruega;Todas las edades;Total;1 de julio de 2023;10.929
Noruega;Todas las edades;Total;1 de abril de 2023;11.081
Noruega;Todas las edades;Total;1 de enero de 2023;11.169
Noruega;Todas las edades;Total;1 de octubre de 2022;11.228
Noruega;Todas las edades;Total;1 de julio de 2022;11.313
Noruega;Todas las edades;Total;1 de abril de 2022;11.249
Noruega;Todas las edades;Total;1 de enero de 2022;11.185
Noruega;Todas las edades;Total;1 de octubre de 2021;11.077
Noruega;Todas las edades;Total;1 de julio de 2021;10.706
Noruega;Todas las edades;Total;1 de abril de 2021;10.585
Noruega;Todas las edades;Total;1 de enero de 2021;10.569
Noruega;Todas las edades;Total;1 de octubre de 2020;""
Noruega;Todas las edades;Total;1 de julio de 2020;10.818
Noruega;Todas las edades;Total;1 de abril de 2020;""
Noruega;Todas las edades;Total;1 de enero de 2020;11.153
Noruega;Todas las edades;Total;1 de octubre de 2019;""
Noruega;Todas las edades;Total;1 de julio de 2019;11.224
Noruega;Todas las edades;Total;1 de abril de 2019;""
Noruega;Todas las edades;Total;1 de enero de 2019;12.000
Noruega;Todas las edades;Total;1 de octubre de 2018;""
Noruega;Todas las edades;Total;1 de julio de 2018;12.045
Noruega;Todas las edades;Total;1 de abril de 2018;""
Noruega;Todas las edades;Total;1 de enero de 2018;12.370
Noruega;Todas las edades;Total;1 de octubre de 2017;""
Noruega;Todas las edades;Total;1 de julio de 2017;12.729
Noruega;Todas las edades;Total;1 de abril de 2017;""
Noruega;Todas las edades;Total;1 de enero de 2017;13.583
Noruega;Todas las edades;Total;1 de octubre de 2016;""
Noruega;Todas las edades;Total;1 de julio de 2016;13.894
Noruega;Todas las edades;Total;1 de abril de 2016;""
Noruega;Todas las edades;Total;1 de enero de 2016;14.513
Noruega;Todas las edades;Total;1 de octubre de 2015;""
Noruega;Todas las edades;Total;1 de julio de 2015;14.552
Noruega;Todas las edades;Total;1 de abril de 2015;""
Noruega;Todas las edades;Total;1 de enero de 2015;14.746
Noruega;Todas las edades;Total;1 de octubre de 2014;""
Noruega;Todas las edades;Total;1 de julio de 2014;14.949
Noruega;Todas las edades;Total;1 de abril de 2014;""
Noruega;Todas las edades;Total;1 de enero de 2014;15.407
Noruega;Todas las edades;Total;1 de octubre de 2013;""
Noruega;Todas las edades;Total;1 de julio de 2013;15.570
Noruega;Todas las edades;Total;1 de abril de 2013;""
Noruega;Todas las edades;Total;1 de enero de 2013;15.742
Noruega;Todas las edades;Total;1 de octubre de 2012;""
Noruega;Todas las edades;Total;1 de julio de 2012;15.489
Noruega;Todas las edades;Total;1 de abril de 2012;""
Noruega;Todas las edades;Total;1 de enero de 2012;15.537
Noruega;Todas las edades;Total;1 de octubre de 2011;""
Noruega;Todas las edades;Total;1 de julio de 2011;15.176
Noruega;Todas las edades;Total;1 de abril de 2011;""
Noruega;Todas las edades;Total;1 de enero de 2011;14.941
Noruega;Todas las edades;Total;1 de octubre de 2010;""
Noruega;Todas las edades;Total;1 de julio de 2010;14.694
Noruega;Todas las edades;Total;1 de abril de 2010;""
Noruega;Todas las edades;Total;1 de enero de 2010;14.587
Noruega;Todas las edades;Total;1 de octubre de 2009;""
Noruega;Todas las edades;Total;1 de julio de 2009;14.356
Noruega;Todas las edades;Total;1 de abril de 2009;""
Noruega;Todas las edades;Total;1 de enero de 2009;14.269
Noruega;Todas las edades;Total;1 de octubre de 2008;""
Noruega;Todas las edades;Total;1 de julio de 2008;14.132
Noruega;Todas las edades;Total;1 de abril de 2008;""
Noruega;Todas las edades;Total;1 de enero de 2008;14.002
Noruega;Todas las edades;Total;1 de octubre de 2007;""
Noruega;Todas las edades;Total;1 de julio de 2007;13.532
Noruega;Todas las edades;Total;1 de abril de 2007;""
Noruega;Todas las edades;Total;1 de enero de 2007;13.220
Noruega;Todas las edades;Total;1 de octubre de 2006;""
Noruega;Todas las edades;Total;1 de julio de 2006;12.769
Noruega;Todas las edades;Total;1 de abril de 2006;""
Noruega;Todas las edades;Total;1 de enero de 2006;12.304
Noruega;Todas las edades;Total;1 de octubre de 2005;""
Noruega;Todas las edades;Total;1 de julio de 2005;11.677
Noruega;Todas las edades;Total;1 de abril de 2005;""
Noruega;Todas las edades;Total;1 de enero de 2005;11.252
Noruega;Todas las edades;Total;1 de octubre de 2004;""
Noruega;Todas las edades;Total;1 de julio de 2004;10.633
Noruega;Todas las edades;Total;1 de abril de 2004;""
Noruega;Todas las edades;Total;1 de enero de 2004;9.992
Noruega;Todas las edades;Total;1 de octubre de 2003;""
Noruega;Todas las edades;Total;1 de julio de 2003;9.182
Noruega;Todas las edades;Total;1 de abril de 2003;""
Noruega;Todas las edades;Total;1 de enero de 2003;8.473
Noruega;Todas las edades;Total;1 de octubre de 2002;""
Noruega;Todas las edades;Total;1 de julio de 2002;7.645
Noruega;Todas las edades;Total;1 de abril de 2002;""
Noruega;Todas las edades;Total;1 de enero de 2002;6.787
Suiza;Todas las edades;Total;1 de enero de 2025;60.164
Suiza;Todas las edades;Total;1 de octubre de 2024;60.139
Suiza;Todas las edades;Total;1 de julio de 2024;59.822
Suiza;Todas las edades;Total;1 de abril de 2024;59.728
Suiza;Todas las edades;Total;1 de enero de 2024;59.718
Suiza;Todas las edades;Total;1 de octubre de 2023;59.657
Suiza;Todas las edades;Total;1 de julio de 2023;59.464
Suiza;Todas las edades;Total;1 de abril de 2023;59.538
Suiza;Todas las edades;Total;1 de enero de 2023;59.406
Suiza;Todas las edades;Total;1 de octubre de 2022;59.344
Suiza;Todas las edades;Total;1 de julio de 2022;59.051
Suiza;Todas las edades;Total;1 de abril de 2022;58.890
Suiza;Todas las edades;Total;1 de enero de 2022;58.719
Suiza;Todas las edades;Total;1 de octubre de 2021;58.552
Suiza;Todas las edades;Total;1 de julio de 2021;58.134
Suiza;Todas las edades;Total;1 de abril de 2021;57.839
Suiza;Todas las edades;Total;1 de enero de 2021;57.797
Suiza;Todas las edades;Total;1 de octubre de 2020;""
Suiza;Todas las edades;Total;1 de julio de 2020;57.662
Suiza;Todas las edades;Total;1 de abril de 2020;""
Suiza;Todas las edades;Total;1 de enero de 2020;57.942
Suiza;Todas las edades;Total;1 de octubre de 2019;""
Suiza;Todas las edades;Total;1 de julio de 2019;57.963
Suiza;Todas las edades;Total;1 de abril de 2019;""
Suiza;Todas las edades;Total;1 de enero de 2019;58.005
Suiza;Todas las edades;Total;1 de octubre de 2018;""
Suiza;Todas las edades;Total;1 de julio de 2018;58.238
Suiza;Todas las edades;Total;1 de abril de 2018;""
Suiza;Todas las edades;Total;1 de enero de 2018;58.340
Suiza;Todas las edades;Total;1 de octubre de 2017;""
Suiza;Todas las edades;Total;1 de julio de 2017;58.284
Suiza;Todas las edades;Total;1 de abril de 2017;""
Suiza;Todas las edades;Total;1 de enero de 2017;58.457
Suiza;Todas las edades;Total;1 de octubre de 2016;""
Suiza;Todas las edades;Total;1 de julio de 2016;58.674
Suiza;Todas las edades;Total;1 de abril de 2016;""
Suiza;Todas las edades;Total;1 de enero de 2016;59.013
Suiza;Todas las edades;Total;1 de octubre de 2015;""
Suiza;Todas las edades;Total;1 de julio de 2015;59.245
Suiza;Todas las edades;Total;1 de abril de 2015;""
Suiza;Todas las edades;Total;1 de enero de 2015;59.708
Suiza;Todas las edades;Total;1 de octubre de 2014;""
Suiza;Todas las edades;Total;1 de julio de 2014;60.223
Suiza;Todas las edades;Total;1 de abril de 2014;""
Suiza;Todas las edades;Total;1 de enero de 2014;60.892
Suiza;Todas las edades;Total;1 de octubre de 2013;""
Suiza;Todas las edades;Total;1 de julio de 2013;61.512
Suiza;Todas las edades;Total;1 de abril de 2013;""
Suiza;Todas las edades;Total;1 de enero de 2013;62.156
Suiza;Todas las edades;Total;1 de octubre de 2012;""
Suiza;Todas las edades;Total;1 de julio de 2012;62.565
Suiza;Todas las edades;Total;1 de abril de 2012;""
Suiza;Todas las edades;Total;1 de enero de 2012;63.218
Suiza;Todas las edades;Total;1 de octubre de 2011;""
Suiza;Todas las edades;Total;1 de julio de 2011;63.190
Suiza;Todas las edades;Total;1 de abril de 2011;""
Suiza;Todas las edades;Total;1 de enero de 2011;63.371
Suiza;Todas las edades;Total;1 de octubre de 2010;""
Suiza;Todas las edades;Total;1 de julio de 2010;63.454
Suiza;Todas las edades;Total;1 de abril de 2010;""
Suiza;Todas las edades;Total;1 de enero de 2010;63.695
Suiza;Todas las edades;Total;1 de octubre de 2009;""
Suiza;Todas las edades;Total;1 de julio de 2009;63.770
Suiza;Todas las edades;Total;1 de abril de 2009;""
Suiza;Todas las edades;Total;1 de enero de 2009;63.764
Suiza;Todas las edades;Total;1 de octubre de 2008;""
Suiza;Todas las edades;Total;1 de julio de 2008;63.572
Suiza;Todas las edades;Total;1 de abril de 2008;""
Suiza;Todas las edades;Total;1 de enero de 2008;63.493
Suiza;Todas las edades;Total;1 de octubre de 2007;""
Suiza;Todas las edades;Total;1 de julio de 2007;62.983
Suiza;Todas las edades;Total;1 de abril de 2007;""
Suiza;Todas las edades;Total;1 de enero de 2007;62.181
Suiza;Todas las edades;Total;1 de octubre de 2006;""
Suiza;Todas las edades;Total;1 de julio de 2006;61.211
Suiza;Todas las edades;Total;1 de abril de 2006;""
Suiza;Todas las edades;Total;1 de enero de 2006;60.505
Suiza;Todas las edades;Total;1 de octubre de 2005;""
Suiza;Todas las edades;Total;1 de julio de 2005;59.526
Suiza;Todas las edades;Total;1 de abril de 2005;""
Suiza;Todas las edades;Total;1 de enero de 2005;58.841
Suiza;Todas las edades;Total;1 de octubre de 2004;""
Suiza;Todas las edades;Total;1 de julio de 2004;57.958
Suiza;Todas las edades;Total;1 de abril de 2004;""
Suiza;Todas las edades;Total;1 de enero de 2004;57.278
Suiza;Todas las edades;Total;1 de octubre de 2003;""
Suiza;Todas las edades;Total;1 de julio de 2003;56.387
Suiza;Todas las edades;Total;1 de abril de 2003;""
Suiza;Todas las edades;Total;1 de enero de 2003;55.795
Suiza;Todas las edades;Total;1 de octubre de 2002;""
Suiza;Todas las edades;Total;1 de julio de 2002;54.874
Suiza;Todas las edades;Total;1 de abril de 2002;""
Suiza;Todas las edades;Total;1 de enero de 2002;54.156
Ucrania;Todas las edades;Total;1 de enero de 2025;209.592
Ucrania;Todas las edades;Total;1 de octubre de 2024;210.564
Ucrania;Todas las edades;Total;1 de julio de 2024;211.453
Ucrania;Todas las edades;Total;1 de abril de 2024;213.762
Ucrania;Todas las edades;Total;1 de enero de 2024;215.700
Ucrania;Todas las edades;Total;1 de octubre de 2023;212.109
Ucrania;Todas las edades;Total;1 de julio de 2023;207.668
Ucrania;Todas las edades;Total;1 de abril de 2023;206.495
Ucrania;Todas las edades;Total;1 de enero de 2023;197.192
Ucrania;Todas las edades;Total;1 de octubre de 2022;185.229
Ucrania;Todas las edades;Total;1 de julio de 2022;169.107
Ucrania;Todas las edades;Total;1 de abril de 2022;136.119
Ucrania;Todas las edades;Total;1 de enero de 2022;113.217
Ucrania;Todas las edades;Total;1 de octubre de 2021;112.756
Ucrania;Todas las edades;Total;1 de julio de 2021;111.466
Ucrania;Todas las edades;Total;1 de abril de 2021;111.326
Ucrania;Todas las edades;Total;1 de enero de 2021;111.606
Ucrania;Todas las edades;Total;1 de octubre de 2020;""
Ucrania;Todas las edades;Total;1 de julio de 2020;110.293
Ucrania;Todas las edades;Total;1 de abril de 2020;""
Ucrania;Todas las edades;Total;1 de enero de 2020;109.504
Ucrania;Todas las edades;Total;1 de octubre de 2019;""
Ucrania;Todas las edades;Total;1 de julio de 2019;106.246
Ucrania;Todas las edades;Total;1 de abril de 2019;""
Ucrania;Todas las edades;Total;1 de enero de 2019;103.944
Ucrania;Todas las edades;Total;1 de octubre de 2018;""
Ucrania;Todas las edades;Total;1 de julio de 2018;100.329
Ucrania;Todas las edades;Total;1 de abril de 2018;""
Ucrania;Todas las edades;Total;1 de enero de 2018;98.651
Ucrania;Todas las edades;Total;1 de octubre de 2017;""
Ucrania;Todas las edades;Total;1 de julio de 2017;95.542
Ucrania;Todas las edades;Total;1 de abril de 2017;""
Ucrania;Todas las edades;Total;1 de enero de 2017;93.921
Ucrania;Todas las edades;Total;1 de octubre de 2016;""
Ucrania;Todas las edades;Total;1 de julio de 2016;91.207
Ucrania;Todas las edades;Total;1 de abril de 2016;""
Ucrania;Todas las edades;Total;1 de enero de 2016;89.391
Ucrania;Todas las edades;Total;1 de octubre de 2015;""
Ucrania;Todas las edades;Total;1 de julio de 2015;85.796
Ucrania;Todas las edades;Total;1 de abril de 2015;""
Ucrania;Todas las edades;Total;1 de enero de 2015;82.524
Ucrania;Todas las edades;Total;1 de octubre de 2014;""
Ucrania;Todas las edades;Total;1 de julio de 2014;79.967
Ucrania;Todas las edades;Total;1 de abril de 2014;""
Ucrania;Todas las edades;Total;1 de enero de 2014;79.485
Ucrania;Todas las edades;Total;1 de octubre de 2013;""
Ucrania;Todas las edades;Total;1 de julio de 2013;80.033
Ucrania;Todas las edades;Total;1 de abril de 2013;""
Ucrania;Todas las edades;Total;1 de enero de 2013;80.995
Ucrania;Todas las edades;Total;1 de octubre de 2012;""
Ucrania;Todas las edades;Total;1 de julio de 2012;81.010
Ucrania;Todas las edades;Total;1 de abril de 2012;""
Ucrania;Todas las edades;Total;1 de enero de 2012;81.516
Ucrania;Todas las edades;Total;1 de octubre de 2011;""
Ucrania;Todas las edades;Total;1 de julio de 2011;80.784
Ucrania;Todas las edades;Total;1 de abril de 2011;""
Ucrania;Todas las edades;Total;1 de enero de 2011;80.523
Ucrania;Todas las edades;Total;1 de octubre de 2010;""
Ucrania;Todas las edades;Total;1 de julio de 2010;80.011
Ucrania;Todas las edades;Total;1 de abril de 2010;""
Ucrania;Todas las edades;Total;1 de enero de 2010;79.841
Ucrania;Todas las edades;Total;1 de octubre de 2009;""
Ucrania;Todas las edades;Total;1 de julio de 2009;79.541
Ucrania;Todas las edades;Total;1 de abril de 2009;""
Ucrania;Todas las edades;Total;1 de enero de 2009;79.562
Ucrania;Todas las edades;Total;1 de octubre de 2008;""
Ucrania;Todas las edades;Total;1 de julio de 2008;78.776
Ucrania;Todas las edades;Total;1 de abril de 2008;""
Ucrania;Todas las edades;Total;1 de enero de 2008;76.862
Ucrania;Todas las edades;Total;1 de octubre de 2007;""
Ucrania;Todas las edades;Total;1 de julio de 2007;73.543
Ucrania;Todas las edades;Total;1 de abril de 2007;""
Ucrania;Todas las edades;Total;1 de enero de 2007;70.336
Ucrania;Todas las edades;Total;1 de octubre de 2006;""
Ucrania;Todas las edades;Total;1 de julio de 2006;66.893
Ucrania;Todas las edades;Total;1 de abril de 2006;""
Ucrania;Todas las edades;Total;1 de enero de 2006;64.653
Ucrania;Todas las edades;Total;1 de octubre de 2005;""
Ucrania;Todas las edades;Total;1 de julio de 2005;62.272
Ucrania;Todas las edades;Total;1 de abril de 2005;""
Ucrania;Todas las edades;Total;1 de enero de 2005;58.406
Ucrania;Todas las edades;Total;1 de octubre de 2004;""
Ucrania;Todas las edades;Total;1 de julio de 2004;52.357
Ucrania;Todas las edades;Total;1 de abril de 2004;""
Ucrania;Todas las edades;Total;1 de enero de 2004;49.483
Ucrania;Todas las edades;Total;1 de octubre de 2003;""
Ucrania;Todas las edades;Total;1 de julio de 2003;44.690
Ucrania;Todas las edades;Total;1 de abril de 2003;""
Ucrania;Todas las edades;Total;1 de enero de 2003;39.676
Ucrania;Todas las edades;Total;1 de octubre de 2002;""
Ucrania;Todas las edades;Total;1 de julio de 2002;32.452
Ucrania;Todas las edades;Total;1 de abril de 2002;""
Ucrania;Todas las edades;Total;1 de enero de 2002;25.942
Moldavia;Todas las edades;Total;1 de enero de 2025;25.171
Moldavia;Todas las edades;Total;1 de octubre de 2024;25.146
Moldavia;Todas las edades;Total;1 de julio de 2024;24.971
Moldavia;Todas las edades;Total;1 de abril de 2024;24.904
Moldavia;Todas las edades;Total;1 de enero de 2024;24.923
Moldavia;Todas las edades;Total;1 de octubre de 2023;24.721
Moldavia;Todas las edades;Total;1 de julio de 2023;24.425
Moldavia;Todas las edades;Total;1 de abril de 2023;24.294
Moldavia;Todas las edades;Total;1 de enero de 2023;24.134
Moldavia;Todas las edades;Total;1 de octubre de 2022;23.774
Moldavia;Todas las edades;Total;1 de julio de 2022;23.152
Moldavia;Todas las edades;Total;1 de abril de 2022;22.702
Moldavia;Todas las edades;Total;1 de enero de 2022;22.391
Moldavia;Todas las edades;Total;1 de octubre de 2021;22.358
Moldavia;Todas las edades;Total;1 de julio de 2021;22.007
Moldavia;Todas las edades;Total;1 de abril de 2021;21.942
Moldavia;Todas las edades;Total;1 de enero de 2021;21.972
Moldavia;Todas las edades;Total;1 de octubre de 2020;""
Moldavia;Todas las edades;Total;1 de julio de 2020;21.461
Moldavia;Todas las edades;Total;1 de abril de 2020;""
Moldavia;Todas las edades;Total;1 de enero de 2020;21.184
Moldavia;Todas las edades;Total;1 de octubre de 2019;""
Moldavia;Todas las edades;Total;1 de julio de 2019;20.446
Moldavia;Todas las edades;Total;1 de abril de 2019;""
Moldavia;Todas las edades;Total;1 de enero de 2019;19.940
Moldavia;Todas las edades;Total;1 de octubre de 2018;""
Moldavia;Todas las edades;Total;1 de julio de 2018;19.270
Moldavia;Todas las edades;Total;1 de abril de 2018;""
Moldavia;Todas las edades;Total;1 de enero de 2018;18.947
Moldavia;Todas las edades;Total;1 de octubre de 2017;""
Moldavia;Todas las edades;Total;1 de julio de 2017;18.332
Moldavia;Todas las edades;Total;1 de abril de 2017;""
Moldavia;Todas las edades;Total;1 de enero de 2017;17.982
Moldavia;Todas las edades;Total;1 de octubre de 2016;""
Moldavia;Todas las edades;Total;1 de julio de 2016;17.564
Moldavia;Todas las edades;Total;1 de abril de 2016;""
Moldavia;Todas las edades;Total;1 de enero de 2016;17.395
Moldavia;Todas las edades;Total;1 de octubre de 2015;""
Moldavia;Todas las edades;Total;1 de julio de 2015;16.945
Moldavia;Todas las edades;Total;1 de abril de 2015;""
Moldavia;Todas las edades;Total;1 de enero de 2015;16.709
Moldavia;Todas las edades;Total;1 de octubre de 2014;""
Moldavia;Todas las edades;Total;1 de julio de 2014;16.479
Moldavia;Todas las edades;Total;1 de abril de 2014;""
Moldavia;Todas las edades;Total;1 de enero de 2014;16.490
Moldavia;Todas las edades;Total;1 de octubre de 2013;""
Moldavia;Todas las edades;Total;1 de julio de 2013;16.572
Moldavia;Todas las edades;Total;1 de abril de 2013;""
Moldavia;Todas las edades;Total;1 de enero de 2013;16.764
Moldavia;Todas las edades;Total;1 de octubre de 2012;""
Moldavia;Todas las edades;Total;1 de julio de 2012;16.788
Moldavia;Todas las edades;Total;1 de abril de 2012;""
Moldavia;Todas las edades;Total;1 de enero de 2012;17.148
Moldavia;Todas las edades;Total;1 de octubre de 2011;""
Moldavia;Todas las edades;Total;1 de julio de 2011;17.139
Moldavia;Todas las edades;Total;1 de abril de 2011;""
Moldavia;Todas las edades;Total;1 de enero de 2011;17.148
Moldavia;Todas las edades;Total;1 de octubre de 2010;""
Moldavia;Todas las edades;Total;1 de julio de 2010;17.111
Moldavia;Todas las edades;Total;1 de abril de 2010;""
Moldavia;Todas las edades;Total;1 de enero de 2010;17.110
Moldavia;Todas las edades;Total;1 de octubre de 2009;""
Moldavia;Todas las edades;Total;1 de julio de 2009;17.018
Moldavia;Todas las edades;Total;1 de abril de 2009;""
Moldavia;Todas las edades;Total;1 de enero de 2009;16.799
Moldavia;Todas las edades;Total;1 de octubre de 2008;""
Moldavia;Todas las edades;Total;1 de julio de 2008;16.262
Moldavia;Todas las edades;Total;1 de abril de 2008;""
Moldavia;Todas las edades;Total;1 de enero de 2008;15.267
Moldavia;Todas las edades;Total;1 de octubre de 2007;""
Moldavia;Todas las edades;Total;1 de julio de 2007;13.944
Moldavia;Todas las edades;Total;1 de abril de 2007;""
Moldavia;Todas las edades;Total;1 de enero de 2007;12.628
Moldavia;Todas las edades;Total;1 de octubre de 2006;""
Moldavia;Todas las edades;Total;1 de julio de 2006;11.505
Moldavia;Todas las edades;Total;1 de abril de 2006;""
Moldavia;Todas las edades;Total;1 de enero de 2006;10.698
Moldavia;Todas las edades;Total;1 de octubre de 2005;""
Moldavia;Todas las edades;Total;1 de julio de 2005;9.916
Moldavia;Todas las edades;Total;1 de abril de 2005;""
Moldavia;Todas las edades;Total;1 de enero de 2005;8.883
Moldavia;Todas las edades;Total;1 de octubre de 2004;""
Moldavia;Todas las edades;Total;1 de julio de 2004;7.376
Moldavia;Todas las edades;Total;1 de abril de 2004;""
Moldavia;Todas las edades;Total;1 de enero de 2004;6.398
Moldavia;Todas las edades;Total;1 de octubre de 2003;""
Moldavia;Todas las edades;Total;1 de julio de 2003;5.377
Moldavia;Todas las edades;Total;1 de abril de 2003;""
Moldavia;Todas las edades;Total;1 de enero de 2003;4.497
Moldavia;Todas las edades;Total;1 de octubre de 2002;""
Moldavia;Todas las edades;Total;1 de julio de 2002;3.391
Moldavia;Todas las edades;Total;1 de abril de 2002;""
Moldavia;Todas las edades;Total;1 de enero de 2002;2.590
Rusia;Todas las edades;Total;1 de enero de 2025;141.438
Rusia;Todas las edades;Total;1 de octubre de 2024;140.213
Rusia;Todas las edades;Total;1 de julio de 2024;137.614
Rusia;Todas las edades;Total;1 de abril de 2024;135.609
Rusia;Todas las edades;Total;1 de enero de 2024;134.068
Rusia;Todas las edades;Total;1 de octubre de 2023;131.500
Rusia;Todas las edades;Total;1 de julio de 2023;127.192
Rusia;Todas las edades;Total;1 de abril de 2023;123.440
Rusia;Todas las edades;Total;1 de enero de 2023;118.801
Rusia;Todas las edades;Total;1 de octubre de 2022;112.279
Rusia;Todas las edades;Total;1 de julio de 2022;107.831
Rusia;Todas las edades;Total;1 de abril de 2022;104.225
Rusia;Todas las edades;Total;1 de enero de 2022;101.380
Rusia;Todas las edades;Total;1 de octubre de 2021;99.583
Rusia;Todas las edades;Total;1 de julio de 2021;97.558
Rusia;Todas las edades;Total;1 de abril de 2021;97.355
Rusia;Todas las edades;Total;1 de enero de 2021;97.329
Rusia;Todas las edades;Total;1 de octubre de 2020;""
Rusia;Todas las edades;Total;1 de julio de 2020;96.207
Rusia;Todas las edades;Total;1 de abril de 2020;""
Rusia;Todas las edades;Total;1 de enero de 2020;95.813
Rusia;Todas las edades;Total;1 de octubre de 2019;""
Rusia;Todas las edades;Total;1 de julio de 2019;92.555
Rusia;Todas las edades;Total;1 de abril de 2019;""
Rusia;Todas las edades;Total;1 de enero de 2019;90.753
Rusia;Todas las edades;Total;1 de octubre de 2018;""
Rusia;Todas las edades;Total;1 de julio de 2018;87.799
Rusia;Todas las edades;Total;1 de abril de 2018;""
Rusia;Todas las edades;Total;1 de enero de 2018;86.610
Rusia;Todas las edades;Total;1 de octubre de 2017;""
Rusia;Todas las edades;Total;1 de julio de 2017;84.207
Rusia;Todas las edades;Total;1 de abril de 2017;""
Rusia;Todas las edades;Total;1 de enero de 2017;84.295
Rusia;Todas las edades;Total;1 de octubre de 2016;""
Rusia;Todas las edades;Total;1 de julio de 2016;82.851
Rusia;Todas las edades;Total;1 de abril de 2016;""
Rusia;Todas las edades;Total;1 de enero de 2016;82.067
Rusia;Todas las edades;Total;1 de octubre de 2015;""
Rusia;Todas las edades;Total;1 de julio de 2015;79.885
Rusia;Todas las edades;Total;1 de abril de 2015;""
Rusia;Todas las edades;Total;1 de enero de 2015;78.386
Rusia;Todas las edades;Total;1 de octubre de 2014;""
Rusia;Todas las edades;Total;1 de julio de 2014;75.841
Rusia;Todas las edades;Total;1 de abril de 2014;""
Rusia;Todas las edades;Total;1 de enero de 2014;73.976
Rusia;Todas las edades;Total;1 de octubre de 2013;""
Rusia;Todas las edades;Total;1 de julio de 2013;72.019
Rusia;Todas las edades;Total;1 de abril de 2013;""
Rusia;Todas las edades;Total;1 de enero de 2013;71.013
Rusia;Todas las edades;Total;1 de octubre de 2012;""
Rusia;Todas las edades;Total;1 de julio de 2012;68.447
Rusia;Todas las edades;Total;1 de abril de 2012;""
Rusia;Todas las edades;Total;1 de enero de 2012;67.130
Rusia;Todas las edades;Total;1 de octubre de 2011;""
Rusia;Todas las edades;Total;1 de julio de 2011;64.102
Rusia;Todas las edades;Total;1 de abril de 2011;""
Rusia;Todas las edades;Total;1 de enero de 2011;62.055
Rusia;Todas las edades;Total;1 de octubre de 2010;""
Rusia;Todas las edades;Total;1 de julio de 2010;59.846
Rusia;Todas las edades;Total;1 de abril de 2010;""
Rusia;Todas las edades;Total;1 de enero de 2010;58.461
Rusia;Todas las edades;Total;1 de octubre de 2009;""
Rusia;Todas las edades;Total;1 de julio de 2009;56.831
Rusia;Todas las edades;Total;1 de abril de 2009;""
Rusia;Todas las edades;Total;1 de enero de 2009;55.687
Rusia;Todas las edades;Total;1 de octubre de 2008;""
Rusia;Todas las edades;Total;1 de julio de 2008;53.880
Rusia;Todas las edades;Total;1 de abril de 2008;""
Rusia;Todas las edades;Total;1 de enero de 2008;52.069
Rusia;Todas las edades;Total;1 de octubre de 2007;""
Rusia;Todas las edades;Total;1 de julio de 2007;49.635
Rusia;Todas las edades;Total;1 de abril de 2007;""
Rusia;Todas las edades;Total;1 de enero de 2007;47.235
Rusia;Todas las edades;Total;1 de octubre de 2006;""
Rusia;Todas las edades;Total;1 de julio de 2006;44.334
Rusia;Todas las edades;Total;1 de abril de 2006;""
Rusia;Todas las edades;Total;1 de enero de 2006;41.902
Rusia;Todas las edades;Total;1 de octubre de 2005;""
Rusia;Todas las edades;Total;1 de julio de 2005;39.380
Rusia;Todas las edades;Total;1 de abril de 2005;""
Rusia;Todas las edades;Total;1 de enero de 2005;36.170
Rusia;Todas las edades;Total;1 de octubre de 2004;""
Rusia;Todas las edades;Total;1 de julio de 2004;31.996
Rusia;Todas las edades;Total;1 de abril de 2004;""
Rusia;Todas las edades;Total;1 de enero de 2004;29.520
Rusia;Todas las edades;Total;1 de octubre de 2003;""
Rusia;Todas las edades;Total;1 de julio de 2003;26.181
Rusia;Todas las edades;Total;1 de abril de 2003;""
Rusia;Todas las edades;Total;1 de enero de 2003;22.992
Rusia;Todas las edades;Total;1 de octubre de 2002;""
Rusia;Todas las edades;Total;1 de julio de 2002;19.288
Rusia;Todas las edades;Total;1 de abril de 2002;""
Rusia;Todas las edades;Total;1 de enero de 2002;15.634
Otro país del resto de Europa;Todas las edades;Total;1 de enero de 2025;86.847
Otro país del resto de Europa;Todas las edades;Total;1 de octubre de 2024;85.731
Otro país del resto de Europa;Todas las edades;Total;1 de julio de 2024;84.021
Otro país del resto de Europa;Todas las edades;Total;1 de abril de 2024;83.063
Otro país del resto de Europa;Todas las edades;Total;1 de enero de 2024;82.337
Otro país del resto de Europa;Todas las edades;Total;1 de octubre de 2023;81.247
Otro país del resto de Europa;Todas las edades;Total;1 de julio de 2023;79.295
Otro país del resto de Europa;Todas las edades;Total;1 de abril de 2023;78.279
Otro país del resto de Europa;Todas las edades;Total;1 de enero de 2023;76.870
Otro país del resto de Europa;Todas las edades;Total;1 de octubre de 2022;74.580
Otro país del resto de Europa;Todas las edades;Total;1 de julio de 2022;71.961
Otro país del resto de Europa;Todas las edades;Total;1 de abril de 2022;69.940
Otro país del resto de Europa;Todas las edades;Total;1 de enero de 2022;68.541
Otro país del resto de Europa;Todas las edades;Total;1 de octubre de 2021;67.309
Otro país del resto de Europa;Todas las edades;Total;1 de julio de 2021;65.595
Otro país del resto de Europa;Todas las edades;Total;1 de abril de 2021;65.534
Otro país del resto de Europa;Todas las edades;Total;1 de enero de 2021;65.655
Otro país del resto de Europa;Todas las edades;Total;1 de octubre de 2020;""
Otro país del resto de Europa;Todas las edades;Total;1 de julio de 2020;57.593
Otro país del resto de Europa;Todas las edades;Total;1 de abril de 2020;""
Otro país del resto de Europa;Todas las edades;Total;1 de enero de 2020;56.366
Otro país del resto de Europa;Todas las edades;Total;1 de octubre de 2019;""
Otro país del resto de Europa;Todas las edades;Total;1 de julio de 2019;53.320
Otro país del resto de Europa;Todas las edades;Total;1 de abril de 2019;""
Otro país del resto de Europa;Todas las edades;Total;1 de enero de 2019;51.041
Otro país del resto de Europa;Todas las edades;Total;1 de octubre de 2018;""
Otro país del resto de Europa;Todas las edades;Total;1 de julio de 2018;48.246
Otro país del resto de Europa;Todas las edades;Total;1 de abril de 2018;""
Otro país del resto de Europa;Todas las edades;Total;1 de enero de 2018;46.591
Otro país del resto de Europa;Todas las edades;Total;1 de octubre de 2017;""
Otro país del resto de Europa;Todas las edades;Total;1 de julio de 2017;44.351
Otro país del resto de Europa;Todas las edades;Total;1 de abril de 2017;""
Otro país del resto de Europa;Todas las edades;Total;1 de enero de 2017;43.321
Otro país del resto de Europa;Todas las edades;Total;1 de octubre de 2016;""
Otro país del resto de Europa;Todas las edades;Total;1 de julio de 2016;41.857
Otro país del resto de Europa;Todas las edades;Total;1 de abril de 2016;""
Otro país del resto de Europa;Todas las edades;Total;1 de enero de 2016;40.952
Otro país del resto de Europa;Todas las edades;Total;1 de octubre de 2015;""
Otro país del resto de Europa;Todas las edades;Total;1 de julio de 2015;39.766
Otro país del resto de Europa;Todas las edades;Total;1 de abril de 2015;""
Otro país del resto de Europa;Todas las edades;Total;1 de enero de 2015;39.352
Otro país del resto de Europa;Todas las edades;Total;1 de octubre de 2014;""
Otro país del resto de Europa;Todas las edades;Total;1 de julio de 2014;38.437
Otro país del resto de Europa;Todas las edades;Total;1 de abril de 2014;""
Otro país del resto de Europa;Todas las edades;Total;1 de enero de 2014;38.251
Otro país del resto de Europa;Todas las edades;Total;1 de octubre de 2013;""
Otro país del resto de Europa;Todas las edades;Total;1 de julio de 2013;38.362
Otro país del resto de Europa;Todas las edades;Total;1 de abril de 2013;""
Otro país del resto de Europa;Todas las edades;Total;1 de enero de 2013;40.400
Otro país del resto de Europa;Todas las edades;Total;1 de octubre de 2012;""
Otro país del resto de Europa;Todas las edades;Total;1 de julio de 2012;39.954
Otro país del resto de Europa;Todas las edades;Total;1 de abril de 2012;""
Otro país del resto de Europa;Todas las edades;Total;1 de enero de 2012;40.700
Otro país del resto de Europa;Todas las edades;Total;1 de octubre de 2011;""
Otro país del resto de Europa;Todas las edades;Total;1 de julio de 2011;40.275
Otro país del resto de Europa;Todas las edades;Total;1 de abril de 2011;""
Otro país del resto de Europa;Todas las edades;Total;1 de enero de 2011;40.436
Otro país del resto de Europa;Todas las edades;Total;1 de octubre de 2010;""
Otro país del resto de Europa;Todas las edades;Total;1 de julio de 2010;40.537
Otro país del resto de Europa;Todas las edades;Total;1 de abril de 2010;""
Otro país del resto de Europa;Todas las edades;Total;1 de enero de 2010;40.720
Otro país del resto de Europa;Todas las edades;Total;1 de octubre de 2009;""
Otro país del resto de Europa;Todas las edades;Total;1 de julio de 2009;40.984
Otro país del resto de Europa;Todas las edades;Total;1 de abril de 2009;""
Otro país del resto de Europa;Todas las edades;Total;1 de enero de 2009;41.177
Otro país del resto de Europa;Todas las edades;Total;1 de octubre de 2008;""
Otro país del resto de Europa;Todas las edades;Total;1 de julio de 2008;40.600
Otro país del resto de Europa;Todas las edades;Total;1 de abril de 2008;""
Otro país del resto de Europa;Todas las edades;Total;1 de enero de 2008;39.162
Otro país del resto de Europa;Todas las edades;Total;1 de octubre de 2007;""
Otro país del resto de Europa;Todas las edades;Total;1 de julio de 2007;37.013
Otro país del resto de Europa;Todas las edades;Total;1 de abril de 2007;""
Otro país del resto de Europa;Todas las edades;Total;1 de enero de 2007;35.205
Otro país del resto de Europa;Todas las edades;Total;1 de octubre de 2006;""
Otro país del resto de Europa;Todas las edades;Total;1 de julio de 2006;33.182
Otro país del resto de Europa;Todas las edades;Total;1 de abril de 2006;""
Otro país del resto de Europa;Todas las edades;Total;1 de enero de 2006;31.706
Otro país del resto de Europa;Todas las edades;Total;1 de octubre de 2005;""
Otro país del resto de Europa;Todas las edades;Total;1 de julio de 2005;30.034
Otro país del resto de Europa;Todas las edades;Total;1 de abril de 2005;""
Otro país del resto de Europa;Todas las edades;Total;1 de enero de 2005;28.111
Otro país del resto de Europa;Todas las edades;Total;1 de octubre de 2004;""
Otro país del resto de Europa;Todas las edades;Total;1 de julio de 2004;25.678
Otro país del resto de Europa;Todas las edades;Total;1 de abril de 2004;""
Otro país del resto de Europa;Todas las edades;Total;1 de enero de 2004;24.189
Otro país del resto de Europa;Todas las edades;Total;1 de octubre de 2003;""
Otro país del resto de Europa;Todas las edades;Total;1 de julio de 2003;22.165
Otro país del resto de Europa;Todas las edades;Total;1 de abril de 2003;""
Otro país del resto de Europa;Todas las edades;Total;1 de enero de 2003;20.327
Otro país del resto de Europa;Todas las edades;Total;1 de octubre de 2002;""
Otro país del resto de Europa;Todas las edades;Total;1 de julio de 2002;17.791
Otro país del resto de Europa;Todas las edades;Total;1 de abril de 2002;""
Otro país del resto de Europa;Todas las edades;Total;1 de enero de 2002;15.689
África;Todas las edades;Total;1 de enero de 2025;1.647.610
África;Todas las edades;Total;1 de octubre de 2024;1.616.793
África;Todas las edades;Total;1 de julio de 2024;1.579.436
África;Todas las edades;Total;1 de abril de 2024;1.549.481
África;Todas las edades;Total;1 de enero de 2024;1.524.788
África;Todas las edades;Total;1 de octubre de 2023;1.500.962
África;Todas las edades;Total;1 de julio de 2023;1.471.474
África;Todas las edades;Total;1 de abril de 2023;1.454.473
África;Todas las edades;Total;1 de enero de 2023;1.435.992
África;Todas las edades;Total;1 de octubre de 2022;1.412.515
África;Todas las edades;Total;1 de julio de 2022;1.385.451
África;Todas las edades;Total;1 de abril de 2022;1.363.181
África;Todas las edades;Total;1 de enero de 2022;1.341.903
África;Todas las edades;Total;1 de octubre de 2021;1.329.052
África;Todas las edades;Total;1 de julio de 2021;1.310.092
África;Todas las edades;Total;1 de abril de 2021;1.304.455
África;Todas las edades;Total;1 de enero de 2021;1.297.144
África;Todas las edades;Total;1 de octubre de 2020;""
África;Todas las edades;Total;1 de julio de 2020;1.271.980
África;Todas las edades;Total;1 de abril de 2020;""
África;Todas las edades;Total;1 de enero de 2020;1.247.286
África;Todas las edades;Total;1 de octubre de 2019;""
África;Todas las edades;Total;1 de julio de 2019;1.200.257
África;Todas las edades;Total;1 de abril de 2019;""
África;Todas las edades;Total;1 de enero de 2019;1.157.240
África;Todas las edades;Total;1 de octubre de 2018;""
África;Todas las edades;Total;1 de julio de 2018;1.114.402
África;Todas las edades;Total;1 de abril de 2018;""
África;Todas las edades;Total;1 de enero de 2018;1.089.043
África;Todas las edades;Total;1 de octubre de 2017;""
África;Todas las edades;Total;1 de julio de 2017;1.066.624
África;Todas las edades;Total;1 de abril de 2017;""
África;Todas las edades;Total;1 de enero de 2017;1.053.377
África;Todas las edades;Total;1 de octubre de 2016;""
África;Todas las edades;Total;1 de julio de 2016;1.041.270
África;Todas las edades;Total;1 de abril de 2016;""
África;Todas las edades;Total;1 de enero de 2016;1.031.884
África;Todas las edades;Total;1 de octubre de 2015;""
África;Todas las edades;Total;1 de julio de 2015;1.024.352
África;Todas las edades;Total;1 de abril de 2015;""
África;Todas las edades;Total;1 de enero de 2015;1.017.664
África;Todas las edades;Total;1 de octubre de 2014;""
África;Todas las edades;Total;1 de julio de 2014;1.016.867
África;Todas las edades;Total;1 de abril de 2014;""
África;Todas las edades;Total;1 de enero de 2014;1.017.292
África;Todas las edades;Total;1 de octubre de 2013;""
África;Todas las edades;Total;1 de julio de 2013;1.029.413
África;Todas las edades;Total;1 de abril de 2013;""
África;Todas las edades;Total;1 de enero de 2013;1.041.854
África;Todas las edades;Total;1 de octubre de 2012;""
África;Todas las edades;Total;1 de julio de 2012;1.050.550
África;Todas las edades;Total;1 de abril de 2012;""
África;Todas las edades;Total;1 de enero de 2012;1.059.561
África;Todas las edades;Total;1 de octubre de 2011;""
África;Todas las edades;Total;1 de julio de 2011;1.067.073
África;Todas las edades;Total;1 de abril de 2011;""
África;Todas las edades;Total;1 de enero de 2011;1.071.376
África;Todas las edades;Total;1 de octubre de 2010;""
África;Todas las edades;Total;1 de julio de 2010;1.074.414
África;Todas las edades;Total;1 de abril de 2010;""
África;Todas las edades;Total;1 de enero de 2010;1.070.992
África;Todas las edades;Total;1 de octubre de 2009;""
África;Todas las edades;Total;1 de julio de 2009;1.063.663
África;Todas las edades;Total;1 de abril de 2009;""
África;Todas las edades;Total;1 de enero de 2009;1.042.687
África;Todas las edades;Total;1 de octubre de 2008;""
África;Todas las edades;Total;1 de julio de 2008;1.008.823
África;Todas las edades;Total;1 de abril de 2008;""
África;Todas las edades;Total;1 de enero de 2008;961.656
África;Todas las edades;Total;1 de octubre de 2007;""
África;Todas las edades;Total;1 de julio de 2007;913.433
África;Todas las edades;Total;1 de abril de 2007;""
África;Todas las edades;Total;1 de enero de 2007;871.211
África;Todas las edades;Total;1 de octubre de 2006;""
África;Todas las edades;Total;1 de julio de 2006;833.306
África;Todas las edades;Total;1 de abril de 2006;""
África;Todas las edades;Total;1 de enero de 2006;801.702
África;Todas las edades;Total;1 de octubre de 2005;""
África;Todas las edades;Total;1 de julio de 2005;767.892
África;Todas las edades;Total;1 de abril de 2005;""
África;Todas las edades;Total;1 de enero de 2005;710.884
África;Todas las edades;Total;1 de octubre de 2004;""
África;Todas las edades;Total;1 de julio de 2004;651.319
África;Todas las edades;Total;1 de abril de 2004;""
África;Todas las edades;Total;1 de enero de 2004;613.630
África;Todas las edades;Total;1 de octubre de 2003;""
África;Todas las edades;Total;1 de julio de 2003;573.215
África;Todas las edades;Total;1 de abril de 2003;""
África;Todas las edades;Total;1 de enero de 2003;532.169
África;Todas las edades;Total;1 de octubre de 2002;""
África;Todas las edades;Total;1 de julio de 2002;487.461
África;Todas las edades;Total;1 de abril de 2002;""
África;Todas las edades;Total;1 de enero de 2002;442.408
Argelia;Todas las edades;Total;1 de enero de 2025;103.935
Argelia;Todas las edades;Total;1 de octubre de 2024;99.011
Argelia;Todas las edades;Total;1 de julio de 2024;93.995
Argelia;Todas las edades;Total;1 de abril de 2024;90.823
Argelia;Todas las edades;Total;1 de enero de 2024;87.854
Argelia;Todas las edades;Total;1 de octubre de 2023;85.298
Argelia;Todas las edades;Total;1 de julio de 2023;81.858
Argelia;Todas las edades;Total;1 de abril de 2023;80.424
Argelia;Todas las edades;Total;1 de enero de 2023;79.026
Argelia;Todas las edades;Total;1 de octubre de 2022;77.183
Argelia;Todas las edades;Total;1 de julio de 2022;74.636
Argelia;Todas las edades;Total;1 de abril de 2022;73.326
Argelia;Todas las edades;Total;1 de enero de 2022;71.766
Argelia;Todas las edades;Total;1 de octubre de 2021;70.995
Argelia;Todas las edades;Total;1 de julio de 2021;70.261
Argelia;Todas las edades;Total;1 de abril de 2021;70.475
Argelia;Todas las edades;Total;1 de enero de 2021;70.842
Argelia;Todas las edades;Total;1 de octubre de 2020;""
Argelia;Todas las edades;Total;1 de julio de 2020;70.564
Argelia;Todas las edades;Total;1 de abril de 2020;""
Argelia;Todas las edades;Total;1 de enero de 2020;69.447
Argelia;Todas las edades;Total;1 de octubre de 2019;""
Argelia;Todas las edades;Total;1 de julio de 2019;66.927
Argelia;Todas las edades;Total;1 de abril de 2019;""
Argelia;Todas las edades;Total;1 de enero de 2019;64.459
Argelia;Todas las edades;Total;1 de octubre de 2018;""
Argelia;Todas las edades;Total;1 de julio de 2018;62.162
Argelia;Todas las edades;Total;1 de abril de 2018;""
Argelia;Todas las edades;Total;1 de enero de 2018;61.054
Argelia;Todas las edades;Total;1 de octubre de 2017;""
Argelia;Todas las edades;Total;1 de julio de 2017;59.897
Argelia;Todas las edades;Total;1 de abril de 2017;""
Argelia;Todas las edades;Total;1 de enero de 2017;59.807
Argelia;Todas las edades;Total;1 de octubre de 2016;""
Argelia;Todas las edades;Total;1 de julio de 2016;58.844
Argelia;Todas las edades;Total;1 de abril de 2016;""
Argelia;Todas las edades;Total;1 de enero de 2016;58.941
Argelia;Todas las edades;Total;1 de octubre de 2015;""
Argelia;Todas las edades;Total;1 de julio de 2015;58.383
Argelia;Todas las edades;Total;1 de abril de 2015;""
Argelia;Todas las edades;Total;1 de enero de 2015;58.264
Argelia;Todas las edades;Total;1 de octubre de 2014;""
Argelia;Todas las edades;Total;1 de julio de 2014;57.817
Argelia;Todas las edades;Total;1 de abril de 2014;""
Argelia;Todas las edades;Total;1 de enero de 2014;57.675
Argelia;Todas las edades;Total;1 de octubre de 2013;""
Argelia;Todas las edades;Total;1 de julio de 2013;57.867
Argelia;Todas las edades;Total;1 de abril de 2013;""
Argelia;Todas las edades;Total;1 de enero de 2013;58.505
Argelia;Todas las edades;Total;1 de octubre de 2012;""
Argelia;Todas las edades;Total;1 de julio de 2012;58.105
Argelia;Todas las edades;Total;1 de abril de 2012;""
Argelia;Todas las edades;Total;1 de enero de 2012;59.041
Argelia;Todas las edades;Total;1 de octubre de 2011;""
Argelia;Todas las edades;Total;1 de julio de 2011;59.243
Argelia;Todas las edades;Total;1 de abril de 2011;""
Argelia;Todas las edades;Total;1 de enero de 2011;59.777
Argelia;Todas las edades;Total;1 de octubre de 2010;""
Argelia;Todas las edades;Total;1 de julio de 2010;59.961
Argelia;Todas las edades;Total;1 de abril de 2010;""
Argelia;Todas las edades;Total;1 de enero de 2010;60.243
Argelia;Todas las edades;Total;1 de octubre de 2009;""
Argelia;Todas las edades;Total;1 de julio de 2009;59.932
Argelia;Todas las edades;Total;1 de abril de 2009;""
Argelia;Todas las edades;Total;1 de enero de 2009;59.541
Argelia;Todas las edades;Total;1 de octubre de 2008;""
Argelia;Todas las edades;Total;1 de julio de 2008;58.402
Argelia;Todas las edades;Total;1 de abril de 2008;""
Argelia;Todas las edades;Total;1 de enero de 2008;56.653
Argelia;Todas las edades;Total;1 de octubre de 2007;""
Argelia;Todas las edades;Total;1 de julio de 2007;54.290
Argelia;Todas las edades;Total;1 de abril de 2007;""
Argelia;Todas las edades;Total;1 de enero de 2007;52.002
Argelia;Todas las edades;Total;1 de octubre de 2006;""
Argelia;Todas las edades;Total;1 de julio de 2006;49.761
Argelia;Todas las edades;Total;1 de abril de 2006;""
Argelia;Todas las edades;Total;1 de enero de 2006;48.750
Argelia;Todas las edades;Total;1 de octubre de 2005;""
Argelia;Todas las edades;Total;1 de julio de 2005;47.826
Argelia;Todas las edades;Total;1 de abril de 2005;""
Argelia;Todas las edades;Total;1 de enero de 2005;45.417
Argelia;Todas las edades;Total;1 de octubre de 2004;""
Argelia;Todas las edades;Total;1 de julio de 2004;43.081
Argelia;Todas las edades;Total;1 de abril de 2004;""
Argelia;Todas las edades;Total;1 de enero de 2004;41.400
Argelia;Todas las edades;Total;1 de octubre de 2003;""
Argelia;Todas las edades;Total;1 de julio de 2003;39.203
Argelia;Todas las edades;Total;1 de abril de 2003;""
Argelia;Todas las edades;Total;1 de enero de 2003;37.099
Argelia;Todas las edades;Total;1 de octubre de 2002;""
Argelia;Todas las edades;Total;1 de julio de 2002;34.192
Argelia;Todas las edades;Total;1 de abril de 2002;""
Argelia;Todas las edades;Total;1 de enero de 2002;30.709
Gambia;Todas las edades;Total;1 de enero de 2025;31.753
Gambia;Todas las edades;Total;1 de octubre de 2024;31.192
Gambia;Todas las edades;Total;1 de julio de 2024;30.367
Gambia;Todas las edades;Total;1 de abril de 2024;29.488
Gambia;Todas las edades;Total;1 de enero de 2024;28.750
Gambia;Todas las edades;Total;1 de octubre de 2023;28.441
Gambia;Todas las edades;Total;1 de julio de 2023;28.185
Gambia;Todas las edades;Total;1 de abril de 2023;27.971
Gambia;Todas las edades;Total;1 de enero de 2023;27.574
Gambia;Todas las edades;Total;1 de octubre de 2022;27.098
Gambia;Todas las edades;Total;1 de julio de 2022;26.564
Gambia;Todas las edades;Total;1 de abril de 2022;26.041
Gambia;Todas las edades;Total;1 de enero de 2022;25.579
Gambia;Todas las edades;Total;1 de octubre de 2021;25.235
Gambia;Todas las edades;Total;1 de julio de 2021;24.698
Gambia;Todas las edades;Total;1 de abril de 2021;24.351
Gambia;Todas las edades;Total;1 de enero de 2021;23.997
Gambia;Todas las edades;Total;1 de octubre de 2020;""
Gambia;Todas las edades;Total;1 de julio de 2020;23.340
Gambia;Todas las edades;Total;1 de abril de 2020;""
Gambia;Todas las edades;Total;1 de enero de 2020;22.855
Gambia;Todas las edades;Total;1 de octubre de 2019;""
Gambia;Todas las edades;Total;1 de julio de 2019;21.875
Gambia;Todas las edades;Total;1 de abril de 2019;""
Gambia;Todas las edades;Total;1 de enero de 2019;21.174
Gambia;Todas las edades;Total;1 de octubre de 2018;""
Gambia;Todas las edades;Total;1 de julio de 2018;20.278
Gambia;Todas las edades;Total;1 de abril de 2018;""
Gambia;Todas las edades;Total;1 de enero de 2018;19.968
Gambia;Todas las edades;Total;1 de octubre de 2017;""
Gambia;Todas las edades;Total;1 de julio de 2017;19.621
Gambia;Todas las edades;Total;1 de abril de 2017;""
Gambia;Todas las edades;Total;1 de enero de 2017;19.330
Gambia;Todas las edades;Total;1 de octubre de 2016;""
Gambia;Todas las edades;Total;1 de julio de 2016;18.986
Gambia;Todas las edades;Total;1 de abril de 2016;""
Gambia;Todas las edades;Total;1 de enero de 2016;18.656
Gambia;Todas las edades;Total;1 de octubre de 2015;""
Gambia;Todas las edades;Total;1 de julio de 2015;18.467
Gambia;Todas las edades;Total;1 de abril de 2015;""
Gambia;Todas las edades;Total;1 de enero de 2015;18.183
Gambia;Todas las edades;Total;1 de octubre de 2014;""
Gambia;Todas las edades;Total;1 de julio de 2014;18.133
Gambia;Todas las edades;Total;1 de abril de 2014;""
Gambia;Todas las edades;Total;1 de enero de 2014;18.105
Gambia;Todas las edades;Total;1 de octubre de 2013;""
Gambia;Todas las edades;Total;1 de julio de 2013;18.422
Gambia;Todas las edades;Total;1 de abril de 2013;""
Gambia;Todas las edades;Total;1 de enero de 2013;18.549
Gambia;Todas las edades;Total;1 de octubre de 2012;""
Gambia;Todas las edades;Total;1 de julio de 2012;18.633
Gambia;Todas las edades;Total;1 de abril de 2012;""
Gambia;Todas las edades;Total;1 de enero de 2012;18.625
Gambia;Todas las edades;Total;1 de octubre de 2011;""
Gambia;Todas las edades;Total;1 de julio de 2011;18.833
Gambia;Todas las edades;Total;1 de abril de 2011;""
Gambia;Todas las edades;Total;1 de enero de 2011;18.872
Gambia;Todas las edades;Total;1 de octubre de 2010;""
Gambia;Todas las edades;Total;1 de julio de 2010;18.940
Gambia;Todas las edades;Total;1 de abril de 2010;""
Gambia;Todas las edades;Total;1 de enero de 2010;18.689
Gambia;Todas las edades;Total;1 de octubre de 2009;""
Gambia;Todas las edades;Total;1 de julio de 2009;18.550
Gambia;Todas las edades;Total;1 de abril de 2009;""
Gambia;Todas las edades;Total;1 de enero de 2009;17.935
Gambia;Todas las edades;Total;1 de octubre de 2008;""
Gambia;Todas las edades;Total;1 de julio de 2008;17.018
Gambia;Todas las edades;Total;1 de abril de 2008;""
Gambia;Todas las edades;Total;1 de enero de 2008;15.976
Gambia;Todas las edades;Total;1 de octubre de 2007;""
Gambia;Todas las edades;Total;1 de julio de 2007;15.030
Gambia;Todas las edades;Total;1 de abril de 2007;""
Gambia;Todas las edades;Total;1 de enero de 2007;13.838
Gambia;Todas las edades;Total;1 de octubre de 2006;""
Gambia;Todas las edades;Total;1 de julio de 2006;13.141
Gambia;Todas las edades;Total;1 de abril de 2006;""
Gambia;Todas las edades;Total;1 de enero de 2006;12.669
Gambia;Todas las edades;Total;1 de octubre de 2005;""
Gambia;Todas las edades;Total;1 de julio de 2005;12.150
Gambia;Todas las edades;Total;1 de abril de 2005;""
Gambia;Todas las edades;Total;1 de enero de 2005;11.131
Gambia;Todas las edades;Total;1 de octubre de 2004;""
Gambia;Todas las edades;Total;1 de julio de 2004;10.055
Gambia;Todas las edades;Total;1 de abril de 2004;""
Gambia;Todas las edades;Total;1 de enero de 2004;9.362
Gambia;Todas las edades;Total;1 de octubre de 2003;""
Gambia;Todas las edades;Total;1 de julio de 2003;8.748
Gambia;Todas las edades;Total;1 de abril de 2003;""
Gambia;Todas las edades;Total;1 de enero de 2003;8.167
Gambia;Todas las edades;Total;1 de octubre de 2002;""
Gambia;Todas las edades;Total;1 de julio de 2002;7.525
Gambia;Todas las edades;Total;1 de abril de 2002;""
Gambia;Todas las edades;Total;1 de enero de 2002;6.701
Ghana;Todas las edades;Total;1 de enero de 2025;23.953
Ghana;Todas las edades;Total;1 de octubre de 2024;23.736
Ghana;Todas las edades;Total;1 de julio de 2024;23.418
Ghana;Todas las edades;Total;1 de abril de 2024;23.074
Ghana;Todas las edades;Total;1 de enero de 2024;22.961
Ghana;Todas las edades;Total;1 de octubre de 2023;22.882
Ghana;Todas las edades;Total;1 de julio de 2023;22.635
Ghana;Todas las edades;Total;1 de abril de 2023;22.429
Ghana;Todas las edades;Total;1 de enero de 2023;22.266
Ghana;Todas las edades;Total;1 de octubre de 2022;21.945
Ghana;Todas las edades;Total;1 de julio de 2022;21.676
Ghana;Todas las edades;Total;1 de abril de 2022;21.301
Ghana;Todas las edades;Total;1 de enero de 2022;20.985
Ghana;Todas las edades;Total;1 de octubre de 2021;20.926
Ghana;Todas las edades;Total;1 de julio de 2021;20.701
Ghana;Todas las edades;Total;1 de abril de 2021;20.515
Ghana;Todas las edades;Total;1 de enero de 2021;20.292
Ghana;Todas las edades;Total;1 de octubre de 2020;""
Ghana;Todas las edades;Total;1 de julio de 2020;19.698
Ghana;Todas las edades;Total;1 de abril de 2020;""
Ghana;Todas las edades;Total;1 de enero de 2020;19.058
Ghana;Todas las edades;Total;1 de octubre de 2019;""
Ghana;Todas las edades;Total;1 de julio de 2019;17.847
Ghana;Todas las edades;Total;1 de abril de 2019;""
Ghana;Todas las edades;Total;1 de enero de 2019;16.721
Ghana;Todas las edades;Total;1 de octubre de 2018;""
Ghana;Todas las edades;Total;1 de julio de 2018;15.973
Ghana;Todas las edades;Total;1 de abril de 2018;""
Ghana;Todas las edades;Total;1 de enero de 2018;15.252
Ghana;Todas las edades;Total;1 de octubre de 2017;""
Ghana;Todas las edades;Total;1 de julio de 2017;14.729
Ghana;Todas las edades;Total;1 de abril de 2017;""
Ghana;Todas las edades;Total;1 de enero de 2017;14.370
Ghana;Todas las edades;Total;1 de octubre de 2016;""
Ghana;Todas las edades;Total;1 de julio de 2016;13.985
Ghana;Todas las edades;Total;1 de abril de 2016;""
Ghana;Todas las edades;Total;1 de enero de 2016;13.762
Ghana;Todas las edades;Total;1 de octubre de 2015;""
Ghana;Todas las edades;Total;1 de julio de 2015;13.599
Ghana;Todas las edades;Total;1 de abril de 2015;""
Ghana;Todas las edades;Total;1 de enero de 2015;13.400
Ghana;Todas las edades;Total;1 de octubre de 2014;""
Ghana;Todas las edades;Total;1 de julio de 2014;13.292
Ghana;Todas las edades;Total;1 de abril de 2014;""
Ghana;Todas las edades;Total;1 de enero de 2014;13.159
Ghana;Todas las edades;Total;1 de octubre de 2013;""
Ghana;Todas las edades;Total;1 de julio de 2013;13.407
Ghana;Todas las edades;Total;1 de abril de 2013;""
Ghana;Todas las edades;Total;1 de enero de 2013;13.694
Ghana;Todas las edades;Total;1 de octubre de 2012;""
Ghana;Todas las edades;Total;1 de julio de 2012;13.984
Ghana;Todas las edades;Total;1 de abril de 2012;""
Ghana;Todas las edades;Total;1 de enero de 2012;14.174
Ghana;Todas las edades;Total;1 de octubre de 2011;""
Ghana;Todas las edades;Total;1 de julio de 2011;14.605
Ghana;Todas las edades;Total;1 de abril de 2011;""
Ghana;Todas las edades;Total;1 de enero de 2011;14.767
Ghana;Todas las edades;Total;1 de octubre de 2010;""
Ghana;Todas las edades;Total;1 de julio de 2010;14.913
Ghana;Todas las edades;Total;1 de abril de 2010;""
Ghana;Todas las edades;Total;1 de enero de 2010;14.894
Ghana;Todas las edades;Total;1 de octubre de 2009;""
Ghana;Todas las edades;Total;1 de julio de 2009;14.883
Ghana;Todas las edades;Total;1 de abril de 2009;""
Ghana;Todas las edades;Total;1 de enero de 2009;14.691
Ghana;Todas las edades;Total;1 de octubre de 2008;""
Ghana;Todas las edades;Total;1 de julio de 2008;14.203
Ghana;Todas las edades;Total;1 de abril de 2008;""
Ghana;Todas las edades;Total;1 de enero de 2008;13.540
Ghana;Todas las edades;Total;1 de octubre de 2007;""
Ghana;Todas las edades;Total;1 de julio de 2007;13.061
Ghana;Todas las edades;Total;1 de abril de 2007;""
Ghana;Todas las edades;Total;1 de enero de 2007;12.772
Ghana;Todas las edades;Total;1 de octubre de 2006;""
Ghana;Todas las edades;Total;1 de julio de 2006;12.552
Ghana;Todas las edades;Total;1 de abril de 2006;""
Ghana;Todas las edades;Total;1 de enero de 2006;12.285
Ghana;Todas las edades;Total;1 de octubre de 2005;""
Ghana;Todas las edades;Total;1 de julio de 2005;11.699
Ghana;Todas las edades;Total;1 de abril de 2005;""
Ghana;Todas las edades;Total;1 de enero de 2005;9.742
Ghana;Todas las edades;Total;1 de octubre de 2004;""
Ghana;Todas las edades;Total;1 de julio de 2004;7.854
Ghana;Todas las edades;Total;1 de abril de 2004;""
Ghana;Todas las edades;Total;1 de enero de 2004;7.153
Ghana;Todas las edades;Total;1 de octubre de 2003;""
Ghana;Todas las edades;Total;1 de julio de 2003;6.258
Ghana;Todas las edades;Total;1 de abril de 2003;""
Ghana;Todas las edades;Total;1 de enero de 2003;5.177
Ghana;Todas las edades;Total;1 de octubre de 2002;""
Ghana;Todas las edades;Total;1 de julio de 2002;4.337
Ghana;Todas las edades;Total;1 de abril de 2002;""
Ghana;Todas las edades;Total;1 de enero de 2002;3.692
Guinea;Todas las edades;Total;1 de enero de 2025;15.873
Guinea;Todas las edades;Total;1 de octubre de 2024;15.752
Guinea;Todas las edades;Total;1 de julio de 2024;15.454
Guinea;Todas las edades;Total;1 de abril de 2024;15.378
Guinea;Todas las edades;Total;1 de enero de 2024;15.313
Guinea;Todas las edades;Total;1 de octubre de 2023;15.164
Guinea;Todas las edades;Total;1 de julio de 2023;15.027
Guinea;Todas las edades;Total;1 de abril de 2023;14.989
Guinea;Todas las edades;Total;1 de enero de 2023;14.869
Guinea;Todas las edades;Total;1 de octubre de 2022;14.773
Guinea;Todas las edades;Total;1 de julio de 2022;14.581
Guinea;Todas las edades;Total;1 de abril de 2022;14.406
Guinea;Todas las edades;Total;1 de enero de 2022;14.332
Guinea;Todas las edades;Total;1 de octubre de 2021;14.453
Guinea;Todas las edades;Total;1 de julio de 2021;14.343
Guinea;Todas las edades;Total;1 de abril de 2021;14.316
Guinea;Todas las edades;Total;1 de enero de 2021;14.284
Guinea;Todas las edades;Total;1 de octubre de 2020;""
Guinea;Todas las edades;Total;1 de julio de 2020;14.007
Guinea;Todas las edades;Total;1 de abril de 2020;""
Guinea;Todas las edades;Total;1 de enero de 2020;13.695
Guinea;Todas las edades;Total;1 de octubre de 2019;""
Guinea;Todas las edades;Total;1 de julio de 2019;13.031
Guinea;Todas las edades;Total;1 de abril de 2019;""
Guinea;Todas las edades;Total;1 de enero de 2019;12.416
Guinea;Todas las edades;Total;1 de octubre de 2018;""
Guinea;Todas las edades;Total;1 de julio de 2018;11.701
Guinea;Todas las edades;Total;1 de abril de 2018;""
Guinea;Todas las edades;Total;1 de enero de 2018;11.526
Guinea;Todas las edades;Total;1 de octubre de 2017;""
Guinea;Todas las edades;Total;1 de julio de 2017;11.300
Guinea;Todas las edades;Total;1 de abril de 2017;""
Guinea;Todas las edades;Total;1 de enero de 2017;11.205
Guinea;Todas las edades;Total;1 de octubre de 2016;""
Guinea;Todas las edades;Total;1 de julio de 2016;11.022
Guinea;Todas las edades;Total;1 de abril de 2016;""
Guinea;Todas las edades;Total;1 de enero de 2016;10.809
Guinea;Todas las edades;Total;1 de octubre de 2015;""
Guinea;Todas las edades;Total;1 de julio de 2015;10.616
Guinea;Todas las edades;Total;1 de abril de 2015;""
Guinea;Todas las edades;Total;1 de enero de 2015;10.526
Guinea;Todas las edades;Total;1 de octubre de 2014;""
Guinea;Todas las edades;Total;1 de julio de 2014;10.428
Guinea;Todas las edades;Total;1 de abril de 2014;""
Guinea;Todas las edades;Total;1 de enero de 2014;10.339
Guinea;Todas las edades;Total;1 de octubre de 2013;""
Guinea;Todas las edades;Total;1 de julio de 2013;10.525
Guinea;Todas las edades;Total;1 de abril de 2013;""
Guinea;Todas las edades;Total;1 de enero de 2013;10.791
Guinea;Todas las edades;Total;1 de octubre de 2012;""
Guinea;Todas las edades;Total;1 de julio de 2012;10.820
Guinea;Todas las edades;Total;1 de abril de 2012;""
Guinea;Todas las edades;Total;1 de enero de 2012;11.153
Guinea;Todas las edades;Total;1 de octubre de 2011;""
Guinea;Todas las edades;Total;1 de julio de 2011;11.529
Guinea;Todas las edades;Total;1 de abril de 2011;""
Guinea;Todas las edades;Total;1 de enero de 2011;11.869
Guinea;Todas las edades;Total;1 de octubre de 2010;""
Guinea;Todas las edades;Total;1 de julio de 2010;12.118
Guinea;Todas las edades;Total;1 de abril de 2010;""
Guinea;Todas las edades;Total;1 de enero de 2010;12.191
Guinea;Todas las edades;Total;1 de octubre de 2009;""
Guinea;Todas las edades;Total;1 de julio de 2009;12.187
Guinea;Todas las edades;Total;1 de abril de 2009;""
Guinea;Todas las edades;Total;1 de enero de 2009;12.036
Guinea;Todas las edades;Total;1 de octubre de 2008;""
Guinea;Todas las edades;Total;1 de julio de 2008;11.598
Guinea;Todas las edades;Total;1 de abril de 2008;""
Guinea;Todas las edades;Total;1 de enero de 2008;11.028
Guinea;Todas las edades;Total;1 de octubre de 2007;""
Guinea;Todas las edades;Total;1 de julio de 2007;10.491
Guinea;Todas las edades;Total;1 de abril de 2007;""
Guinea;Todas las edades;Total;1 de enero de 2007;10.022
Guinea;Todas las edades;Total;1 de octubre de 2006;""
Guinea;Todas las edades;Total;1 de julio de 2006;9.609
Guinea;Todas las edades;Total;1 de abril de 2006;""
Guinea;Todas las edades;Total;1 de enero de 2006;9.337
Guinea;Todas las edades;Total;1 de octubre de 2005;""
Guinea;Todas las edades;Total;1 de julio de 2005;8.960
Guinea;Todas las edades;Total;1 de abril de 2005;""
Guinea;Todas las edades;Total;1 de enero de 2005;8.106
Guinea;Todas las edades;Total;1 de octubre de 2004;""
Guinea;Todas las edades;Total;1 de julio de 2004;7.132
Guinea;Todas las edades;Total;1 de abril de 2004;""
Guinea;Todas las edades;Total;1 de enero de 2004;6.641
Guinea;Todas las edades;Total;1 de octubre de 2003;""
Guinea;Todas las edades;Total;1 de julio de 2003;6.136
Guinea;Todas las edades;Total;1 de abril de 2003;""
Guinea;Todas las edades;Total;1 de enero de 2003;5.699
Guinea;Todas las edades;Total;1 de octubre de 2002;""
Guinea;Todas las edades;Total;1 de julio de 2002;5.230
Guinea;Todas las edades;Total;1 de abril de 2002;""
Guinea;Todas las edades;Total;1 de enero de 2002;4.833
Guinea Ecuatorial;Todas las edades;Total;1 de enero de 2025;26.649
Guinea Ecuatorial;Todas las edades;Total;1 de octubre de 2024;26.250
Guinea Ecuatorial;Todas las edades;Total;1 de julio de 2024;25.652
Guinea Ecuatorial;Todas las edades;Total;1 de abril de 2024;25.506
Guinea Ecuatorial;Todas las edades;Total;1 de enero de 2024;25.281
Guinea Ecuatorial;Todas las edades;Total;1 de octubre de 2023;24.768
Guinea Ecuatorial;Todas las edades;Total;1 de julio de 2023;24.247
Guinea Ecuatorial;Todas las edades;Total;1 de abril de 2023;24.069
Guinea Ecuatorial;Todas las edades;Total;1 de enero de 2023;23.723
Guinea Ecuatorial;Todas las edades;Total;1 de octubre de 2022;23.127
Guinea Ecuatorial;Todas las edades;Total;1 de julio de 2022;22.479
Guinea Ecuatorial;Todas las edades;Total;1 de abril de 2022;22.257
Guinea Ecuatorial;Todas las edades;Total;1 de enero de 2022;22.101
Guinea Ecuatorial;Todas las edades;Total;1 de octubre de 2021;21.922
Guinea Ecuatorial;Todas las edades;Total;1 de julio de 2021;21.668
Guinea Ecuatorial;Todas las edades;Total;1 de abril de 2021;21.748
Guinea Ecuatorial;Todas las edades;Total;1 de enero de 2021;21.793
Guinea Ecuatorial;Todas las edades;Total;1 de octubre de 2020;""
Guinea Ecuatorial;Todas las edades;Total;1 de julio de 2020;21.788
Guinea Ecuatorial;Todas las edades;Total;1 de abril de 2020;""
Guinea Ecuatorial;Todas las edades;Total;1 de enero de 2020;21.855
Guinea Ecuatorial;Todas las edades;Total;1 de octubre de 2019;""
Guinea Ecuatorial;Todas las edades;Total;1 de julio de 2019;21.451
Guinea Ecuatorial;Todas las edades;Total;1 de abril de 2019;""
Guinea Ecuatorial;Todas las edades;Total;1 de enero de 2019;21.333
Guinea Ecuatorial;Todas las edades;Total;1 de octubre de 2018;""
Guinea Ecuatorial;Todas las edades;Total;1 de julio de 2018;21.086
Guinea Ecuatorial;Todas las edades;Total;1 de abril de 2018;""
Guinea Ecuatorial;Todas las edades;Total;1 de enero de 2018;21.006
Guinea Ecuatorial;Todas las edades;Total;1 de octubre de 2017;""
Guinea Ecuatorial;Todas las edades;Total;1 de julio de 2017;20.671
Guinea Ecuatorial;Todas las edades;Total;1 de abril de 2017;""
Guinea Ecuatorial;Todas las edades;Total;1 de enero de 2017;20.492
Guinea Ecuatorial;Todas las edades;Total;1 de octubre de 2016;""
Guinea Ecuatorial;Todas las edades;Total;1 de julio de 2016;20.015
Guinea Ecuatorial;Todas las edades;Total;1 de abril de 2016;""
Guinea Ecuatorial;Todas las edades;Total;1 de enero de 2016;19.807
Guinea Ecuatorial;Todas las edades;Total;1 de octubre de 2015;""
Guinea Ecuatorial;Todas las edades;Total;1 de julio de 2015;19.186
Guinea Ecuatorial;Todas las edades;Total;1 de abril de 2015;""
Guinea Ecuatorial;Todas las edades;Total;1 de enero de 2015;19.069
Guinea Ecuatorial;Todas las edades;Total;1 de octubre de 2014;""
Guinea Ecuatorial;Todas las edades;Total;1 de julio de 2014;18.815
Guinea Ecuatorial;Todas las edades;Total;1 de abril de 2014;""
Guinea Ecuatorial;Todas las edades;Total;1 de enero de 2014;18.975
Guinea Ecuatorial;Todas las edades;Total;1 de octubre de 2013;""
Guinea Ecuatorial;Todas las edades;Total;1 de julio de 2013;19.194
Guinea Ecuatorial;Todas las edades;Total;1 de abril de 2013;""
Guinea Ecuatorial;Todas las edades;Total;1 de enero de 2013;19.684
Guinea Ecuatorial;Todas las edades;Total;1 de octubre de 2012;""
Guinea Ecuatorial;Todas las edades;Total;1 de julio de 2012;19.752
Guinea Ecuatorial;Todas las edades;Total;1 de abril de 2012;""
Guinea Ecuatorial;Todas las edades;Total;1 de enero de 2012;20.280
Guinea Ecuatorial;Todas las edades;Total;1 de octubre de 2011;""
Guinea Ecuatorial;Todas las edades;Total;1 de julio de 2011;20.509
Guinea Ecuatorial;Todas las edades;Total;1 de abril de 2011;""
Guinea Ecuatorial;Todas las edades;Total;1 de enero de 2011;20.964
Guinea Ecuatorial;Todas las edades;Total;1 de octubre de 2010;""
Guinea Ecuatorial;Todas las edades;Total;1 de julio de 2010;21.271
Guinea Ecuatorial;Todas las edades;Total;1 de abril de 2010;""
Guinea Ecuatorial;Todas las edades;Total;1 de enero de 2010;21.553
Guinea Ecuatorial;Todas las edades;Total;1 de octubre de 2009;""
Guinea Ecuatorial;Todas las edades;Total;1 de julio de 2009;21.626
Guinea Ecuatorial;Todas las edades;Total;1 de abril de 2009;""
Guinea Ecuatorial;Todas las edades;Total;1 de enero de 2009;21.703
Guinea Ecuatorial;Todas las edades;Total;1 de octubre de 2008;""
Guinea Ecuatorial;Todas las edades;Total;1 de julio de 2008;21.226
Guinea Ecuatorial;Todas las edades;Total;1 de abril de 2008;""
Guinea Ecuatorial;Todas las edades;Total;1 de enero de 2008;20.885
Guinea Ecuatorial;Todas las edades;Total;1 de octubre de 2007;""
Guinea Ecuatorial;Todas las edades;Total;1 de julio de 2007;20.101
Guinea Ecuatorial;Todas las edades;Total;1 de abril de 2007;""
Guinea Ecuatorial;Todas las edades;Total;1 de enero de 2007;19.497
Guinea Ecuatorial;Todas las edades;Total;1 de octubre de 2006;""
Guinea Ecuatorial;Todas las edades;Total;1 de julio de 2006;18.705
Guinea Ecuatorial;Todas las edades;Total;1 de abril de 2006;""
Guinea Ecuatorial;Todas las edades;Total;1 de enero de 2006;18.264
Guinea Ecuatorial;Todas las edades;Total;1 de octubre de 2005;""
Guinea Ecuatorial;Todas las edades;Total;1 de julio de 2005;17.736
Guinea Ecuatorial;Todas las edades;Total;1 de abril de 2005;""
Guinea Ecuatorial;Todas las edades;Total;1 de enero de 2005;17.331
Guinea Ecuatorial;Todas las edades;Total;1 de octubre de 2004;""
Guinea Ecuatorial;Todas las edades;Total;1 de julio de 2004;16.841
Guinea Ecuatorial;Todas las edades;Total;1 de abril de 2004;""
Guinea Ecuatorial;Todas las edades;Total;1 de enero de 2004;16.420
Guinea Ecuatorial;Todas las edades;Total;1 de octubre de 2003;""
Guinea Ecuatorial;Todas las edades;Total;1 de julio de 2003;15.706
Guinea Ecuatorial;Todas las edades;Total;1 de abril de 2003;""
Guinea Ecuatorial;Todas las edades;Total;1 de enero de 2003;15.122
Guinea Ecuatorial;Todas las edades;Total;1 de octubre de 2002;""
Guinea Ecuatorial;Todas las edades;Total;1 de julio de 2002;14.423
Guinea Ecuatorial;Todas las edades;Total;1 de abril de 2002;""
Guinea Ecuatorial;Todas las edades;Total;1 de enero de 2002;13.829
Mali;Todas las edades;Total;1 de enero de 2025;38.855
Mali;Todas las edades;Total;1 de octubre de 2024;36.724
Mali;Todas las edades;Total;1 de julio de 2024;34.577
Mali;Todas las edades;Total;1 de abril de 2024;33.404
Mali;Todas las edades;Total;1 de enero de 2024;32.953
Mali;Todas las edades;Total;1 de octubre de 2023;33.056
Mali;Todas las edades;Total;1 de julio de 2023;32.815
Mali;Todas las edades;Total;1 de abril de 2023;32.776
Mali;Todas las edades;Total;1 de enero de 2023;32.676
Mali;Todas las edades;Total;1 de octubre de 2022;32.379
Mali;Todas las edades;Total;1 de julio de 2022;31.805
Mali;Todas las edades;Total;1 de abril de 2022;31.173
Mali;Todas las edades;Total;1 de enero de 2022;30.515
Mali;Todas las edades;Total;1 de octubre de 2021;30.165
Mali;Todas las edades;Total;1 de julio de 2021;29.369
Mali;Todas las edades;Total;1 de abril de 2021;28.137
Mali;Todas las edades;Total;1 de enero de 2021;27.127
Mali;Todas las edades;Total;1 de octubre de 2020;""
Mali;Todas las edades;Total;1 de julio de 2020;25.935
Mali;Todas las edades;Total;1 de abril de 2020;""
Mali;Todas las edades;Total;1 de enero de 2020;25.046
Mali;Todas las edades;Total;1 de octubre de 2019;""
Mali;Todas las edades;Total;1 de julio de 2019;23.937
Mali;Todas las edades;Total;1 de abril de 2019;""
Mali;Todas las edades;Total;1 de enero de 2019;22.690
Mali;Todas las edades;Total;1 de octubre de 2018;""
Mali;Todas las edades;Total;1 de julio de 2018;21.710
Mali;Todas las edades;Total;1 de abril de 2018;""
Mali;Todas las edades;Total;1 de enero de 2018;21.190
Mali;Todas las edades;Total;1 de octubre de 2017;""
Mali;Todas las edades;Total;1 de julio de 2017;20.834
Mali;Todas las edades;Total;1 de abril de 2017;""
Mali;Todas las edades;Total;1 de enero de 2017;20.678
Mali;Todas las edades;Total;1 de octubre de 2016;""
Mali;Todas las edades;Total;1 de julio de 2016;20.384
Mali;Todas las edades;Total;1 de abril de 2016;""
Mali;Todas las edades;Total;1 de enero de 2016;20.100
Mali;Todas las edades;Total;1 de octubre de 2015;""
Mali;Todas las edades;Total;1 de julio de 2015;19.880
Mali;Todas las edades;Total;1 de abril de 2015;""
Mali;Todas las edades;Total;1 de enero de 2015;19.578
Mali;Todas las edades;Total;1 de octubre de 2014;""
Mali;Todas las edades;Total;1 de julio de 2014;19.525
Mali;Todas las edades;Total;1 de abril de 2014;""
Mali;Todas las edades;Total;1 de enero de 2014;19.466
Mali;Todas las edades;Total;1 de octubre de 2013;""
Mali;Todas las edades;Total;1 de julio de 2013;19.932
Mali;Todas las edades;Total;1 de abril de 2013;""
Mali;Todas las edades;Total;1 de enero de 2013;20.594
Mali;Todas las edades;Total;1 de octubre de 2012;""
Mali;Todas las edades;Total;1 de julio de 2012;21.091
Mali;Todas las edades;Total;1 de abril de 2012;""
Mali;Todas las edades;Total;1 de enero de 2012;21.680
Mali;Todas las edades;Total;1 de octubre de 2011;""
Mali;Todas las edades;Total;1 de julio de 2011;22.646
Mali;Todas las edades;Total;1 de abril de 2011;""
Mali;Todas las edades;Total;1 de enero de 2011;23.185
Mali;Todas las edades;Total;1 de octubre de 2010;""
Mali;Todas las edades;Total;1 de julio de 2010;23.611
Mali;Todas las edades;Total;1 de abril de 2010;""
Mali;Todas las edades;Total;1 de enero de 2010;23.682
Mali;Todas las edades;Total;1 de octubre de 2009;""
Mali;Todas las edades;Total;1 de julio de 2009;23.512
Mali;Todas las edades;Total;1 de abril de 2009;""
Mali;Todas las edades;Total;1 de enero de 2009;22.931
Mali;Todas las edades;Total;1 de octubre de 2008;""
Mali;Todas las edades;Total;1 de julio de 2008;21.868
Mali;Todas las edades;Total;1 de abril de 2008;""
Mali;Todas las edades;Total;1 de enero de 2008;20.402
Mali;Todas las edades;Total;1 de octubre de 2007;""
Mali;Todas las edades;Total;1 de julio de 2007;19.272
Mali;Todas las edades;Total;1 de abril de 2007;""
Mali;Todas las edades;Total;1 de enero de 2007;18.039
Mali;Todas las edades;Total;1 de octubre de 2006;""
Mali;Todas las edades;Total;1 de julio de 2006;16.178
Mali;Todas las edades;Total;1 de abril de 2006;""
Mali;Todas las edades;Total;1 de enero de 2006;15.023
Mali;Todas las edades;Total;1 de octubre de 2005;""
Mali;Todas las edades;Total;1 de julio de 2005;14.229
Mali;Todas las edades;Total;1 de abril de 2005;""
Mali;Todas las edades;Total;1 de enero de 2005;12.155
Mali;Todas las edades;Total;1 de octubre de 2004;""
Mali;Todas las edades;Total;1 de julio de 2004;8.710
Mali;Todas las edades;Total;1 de abril de 2004;""
Mali;Todas las edades;Total;1 de enero de 2004;7.526
Mali;Todas las edades;Total;1 de octubre de 2003;""
Mali;Todas las edades;Total;1 de julio de 2003;6.458
Mali;Todas las edades;Total;1 de abril de 2003;""
Mali;Todas las edades;Total;1 de enero de 2003;5.416
Mali;Todas las edades;Total;1 de octubre de 2002;""
Mali;Todas las edades;Total;1 de julio de 2002;4.590
Mali;Todas las edades;Total;1 de abril de 2002;""
Mali;Todas las edades;Total;1 de enero de 2002;3.786
Marruecos;Todas las edades;Total;1 de enero de 2025;1.165.955
Marruecos;Todas las edades;Total;1 de octubre de 2024;1.148.941
Marruecos;Todas las edades;Total;1 de julio de 2024;1.127.717
Marruecos;Todas las edades;Total;1 de abril de 2024;1.109.015
Marruecos;Todas las edades;Total;1 de enero de 2024;1.092.892
Marruecos;Todas las edades;Total;1 de octubre de 2023;1.075.359
Marruecos;Todas las edades;Total;1 de julio de 2023;1.053.664
Marruecos;Todas las edades;Total;1 de abril de 2023;1.040.374
Marruecos;Todas las edades;Total;1 de enero de 2023;1.026.371
Marruecos;Todas las edades;Total;1 de octubre de 2022;1.009.592
Marruecos;Todas las edades;Total;1 de julio de 2022;991.033
Marruecos;Todas las edades;Total;1 de abril de 2022;975.173
Marruecos;Todas las edades;Total;1 de enero de 2022;959.946
Marruecos;Todas las edades;Total;1 de octubre de 2021;950.701
Marruecos;Todas las edades;Total;1 de julio de 2021;937.905
Marruecos;Todas las edades;Total;1 de abril de 2021;935.117
Marruecos;Todas las edades;Total;1 de enero de 2021;930.221
Marruecos;Todas las edades;Total;1 de octubre de 2020;""
Marruecos;Todas las edades;Total;1 de julio de 2020;912.836
Marruecos;Todas las edades;Total;1 de abril de 2020;""
Marruecos;Todas las edades;Total;1 de enero de 2020;895.026
Marruecos;Todas las edades;Total;1 de octubre de 2019;""
Marruecos;Todas las edades;Total;1 de julio de 2019;862.033
Marruecos;Todas las edades;Total;1 de abril de 2019;""
Marruecos;Todas las edades;Total;1 de enero de 2019;831.346
Marruecos;Todas las edades;Total;1 de octubre de 2018;""
Marruecos;Todas las edades;Total;1 de julio de 2018;800.958
Marruecos;Todas las edades;Total;1 de abril de 2018;""
Marruecos;Todas las edades;Total;1 de enero de 2018;781.725
Marruecos;Todas las edades;Total;1 de octubre de 2017;""
Marruecos;Todas las edades;Total;1 de julio de 2017;766.098
Marruecos;Todas las edades;Total;1 de abril de 2017;""
Marruecos;Todas las edades;Total;1 de enero de 2017;755.766
Marruecos;Todas las edades;Total;1 de octubre de 2016;""
Marruecos;Todas las edades;Total;1 de julio de 2016;748.551
Marruecos;Todas las edades;Total;1 de abril de 2016;""
Marruecos;Todas las edades;Total;1 de enero de 2016;741.947
Marruecos;Todas las edades;Total;1 de octubre de 2015;""
Marruecos;Todas las edades;Total;1 de julio de 2015;737.989
Marruecos;Todas las edades;Total;1 de abril de 2015;""
Marruecos;Todas las edades;Total;1 de enero de 2015;733.611
Marruecos;Todas las edades;Total;1 de octubre de 2014;""
Marruecos;Todas las edades;Total;1 de julio de 2014;734.593
Marruecos;Todas las edades;Total;1 de abril de 2014;""
Marruecos;Todas las edades;Total;1 de enero de 2014;735.051
Marruecos;Todas las edades;Total;1 de octubre de 2013;""
Marruecos;Todas las edades;Total;1 de julio de 2013;743.810
Marruecos;Todas las edades;Total;1 de abril de 2013;""
Marruecos;Todas las edades;Total;1 de enero de 2013;751.347
Marruecos;Todas las edades;Total;1 de octubre de 2012;""
Marruecos;Todas las edades;Total;1 de julio de 2012;758.244
Marruecos;Todas las edades;Total;1 de abril de 2012;""
Marruecos;Todas las edades;Total;1 de enero de 2012;762.385
Marruecos;Todas las edades;Total;1 de octubre de 2011;""
Marruecos;Todas las edades;Total;1 de julio de 2011;766.057
Marruecos;Todas las edades;Total;1 de abril de 2011;""
Marruecos;Todas las edades;Total;1 de enero de 2011;766.966
Marruecos;Todas las edades;Total;1 de octubre de 2010;""
Marruecos;Todas las edades;Total;1 de julio de 2010;767.413
Marruecos;Todas las edades;Total;1 de abril de 2010;""
Marruecos;Todas las edades;Total;1 de enero de 2010;763.734
Marruecos;Todas las edades;Total;1 de octubre de 2009;""
Marruecos;Todas las edades;Total;1 de julio de 2009;758.786
Marruecos;Todas las edades;Total;1 de abril de 2009;""
Marruecos;Todas las edades;Total;1 de enero de 2009;743.528
Marruecos;Todas las edades;Total;1 de octubre de 2008;""
Marruecos;Todas las edades;Total;1 de julio de 2008;721.657
Marruecos;Todas las edades;Total;1 de abril de 2008;""
Marruecos;Todas las edades;Total;1 de enero de 2008;688.716
Marruecos;Todas las edades;Total;1 de octubre de 2007;""
Marruecos;Todas las edades;Total;1 de julio de 2007;655.523
Marruecos;Todas las edades;Total;1 de abril de 2007;""
Marruecos;Todas las edades;Total;1 de enero de 2007;627.861
Marruecos;Todas las edades;Total;1 de octubre de 2006;""
Marruecos;Todas las edades;Total;1 de julio de 2006;602.154
Marruecos;Todas las edades;Total;1 de abril de 2006;""
Marruecos;Todas las edades;Total;1 de enero de 2006;578.449
Marruecos;Todas las edades;Total;1 de octubre de 2005;""
Marruecos;Todas las edades;Total;1 de julio de 2005;552.973
Marruecos;Todas las edades;Total;1 de abril de 2005;""
Marruecos;Todas las edades;Total;1 de enero de 2005;514.277
Marruecos;Todas las edades;Total;1 de octubre de 2004;""
Marruecos;Todas las edades;Total;1 de julio de 2004;475.210
Marruecos;Todas las edades;Total;1 de abril de 2004;""
Marruecos;Todas las edades;Total;1 de enero de 2004;448.666
Marruecos;Todas las edades;Total;1 de octubre de 2003;""
Marruecos;Todas las edades;Total;1 de julio de 2003;420.310
Marruecos;Todas las edades;Total;1 de abril de 2003;""
Marruecos;Todas las edades;Total;1 de enero de 2003;391.594
Marruecos;Todas las edades;Total;1 de octubre de 2002;""
Marruecos;Todas las edades;Total;1 de julio de 2002;359.864
Marruecos;Todas las edades;Total;1 de abril de 2002;""
Marruecos;Todas las edades;Total;1 de enero de 2002;328.252
Mauritania;Todas las edades;Total;1 de enero de 2025;13.909
Mauritania;Todas las edades;Total;1 de octubre de 2024;13.505
Mauritania;Todas las edades;Total;1 de julio de 2024;12.870
Mauritania;Todas las edades;Total;1 de abril de 2024;12.482
Mauritania;Todas las edades;Total;1 de enero de 2024;12.309
Mauritania;Todas las edades;Total;1 de octubre de 2023;12.219
Mauritania;Todas las edades;Total;1 de julio de 2023;12.055
Mauritania;Todas las edades;Total;1 de abril de 2023;11.963
Mauritania;Todas las edades;Total;1 de enero de 2023;11.830
Mauritania;Todas las edades;Total;1 de octubre de 2022;11.625
Mauritania;Todas las edades;Total;1 de julio de 2022;11.299
Mauritania;Todas las edades;Total;1 de abril de 2022;11.123
Mauritania;Todas las edades;Total;1 de enero de 2022;10.938
Mauritania;Todas las edades;Total;1 de octubre de 2021;10.688
Mauritania;Todas las edades;Total;1 de julio de 2021;10.304
Mauritania;Todas las edades;Total;1 de abril de 2021;10.149
Mauritania;Todas las edades;Total;1 de enero de 2021;10.089
Mauritania;Todas las edades;Total;1 de octubre de 2020;""
Mauritania;Todas las edades;Total;1 de julio de 2020;9.948
Mauritania;Todas las edades;Total;1 de abril de 2020;""
Mauritania;Todas las edades;Total;1 de enero de 2020;9.747
Mauritania;Todas las edades;Total;1 de octubre de 2019;""
Mauritania;Todas las edades;Total;1 de julio de 2019;9.484
Mauritania;Todas las edades;Total;1 de abril de 2019;""
Mauritania;Todas las edades;Total;1 de enero de 2019;9.224
Mauritania;Todas las edades;Total;1 de octubre de 2018;""
Mauritania;Todas las edades;Total;1 de julio de 2018;8.966
Mauritania;Todas las edades;Total;1 de abril de 2018;""
Mauritania;Todas las edades;Total;1 de enero de 2018;8.921
Mauritania;Todas las edades;Total;1 de octubre de 2017;""
Mauritania;Todas las edades;Total;1 de julio de 2017;8.868
Mauritania;Todas las edades;Total;1 de abril de 2017;""
Mauritania;Todas las edades;Total;1 de enero de 2017;8.976
Mauritania;Todas las edades;Total;1 de octubre de 2016;""
Mauritania;Todas las edades;Total;1 de julio de 2016;8.898
Mauritania;Todas las edades;Total;1 de abril de 2016;""
Mauritania;Todas las edades;Total;1 de enero de 2016;8.808
Mauritania;Todas las edades;Total;1 de octubre de 2015;""
Mauritania;Todas las edades;Total;1 de julio de 2015;8.824
Mauritania;Todas las edades;Total;1 de abril de 2015;""
Mauritania;Todas las edades;Total;1 de enero de 2015;8.840
Mauritania;Todas las edades;Total;1 de octubre de 2014;""
Mauritania;Todas las edades;Total;1 de julio de 2014;8.892
Mauritania;Todas las edades;Total;1 de abril de 2014;""
Mauritania;Todas las edades;Total;1 de enero de 2014;9.018
Mauritania;Todas las edades;Total;1 de octubre de 2013;""
Mauritania;Todas las edades;Total;1 de julio de 2013;9.263
Mauritania;Todas las edades;Total;1 de abril de 2013;""
Mauritania;Todas las edades;Total;1 de enero de 2013;9.590
Mauritania;Todas las edades;Total;1 de octubre de 2012;""
Mauritania;Todas las edades;Total;1 de julio de 2012;9.966
Mauritania;Todas las edades;Total;1 de abril de 2012;""
Mauritania;Todas las edades;Total;1 de enero de 2012;10.247
Mauritania;Todas las edades;Total;1 de octubre de 2011;""
Mauritania;Todas las edades;Total;1 de julio de 2011;10.608
Mauritania;Todas las edades;Total;1 de abril de 2011;""
Mauritania;Todas las edades;Total;1 de enero de 2011;10.825
Mauritania;Todas las edades;Total;1 de octubre de 2010;""
Mauritania;Todas las edades;Total;1 de julio de 2010;11.033
Mauritania;Todas las edades;Total;1 de abril de 2010;""
Mauritania;Todas las edades;Total;1 de enero de 2010;11.135
Mauritania;Todas las edades;Total;1 de octubre de 2009;""
Mauritania;Todas las edades;Total;1 de julio de 2009;11.156
Mauritania;Todas las edades;Total;1 de abril de 2009;""
Mauritania;Todas las edades;Total;1 de enero de 2009;11.065
Mauritania;Todas las edades;Total;1 de octubre de 2008;""
Mauritania;Todas las edades;Total;1 de julio de 2008;10.452
Mauritania;Todas las edades;Total;1 de abril de 2008;""
Mauritania;Todas las edades;Total;1 de enero de 2008;9.934
Mauritania;Todas las edades;Total;1 de octubre de 2007;""
Mauritania;Todas las edades;Total;1 de julio de 2007;9.593
Mauritania;Todas las edades;Total;1 de abril de 2007;""
Mauritania;Todas las edades;Total;1 de enero de 2007;9.336
Mauritania;Todas las edades;Total;1 de octubre de 2006;""
Mauritania;Todas las edades;Total;1 de julio de 2006;9.030
Mauritania;Todas las edades;Total;1 de abril de 2006;""
Mauritania;Todas las edades;Total;1 de enero de 2006;8.838
Mauritania;Todas las edades;Total;1 de octubre de 2005;""
Mauritania;Todas las edades;Total;1 de julio de 2005;8.550
Mauritania;Todas las edades;Total;1 de abril de 2005;""
Mauritania;Todas las edades;Total;1 de enero de 2005;7.941
Mauritania;Todas las edades;Total;1 de octubre de 2004;""
Mauritania;Todas las edades;Total;1 de julio de 2004;6.993
Mauritania;Todas las edades;Total;1 de abril de 2004;""
Mauritania;Todas las edades;Total;1 de enero de 2004;6.557
Mauritania;Todas las edades;Total;1 de octubre de 2003;""
Mauritania;Todas las edades;Total;1 de julio de 2003;6.039
Mauritania;Todas las edades;Total;1 de abril de 2003;""
Mauritania;Todas las edades;Total;1 de enero de 2003;5.525
Mauritania;Todas las edades;Total;1 de octubre de 2002;""
Mauritania;Todas las edades;Total;1 de julio de 2002;4.878
Mauritania;Todas las edades;Total;1 de abril de 2002;""
Mauritania;Todas las edades;Total;1 de enero de 2002;4.230
Nigeria;Todas las edades;Total;1 de enero de 2025;34.793
Nigeria;Todas las edades;Total;1 de octubre de 2024;34.673
Nigeria;Todas las edades;Total;1 de julio de 2024;34.410
Nigeria;Todas las edades;Total;1 de abril de 2024;34.145
Nigeria;Todas las edades;Total;1 de enero de 2024;34.067
Nigeria;Todas las edades;Total;1 de octubre de 2023;33.941
Nigeria;Todas las edades;Total;1 de julio de 2023;33.740
Nigeria;Todas las edades;Total;1 de abril de 2023;33.556
Nigeria;Todas las edades;Total;1 de enero de 2023;33.390
Nigeria;Todas las edades;Total;1 de octubre de 2022;33.367
Nigeria;Todas las edades;Total;1 de julio de 2022;33.237
Nigeria;Todas las edades;Total;1 de abril de 2022;33.028
Nigeria;Todas las edades;Total;1 de enero de 2022;32.927
Nigeria;Todas las edades;Total;1 de octubre de 2021;33.043
Nigeria;Todas las edades;Total;1 de julio de 2021;32.866
Nigeria;Todas las edades;Total;1 de abril de 2021;33.067
Nigeria;Todas las edades;Total;1 de enero de 2021;33.110
Nigeria;Todas las edades;Total;1 de octubre de 2020;""
Nigeria;Todas las edades;Total;1 de julio de 2020;32.791
Nigeria;Todas las edades;Total;1 de abril de 2020;""
Nigeria;Todas las edades;Total;1 de enero de 2020;32.496
Nigeria;Todas las edades;Total;1 de octubre de 2019;""
Nigeria;Todas las edades;Total;1 de julio de 2019;32.023
Nigeria;Todas las edades;Total;1 de abril de 2019;""
Nigeria;Todas las edades;Total;1 de enero de 2019;31.642
Nigeria;Todas las edades;Total;1 de octubre de 2018;""
Nigeria;Todas las edades;Total;1 de julio de 2018;31.291
Nigeria;Todas las edades;Total;1 de abril de 2018;""
Nigeria;Todas las edades;Total;1 de enero de 2018;31.302
Nigeria;Todas las edades;Total;1 de octubre de 2017;""
Nigeria;Todas las edades;Total;1 de julio de 2017;31.269
Nigeria;Todas las edades;Total;1 de abril de 2017;""
Nigeria;Todas las edades;Total;1 de enero de 2017;31.386
Nigeria;Todas las edades;Total;1 de octubre de 2016;""
Nigeria;Todas las edades;Total;1 de julio de 2016;31.362
Nigeria;Todas las edades;Total;1 de abril de 2016;""
Nigeria;Todas las edades;Total;1 de enero de 2016;31.522
Nigeria;Todas las edades;Total;1 de octubre de 2015;""
Nigeria;Todas las edades;Total;1 de julio de 2015;31.655
Nigeria;Todas las edades;Total;1 de abril de 2015;""
Nigeria;Todas las edades;Total;1 de enero de 2015;31.757
Nigeria;Todas las edades;Total;1 de octubre de 2014;""
Nigeria;Todas las edades;Total;1 de julio de 2014;32.081
Nigeria;Todas las edades;Total;1 de abril de 2014;""
Nigeria;Todas las edades;Total;1 de enero de 2014;32.532
Nigeria;Todas las edades;Total;1 de octubre de 2013;""
Nigeria;Todas las edades;Total;1 de julio de 2013;33.469
Nigeria;Todas las edades;Total;1 de abril de 2013;""
Nigeria;Todas las edades;Total;1 de enero de 2013;34.407
Nigeria;Todas las edades;Total;1 de octubre de 2012;""
Nigeria;Todas las edades;Total;1 de julio de 2012;35.176
Nigeria;Todas las edades;Total;1 de abril de 2012;""
Nigeria;Todas las edades;Total;1 de enero de 2012;35.733
Nigeria;Todas las edades;Total;1 de octubre de 2011;""
Nigeria;Todas las edades;Total;1 de julio de 2011;36.420
Nigeria;Todas las edades;Total;1 de abril de 2011;""
Nigeria;Todas las edades;Total;1 de enero de 2011;36.697
Nigeria;Todas las edades;Total;1 de octubre de 2010;""
Nigeria;Todas las edades;Total;1 de julio de 2010;36.887
Nigeria;Todas las edades;Total;1 de abril de 2010;""
Nigeria;Todas las edades;Total;1 de enero de 2010;36.851
Nigeria;Todas las edades;Total;1 de octubre de 2009;""
Nigeria;Todas las edades;Total;1 de julio de 2009;36.758
Nigeria;Todas las edades;Total;1 de abril de 2009;""
Nigeria;Todas las edades;Total;1 de enero de 2009;36.457
Nigeria;Todas las edades;Total;1 de octubre de 2008;""
Nigeria;Todas las edades;Total;1 de julio de 2008;35.346
Nigeria;Todas las edades;Total;1 de abril de 2008;""
Nigeria;Todas las edades;Total;1 de enero de 2008;33.455
Nigeria;Todas las edades;Total;1 de octubre de 2007;""
Nigeria;Todas las edades;Total;1 de julio de 2007;31.744
Nigeria;Todas las edades;Total;1 de abril de 2007;""
Nigeria;Todas las edades;Total;1 de enero de 2007;29.790
Nigeria;Todas las edades;Total;1 de octubre de 2006;""
Nigeria;Todas las edades;Total;1 de julio de 2006;28.521
Nigeria;Todas las edades;Total;1 de abril de 2006;""
Nigeria;Todas las edades;Total;1 de enero de 2006;27.156
Nigeria;Todas las edades;Total;1 de octubre de 2005;""
Nigeria;Todas las edades;Total;1 de julio de 2005;25.799
Nigeria;Todas las edades;Total;1 de abril de 2005;""
Nigeria;Todas las edades;Total;1 de enero de 2005;22.735
Nigeria;Todas las edades;Total;1 de octubre de 2004;""
Nigeria;Todas las edades;Total;1 de julio de 2004;19.799
Nigeria;Todas las edades;Total;1 de abril de 2004;""
Nigeria;Todas las edades;Total;1 de enero de 2004;18.112
Nigeria;Todas las edades;Total;1 de octubre de 2003;""
Nigeria;Todas las edades;Total;1 de julio de 2003;16.283
Nigeria;Todas las edades;Total;1 de abril de 2003;""
Nigeria;Todas las edades;Total;1 de enero de 2003;14.140
Nigeria;Todas las edades;Total;1 de octubre de 2002;""
Nigeria;Todas las edades;Total;1 de julio de 2002;12.021
Nigeria;Todas las edades;Total;1 de abril de 2002;""
Nigeria;Todas las edades;Total;1 de enero de 2002;10.016
Senegal;Todas las edades;Total;1 de enero de 2025;109.523
Senegal;Todas las edades;Total;1 de octubre de 2024;106.267
Senegal;Todas las edades;Total;1 de julio de 2024;102.208
Senegal;Todas las edades;Total;1 de abril de 2024;98.623
Senegal;Todas las edades;Total;1 de enero de 2024;95.812
Senegal;Todas las edades;Total;1 de octubre de 2023;94.251
Senegal;Todas las edades;Total;1 de julio de 2023;93.158
Senegal;Todas las edades;Total;1 de abril de 2023;92.399
Senegal;Todas las edades;Total;1 de enero de 2023;91.568
Senegal;Todas las edades;Total;1 de octubre de 2022;90.210
Senegal;Todas las edades;Total;1 de julio de 2022;88.494
Senegal;Todas las edades;Total;1 de abril de 2022;86.809
Senegal;Todas las edades;Total;1 de enero de 2022;85.211
Senegal;Todas las edades;Total;1 de octubre de 2021;83.965
Senegal;Todas las edades;Total;1 de julio de 2021;82.102
Senegal;Todas las edades;Total;1 de abril de 2021;80.907
Senegal;Todas las edades;Total;1 de enero de 2021;79.867
Senegal;Todas las edades;Total;1 de octubre de 2020;""
Senegal;Todas las edades;Total;1 de julio de 2020;77.332
Senegal;Todas las edades;Total;1 de abril de 2020;""
Senegal;Todas las edades;Total;1 de enero de 2020;75.207
Senegal;Todas las edades;Total;1 de octubre de 2019;""
Senegal;Todas las edades;Total;1 de julio de 2019;71.473
Senegal;Todas las edades;Total;1 de abril de 2019;""
Senegal;Todas las edades;Total;1 de enero de 2019;67.846
Senegal;Todas las edades;Total;1 de octubre de 2018;""
Senegal;Todas las edades;Total;1 de julio de 2018;64.155
Senegal;Todas las edades;Total;1 de abril de 2018;""
Senegal;Todas las edades;Total;1 de enero de 2018;61.940
Senegal;Todas las edades;Total;1 de octubre de 2017;""
Senegal;Todas las edades;Total;1 de julio de 2017;60.047
Senegal;Todas las edades;Total;1 de abril de 2017;""
Senegal;Todas las edades;Total;1 de enero de 2017;58.660
Senegal;Todas las edades;Total;1 de octubre de 2016;""
Senegal;Todas las edades;Total;1 de julio de 2016;57.438
Senegal;Todas las edades;Total;1 de abril de 2016;""
Senegal;Todas las edades;Total;1 de enero de 2016;56.106
Senegal;Todas las edades;Total;1 de octubre de 2015;""
Senegal;Todas las edades;Total;1 de julio de 2015;55.243
Senegal;Todas las edades;Total;1 de abril de 2015;""
Senegal;Todas las edades;Total;1 de enero de 2015;54.286
Senegal;Todas las edades;Total;1 de octubre de 2014;""
Senegal;Todas las edades;Total;1 de julio de 2014;53.747
Senegal;Todas las edades;Total;1 de abril de 2014;""
Senegal;Todas las edades;Total;1 de enero de 2014;53.487
Senegal;Todas las edades;Total;1 de octubre de 2013;""
Senegal;Todas las edades;Total;1 de julio de 2013;54.204
Senegal;Todas las edades;Total;1 de abril de 2013;""
Senegal;Todas las edades;Total;1 de enero de 2013;54.911
Senegal;Todas las edades;Total;1 de octubre de 2012;""
Senegal;Todas las edades;Total;1 de julio de 2012;55.263
Senegal;Todas las edades;Total;1 de abril de 2012;""
Senegal;Todas las edades;Total;1 de enero de 2012;55.601
Senegal;Todas las edades;Total;1 de octubre de 2011;""
Senegal;Todas las edades;Total;1 de julio de 2011;56.001
Senegal;Todas las edades;Total;1 de abril de 2011;""
Senegal;Todas las edades;Total;1 de enero de 2011;56.372
Senegal;Todas las edades;Total;1 de octubre de 2010;""
Senegal;Todas las edades;Total;1 de julio de 2010;56.678
Senegal;Todas las edades;Total;1 de abril de 2010;""
Senegal;Todas las edades;Total;1 de enero de 2010;56.350
Senegal;Todas las edades;Total;1 de octubre de 2009;""
Senegal;Todas las edades;Total;1 de julio de 2009;54.932
Senegal;Todas las edades;Total;1 de abril de 2009;""
Senegal;Todas las edades;Total;1 de enero de 2009;52.068
Senegal;Todas las edades;Total;1 de octubre de 2008;""
Senegal;Todas las edades;Total;1 de julio de 2008;47.672
Senegal;Todas las edades;Total;1 de abril de 2008;""
Senegal;Todas las edades;Total;1 de enero de 2008;43.517
Senegal;Todas las edades;Total;1 de octubre de 2007;""
Senegal;Todas las edades;Total;1 de julio de 2007;38.839
Senegal;Todas las edades;Total;1 de abril de 2007;""
Senegal;Todas las edades;Total;1 de enero de 2007;34.550
Senegal;Todas las edades;Total;1 de octubre de 2006;""
Senegal;Todas las edades;Total;1 de julio de 2006;31.968
Senegal;Todas las edades;Total;1 de abril de 2006;""
Senegal;Todas las edades;Total;1 de enero de 2006;30.591
Senegal;Todas las edades;Total;1 de octubre de 2005;""
Senegal;Todas las edades;Total;1 de julio de 2005;29.083
Senegal;Todas las edades;Total;1 de abril de 2005;""
Senegal;Todas las edades;Total;1 de enero de 2005;25.497
Senegal;Todas las edades;Total;1 de octubre de 2004;""
Senegal;Todas las edades;Total;1 de julio de 2004;21.543
Senegal;Todas las edades;Total;1 de abril de 2004;""
Senegal;Todas las edades;Total;1 de enero de 2004;19.480
Senegal;Todas las edades;Total;1 de octubre de 2003;""
Senegal;Todas las edades;Total;1 de julio de 2003;17.585
Senegal;Todas las edades;Total;1 de abril de 2003;""
Senegal;Todas las edades;Total;1 de enero de 2003;15.726
Senegal;Todas las edades;Total;1 de octubre de 2002;""
Senegal;Todas las edades;Total;1 de julio de 2002;14.095
Senegal;Todas las edades;Total;1 de abril de 2002;""
Senegal;Todas las edades;Total;1 de enero de 2002;12.414
Otro país de África;Todas las edades;Total;1 de enero de 2025;82.412
Otro país de África;Todas las edades;Total;1 de octubre de 2024;80.742
Otro país de África;Todas las edades;Total;1 de julio de 2024;78.768
Otro país de África;Todas las edades;Total;1 de abril de 2024;77.543
Otro país de África;Todas las edades;Total;1 de enero de 2024;76.596
Otro país de África;Todas las edades;Total;1 de octubre de 2023;75.583
Otro país de África;Todas las edades;Total;1 de julio de 2023;74.090
Otro país de África;Todas las edades;Total;1 de abril de 2023;73.523
Otro país de África;Todas las edades;Total;1 de enero de 2023;72.699
Otro país de África;Todas las edades;Total;1 de octubre de 2022;71.216
Otro país de África;Todas las edades;Total;1 de julio de 2022;69.647
Otro país de África;Todas las edades;Total;1 de abril de 2022;68.544
Otro país de África;Todas las edades;Total;1 de enero de 2022;67.603
Otro país de África;Todas las edades;Total;1 de octubre de 2021;66.959
Otro país de África;Todas las edades;Total;1 de julio de 2021;65.875
Otro país de África;Todas las edades;Total;1 de abril de 2021;65.673
Otro país de África;Todas las edades;Total;1 de enero de 2021;65.522
Otro país de África;Todas las edades;Total;1 de octubre de 2020;""
Otro país de África;Todas las edades;Total;1 de julio de 2020;63.741
Otro país de África;Todas las edades;Total;1 de abril de 2020;""
Otro país de África;Todas las edades;Total;1 de enero de 2020;62.854
Otro país de África;Todas las edades;Total;1 de octubre de 2019;""
Otro país de África;Todas las edades;Total;1 de julio de 2019;60.176
Otro país de África;Todas las edades;Total;1 de abril de 2019;""
Otro país de África;Todas las edades;Total;1 de enero de 2019;58.389
Otro país de África;Todas las edades;Total;1 de octubre de 2018;""
Otro país de África;Todas las edades;Total;1 de julio de 2018;56.122
Otro país de África;Todas las edades;Total;1 de abril de 2018;""
Otro país de África;Todas las edades;Total;1 de enero de 2018;55.159
Otro país de África;Todas las edades;Total;1 de octubre de 2017;""
Otro país de África;Todas las edades;Total;1 de julio de 2017;53.290
Otro país de África;Todas las edades;Total;1 de abril de 2017;""
Otro país de África;Todas las edades;Total;1 de enero de 2017;52.707
Otro país de África;Todas las edades;Total;1 de octubre de 2016;""
Otro país de África;Todas las edades;Total;1 de julio de 2016;51.785
Otro país de África;Todas las edades;Total;1 de abril de 2016;""
Otro país de África;Todas las edades;Total;1 de enero de 2016;51.426
Otro país de África;Todas las edades;Total;1 de octubre de 2015;""
Otro país de África;Todas las edades;Total;1 de julio de 2015;50.510
Otro país de África;Todas las edades;Total;1 de abril de 2015;""
Otro país de África;Todas las edades;Total;1 de enero de 2015;50.150
Otro país de África;Todas las edades;Total;1 de octubre de 2014;""
Otro país de África;Todas las edades;Total;1 de julio de 2014;49.544
Otro país de África;Todas las edades;Total;1 de abril de 2014;""
Otro país de África;Todas las edades;Total;1 de enero de 2014;49.485
Otro país de África;Todas las edades;Total;1 de octubre de 2013;""
Otro país de África;Todas las edades;Total;1 de julio de 2013;49.320
Otro país de África;Todas las edades;Total;1 de abril de 2013;""
Otro país de África;Todas las edades;Total;1 de enero de 2013;49.782
Otro país de África;Todas las edades;Total;1 de octubre de 2012;""
Otro país de África;Todas las edades;Total;1 de julio de 2012;49.516
Otro país de África;Todas las edades;Total;1 de abril de 2012;""
Otro país de África;Todas las edades;Total;1 de enero de 2012;50.642
Otro país de África;Todas las edades;Total;1 de octubre de 2011;""
Otro país de África;Todas las edades;Total;1 de julio de 2011;50.622
Otro país de África;Todas las edades;Total;1 de abril de 2011;""
Otro país de África;Todas las edades;Total;1 de enero de 2011;51.081
Otro país de África;Todas las edades;Total;1 de octubre de 2010;""
Otro país de África;Todas las edades;Total;1 de julio de 2010;51.588
Otro país de África;Todas las edades;Total;1 de abril de 2010;""
Otro país de África;Todas las edades;Total;1 de enero de 2010;51.671
Otro país de África;Todas las edades;Total;1 de octubre de 2009;""
Otro país de África;Todas las edades;Total;1 de julio de 2009;51.341
Otro país de África;Todas las edades;Total;1 de abril de 2009;""
Otro país de África;Todas las edades;Total;1 de enero de 2009;50.732
Otro país de África;Todas las edades;Total;1 de octubre de 2008;""
Otro país de África;Todas las edades;Total;1 de julio de 2008;49.380
Otro país de África;Todas las edades;Total;1 de abril de 2008;""
Otro país de África;Todas las edades;Total;1 de enero de 2008;47.549
Otro país de África;Todas las edades;Total;1 de octubre de 2007;""
Otro país de África;Todas las edades;Total;1 de julio de 2007;45.489
Otro país de África;Todas las edades;Total;1 de abril de 2007;""
Otro país de África;Todas las edades;Total;1 de enero de 2007;43.503
Otro país de África;Todas las edades;Total;1 de octubre de 2006;""
Otro país de África;Todas las edades;Total;1 de julio de 2006;41.687
Otro país de África;Todas las edades;Total;1 de abril de 2006;""
Otro país de África;Todas las edades;Total;1 de enero de 2006;40.339
Otro país de África;Todas las edades;Total;1 de octubre de 2005;""
Otro país de África;Todas las edades;Total;1 de julio de 2005;38.886
Otro país de África;Todas las edades;Total;1 de abril de 2005;""
Otro país de África;Todas las edades;Total;1 de enero de 2005;36.552
Otro país de África;Todas las edades;Total;1 de octubre de 2004;""
Otro país de África;Todas las edades;Total;1 de julio de 2004;34.099
Otro país de África;Todas las edades;Total;1 de abril de 2004;""
Otro país de África;Todas las edades;Total;1 de enero de 2004;32.313
Otro país de África;Todas las edades;Total;1 de octubre de 2003;""
Otro país de África;Todas las edades;Total;1 de julio de 2003;30.488
Otro país de África;Todas las edades;Total;1 de abril de 2003;""
Otro país de África;Todas las edades;Total;1 de enero de 2003;28.504
Otro país de África;Todas las edades;Total;1 de octubre de 2002;""
Otro país de África;Todas las edades;Total;1 de julio de 2002;26.306
Otro país de África;Todas las edades;Total;1 de abril de 2002;""
Otro país de África;Todas las edades;Total;1 de enero de 2002;23.946
América del Norte;Todas las edades;Total;1 de enero de 2025;174.180
América del Norte;Todas las edades;Total;1 de octubre de 2024;167.511
América del Norte;Todas las edades;Total;1 de julio de 2024;160.764
América del Norte;Todas las edades;Total;1 de abril de 2024;159.213
América del Norte;Todas las edades;Total;1 de enero de 2024;158.439
América del Norte;Todas las edades;Total;1 de octubre de 2023;153.643
América del Norte;Todas las edades;Total;1 de julio de 2023;148.121
América del Norte;Todas las edades;Total;1 de abril de 2023;147.640
América del Norte;Todas las edades;Total;1 de enero de 2023;145.865
América del Norte;Todas las edades;Total;1 de octubre de 2022;141.133
América del Norte;Todas las edades;Total;1 de julio de 2022;135.869
América del Norte;Todas las edades;Total;1 de abril de 2022;133.375
América del Norte;Todas las edades;Total;1 de enero de 2022;131.136
América del Norte;Todas las edades;Total;1 de octubre de 2021;127.537
América del Norte;Todas las edades;Total;1 de julio de 2021;123.625
América del Norte;Todas las edades;Total;1 de abril de 2021;123.394
América del Norte;Todas las edades;Total;1 de enero de 2021;123.618
América del Norte;Todas las edades;Total;1 de octubre de 2020;""
América del Norte;Todas las edades;Total;1 de julio de 2020;119.343
América del Norte;Todas las edades;Total;1 de abril de 2020;""
América del Norte;Todas las edades;Total;1 de enero de 2020;119.031
América del Norte;Todas las edades;Total;1 de octubre de 2019;""
América del Norte;Todas las edades;Total;1 de julio de 2019;111.818
América del Norte;Todas las edades;Total;1 de abril de 2019;""
América del Norte;Todas las edades;Total;1 de enero de 2019;110.143
América del Norte;Todas las edades;Total;1 de octubre de 2018;""
América del Norte;Todas las edades;Total;1 de julio de 2018;104.545
América del Norte;Todas las edades;Total;1 de abril de 2018;""
América del Norte;Todas las edades;Total;1 de enero de 2018;103.666
América del Norte;Todas las edades;Total;1 de octubre de 2017;""
América del Norte;Todas las edades;Total;1 de julio de 2017;98.014
América del Norte;Todas las edades;Total;1 de abril de 2017;""
América del Norte;Todas las edades;Total;1 de enero de 2017;98.355
América del Norte;Todas las edades;Total;1 de octubre de 2016;""
América del Norte;Todas las edades;Total;1 de julio de 2016;95.556
América del Norte;Todas las edades;Total;1 de abril de 2016;""
América del Norte;Todas las edades;Total;1 de enero de 2016;95.508
América del Norte;Todas las edades;Total;1 de octubre de 2015;""
América del Norte;Todas las edades;Total;1 de julio de 2015;92.092
América del Norte;Todas las edades;Total;1 de abril de 2015;""
América del Norte;Todas las edades;Total;1 de enero de 2015;92.224
América del Norte;Todas las edades;Total;1 de octubre de 2014;""
América del Norte;Todas las edades;Total;1 de julio de 2014;89.999
América del Norte;Todas las edades;Total;1 de abril de 2014;""
América del Norte;Todas las edades;Total;1 de enero de 2014;91.135
América del Norte;Todas las edades;Total;1 de octubre de 2013;""
América del Norte;Todas las edades;Total;1 de julio de 2013;90.878
América del Norte;Todas las edades;Total;1 de abril de 2013;""
América del Norte;Todas las edades;Total;1 de enero de 2013;92.967
América del Norte;Todas las edades;Total;1 de octubre de 2012;""
América del Norte;Todas las edades;Total;1 de julio de 2012;90.975
América del Norte;Todas las edades;Total;1 de abril de 2012;""
América del Norte;Todas las edades;Total;1 de enero de 2012;91.462
América del Norte;Todas las edades;Total;1 de octubre de 2011;""
América del Norte;Todas las edades;Total;1 de julio de 2011;88.382
América del Norte;Todas las edades;Total;1 de abril de 2011;""
América del Norte;Todas las edades;Total;1 de enero de 2011;87.786
América del Norte;Todas las edades;Total;1 de octubre de 2010;""
América del Norte;Todas las edades;Total;1 de julio de 2010;85.999
América del Norte;Todas las edades;Total;1 de abril de 2010;""
América del Norte;Todas las edades;Total;1 de enero de 2010;85.737
América del Norte;Todas las edades;Total;1 de octubre de 2009;""
América del Norte;Todas las edades;Total;1 de julio de 2009;84.297
América del Norte;Todas las edades;Total;1 de abril de 2009;""
América del Norte;Todas las edades;Total;1 de enero de 2009;83.696
América del Norte;Todas las edades;Total;1 de octubre de 2008;""
América del Norte;Todas las edades;Total;1 de julio de 2008;81.215
América del Norte;Todas las edades;Total;1 de abril de 2008;""
América del Norte;Todas las edades;Total;1 de enero de 2008;79.596
América del Norte;Todas las edades;Total;1 de octubre de 2007;""
América del Norte;Todas las edades;Total;1 de julio de 2007;76.637
América del Norte;Todas las edades;Total;1 de abril de 2007;""
América del Norte;Todas las edades;Total;1 de enero de 2007;74.919
América del Norte;Todas las edades;Total;1 de octubre de 2006;""
América del Norte;Todas las edades;Total;1 de julio de 2006;72.218
América del Norte;Todas las edades;Total;1 de abril de 2006;""
América del Norte;Todas las edades;Total;1 de enero de 2006;71.412
América del Norte;Todas las edades;Total;1 de octubre de 2005;""
América del Norte;Todas las edades;Total;1 de julio de 2005;69.420
América del Norte;Todas las edades;Total;1 de abril de 2005;""
América del Norte;Todas las edades;Total;1 de enero de 2005;67.440
América del Norte;Todas las edades;Total;1 de octubre de 2004;""
América del Norte;Todas las edades;Total;1 de julio de 2004;64.341
América del Norte;Todas las edades;Total;1 de abril de 2004;""
América del Norte;Todas las edades;Total;1 de enero de 2004;62.268
América del Norte;Todas las edades;Total;1 de octubre de 2003;""
América del Norte;Todas las edades;Total;1 de julio de 2003;58.940
América del Norte;Todas las edades;Total;1 de abril de 2003;""
América del Norte;Todas las edades;Total;1 de enero de 2003;56.008
América del Norte;Todas las edades;Total;1 de octubre de 2002;""
América del Norte;Todas las edades;Total;1 de julio de 2002;51.730
América del Norte;Todas las edades;Total;1 de abril de 2002;""
América del Norte;Todas las edades;Total;1 de enero de 2002;48.736
Estados Unidos de América;Todas las edades;Total;1 de enero de 2025;76.180
Estados Unidos de América;Todas las edades;Total;1 de octubre de 2024;72.970
Estados Unidos de América;Todas las edades;Total;1 de julio de 2024;69.548
Estados Unidos de América;Todas las edades;Total;1 de abril de 2024;69.136
Estados Unidos de América;Todas las edades;Total;1 de enero de 2024;69.171
Estados Unidos de América;Todas las edades;Total;1 de octubre de 2023;67.122
Estados Unidos de América;Todas las edades;Total;1 de julio de 2023;64.408
Estados Unidos de América;Todas las edades;Total;1 de abril de 2023;64.704
Estados Unidos de América;Todas las edades;Total;1 de enero de 2023;64.227
Estados Unidos de América;Todas las edades;Total;1 de octubre de 2022;61.963
Estados Unidos de América;Todas las edades;Total;1 de julio de 2022;59.511
Estados Unidos de América;Todas las edades;Total;1 de abril de 2022;58.550
Estados Unidos de América;Todas las edades;Total;1 de enero de 2022;57.813
Estados Unidos de América;Todas las edades;Total;1 de octubre de 2021;56.048
Estados Unidos de América;Todas las edades;Total;1 de julio de 2021;54.071
Estados Unidos de América;Todas las edades;Total;1 de abril de 2021;54.106
Estados Unidos de América;Todas las edades;Total;1 de enero de 2021;54.406
Estados Unidos de América;Todas las edades;Total;1 de octubre de 2020;""
Estados Unidos de América;Todas las edades;Total;1 de julio de 2020;52.208
Estados Unidos de América;Todas las edades;Total;1 de abril de 2020;""
Estados Unidos de América;Todas las edades;Total;1 de enero de 2020;52.523
Estados Unidos de América;Todas las edades;Total;1 de octubre de 2019;""
Estados Unidos de América;Todas las edades;Total;1 de julio de 2019;48.818
Estados Unidos de América;Todas las edades;Total;1 de abril de 2019;""
Estados Unidos de América;Todas las edades;Total;1 de enero de 2019;48.410
Estados Unidos de América;Todas las edades;Total;1 de octubre de 2018;""
Estados Unidos de América;Todas las edades;Total;1 de julio de 2018;45.248
Estados Unidos de América;Todas las edades;Total;1 de abril de 2018;""
Estados Unidos de América;Todas las edades;Total;1 de enero de 2018;45.060
Estados Unidos de América;Todas las edades;Total;1 de octubre de 2017;""
Estados Unidos de América;Todas las edades;Total;1 de julio de 2017;42.092
Estados Unidos de América;Todas las edades;Total;1 de abril de 2017;""
Estados Unidos de América;Todas las edades;Total;1 de enero de 2017;42.489
Estados Unidos de América;Todas las edades;Total;1 de octubre de 2016;""
Estados Unidos de América;Todas las edades;Total;1 de julio de 2016;41.003
Estados Unidos de América;Todas las edades;Total;1 de abril de 2016;""
Estados Unidos de América;Todas las edades;Total;1 de enero de 2016;41.092
Estados Unidos de América;Todas las edades;Total;1 de octubre de 2015;""
Estados Unidos de América;Todas las edades;Total;1 de julio de 2015;39.198
Estados Unidos de América;Todas las edades;Total;1 de abril de 2015;""
Estados Unidos de América;Todas las edades;Total;1 de enero de 2015;39.398
Estados Unidos de América;Todas las edades;Total;1 de octubre de 2014;""
Estados Unidos de América;Todas las edades;Total;1 de julio de 2014;37.982
Estados Unidos de América;Todas las edades;Total;1 de abril de 2014;""
Estados Unidos de América;Todas las edades;Total;1 de enero de 2014;38.713
Estados Unidos de América;Todas las edades;Total;1 de octubre de 2013;""
Estados Unidos de América;Todas las edades;Total;1 de julio de 2013;37.916
Estados Unidos de América;Todas las edades;Total;1 de abril de 2013;""
Estados Unidos de América;Todas las edades;Total;1 de enero de 2013;38.680
Estados Unidos de América;Todas las edades;Total;1 de octubre de 2012;""
Estados Unidos de América;Todas las edades;Total;1 de julio de 2012;37.482
Estados Unidos de América;Todas las edades;Total;1 de abril de 2012;""
Estados Unidos de América;Todas las edades;Total;1 de enero de 2012;37.656
Estados Unidos de América;Todas las edades;Total;1 de octubre de 2011;""
Estados Unidos de América;Todas las edades;Total;1 de julio de 2011;36.142
Estados Unidos de América;Todas las edades;Total;1 de abril de 2011;""
Estados Unidos de América;Todas las edades;Total;1 de enero de 2011;35.947
Estados Unidos de América;Todas las edades;Total;1 de octubre de 2010;""
Estados Unidos de América;Todas las edades;Total;1 de julio de 2010;35.212
Estados Unidos de América;Todas las edades;Total;1 de abril de 2010;""
Estados Unidos de América;Todas las edades;Total;1 de enero de 2010;35.238
Estados Unidos de América;Todas las edades;Total;1 de octubre de 2009;""
Estados Unidos de América;Todas las edades;Total;1 de julio de 2009;34.564
Estados Unidos de América;Todas las edades;Total;1 de abril de 2009;""
Estados Unidos de América;Todas las edades;Total;1 de enero de 2009;34.466
Estados Unidos de América;Todas las edades;Total;1 de octubre de 2008;""
Estados Unidos de América;Todas las edades;Total;1 de julio de 2008;33.677
Estados Unidos de América;Todas las edades;Total;1 de abril de 2008;""
Estados Unidos de América;Todas las edades;Total;1 de enero de 2008;33.216
Estados Unidos de América;Todas las edades;Total;1 de octubre de 2007;""
Estados Unidos de América;Todas las edades;Total;1 de julio de 2007;32.232
Estados Unidos de América;Todas las edades;Total;1 de abril de 2007;""
Estados Unidos de América;Todas las edades;Total;1 de enero de 2007;31.657
Estados Unidos de América;Todas las edades;Total;1 de octubre de 2006;""
Estados Unidos de América;Todas las edades;Total;1 de julio de 2006;30.701
Estados Unidos de América;Todas las edades;Total;1 de abril de 2006;""
Estados Unidos de América;Todas las edades;Total;1 de enero de 2006;30.362
Estados Unidos de América;Todas las edades;Total;1 de octubre de 2005;""
Estados Unidos de América;Todas las edades;Total;1 de julio de 2005;29.672
Estados Unidos de América;Todas las edades;Total;1 de abril de 2005;""
Estados Unidos de América;Todas las edades;Total;1 de enero de 2005;28.927
Estados Unidos de América;Todas las edades;Total;1 de octubre de 2004;""
Estados Unidos de América;Todas las edades;Total;1 de julio de 2004;27.840
Estados Unidos de América;Todas las edades;Total;1 de abril de 2004;""
Estados Unidos de América;Todas las edades;Total;1 de enero de 2004;27.159
Estados Unidos de América;Todas las edades;Total;1 de octubre de 2003;""
Estados Unidos de América;Todas las edades;Total;1 de julio de 2003;25.986
Estados Unidos de América;Todas las edades;Total;1 de abril de 2003;""
Estados Unidos de América;Todas las edades;Total;1 de enero de 2003;25.015
Estados Unidos de América;Todas las edades;Total;1 de octubre de 2002;""
Estados Unidos de América;Todas las edades;Total;1 de julio de 2002;23.582
Estados Unidos de América;Todas las edades;Total;1 de abril de 2002;""
Estados Unidos de América;Todas las edades;Total;1 de enero de 2002;22.494
México;Todas las edades;Total;1 de enero de 2025;87.575
México;Todas las edades;Total;1 de octubre de 2024;84.439
México;Todas las edades;Total;1 de julio de 2024;81.464
México;Todas las edades;Total;1 de abril de 2024;80.354
México;Todas las edades;Total;1 de enero de 2024;79.581
México;Todas las edades;Total;1 de octubre de 2023;77.029
México;Todas las edades;Total;1 de julio de 2023;74.588
México;Todas las edades;Total;1 de abril de 2023;73.879
México;Todas las edades;Total;1 de enero de 2023;72.669
México;Todas las edades;Total;1 de octubre de 2022;70.419
México;Todas las edades;Total;1 de julio de 2022;67.983
México;Todas las edades;Total;1 de abril de 2022;66.539
México;Todas las edades;Total;1 de enero de 2022;65.133
México;Todas las edades;Total;1 de octubre de 2021;63.486
México;Todas las edades;Total;1 de julio de 2021;61.754
México;Todas las edades;Total;1 de abril de 2021;61.517
México;Todas las edades;Total;1 de enero de 2021;61.412
México;Todas las edades;Total;1 de octubre de 2020;""
México;Todas las edades;Total;1 de julio de 2020;59.651
México;Todas las edades;Total;1 de abril de 2020;""
México;Todas las edades;Total;1 de enero de 2020;59.102
México;Todas las edades;Total;1 de octubre de 2019;""
México;Todas las edades;Total;1 de julio de 2019;55.945
México;Todas las edades;Total;1 de abril de 2019;""
México;Todas las edades;Total;1 de enero de 2019;54.800
México;Todas las edades;Total;1 de octubre de 2018;""
México;Todas las edades;Total;1 de julio de 2018;52.563
México;Todas las edades;Total;1 de abril de 2018;""
México;Todas las edades;Total;1 de enero de 2018;51.938
México;Todas las edades;Total;1 de octubre de 2017;""
México;Todas las edades;Total;1 de julio de 2017;49.581
México;Todas las edades;Total;1 de abril de 2017;""
México;Todas las edades;Total;1 de enero de 2017;49.519
México;Todas las edades;Total;1 de octubre de 2016;""
México;Todas las edades;Total;1 de julio de 2016;48.336
México;Todas las edades;Total;1 de abril de 2016;""
México;Todas las edades;Total;1 de enero de 2016;48.207
México;Todas las edades;Total;1 de octubre de 2015;""
México;Todas las edades;Total;1 de julio de 2015;46.876
México;Todas las edades;Total;1 de abril de 2015;""
México;Todas las edades;Total;1 de enero de 2015;46.778
México;Todas las edades;Total;1 de octubre de 2014;""
México;Todas las edades;Total;1 de julio de 2014;46.100
México;Todas las edades;Total;1 de abril de 2014;""
México;Todas las edades;Total;1 de enero de 2014;46.422
México;Todas las edades;Total;1 de octubre de 2013;""
México;Todas las edades;Total;1 de julio de 2013;46.987
México;Todas las edades;Total;1 de abril de 2013;""
México;Todas las edades;Total;1 de enero de 2013;48.307
México;Todas las edades;Total;1 de octubre de 2012;""
México;Todas las edades;Total;1 de julio de 2012;47.646
México;Todas las edades;Total;1 de abril de 2012;""
México;Todas las edades;Total;1 de enero de 2012;47.859
México;Todas las edades;Total;1 de octubre de 2011;""
México;Todas las edades;Total;1 de julio de 2011;46.508
México;Todas las edades;Total;1 de abril de 2011;""
México;Todas las edades;Total;1 de enero de 2011;46.071
México;Todas las edades;Total;1 de octubre de 2010;""
México;Todas las edades;Total;1 de julio de 2010;45.089
México;Todas las edades;Total;1 de abril de 2010;""
México;Todas las edades;Total;1 de enero de 2010;44.803
México;Todas las edades;Total;1 de octubre de 2009;""
México;Todas las edades;Total;1 de julio de 2009;44.098
México;Todas las edades;Total;1 de abril de 2009;""
México;Todas las edades;Total;1 de enero de 2009;43.565
México;Todas las edades;Total;1 de octubre de 2008;""
México;Todas las edades;Total;1 de julio de 2008;41.969
México;Todas las edades;Total;1 de abril de 2008;""
México;Todas las edades;Total;1 de enero de 2008;40.835
México;Todas las edades;Total;1 de octubre de 2007;""
México;Todas las edades;Total;1 de julio de 2007;39.006
México;Todas las edades;Total;1 de abril de 2007;""
México;Todas las edades;Total;1 de enero de 2007;37.982
México;Todas las edades;Total;1 de octubre de 2006;""
México;Todas las edades;Total;1 de julio de 2006;36.360
México;Todas las edades;Total;1 de abril de 2006;""
México;Todas las edades;Total;1 de enero de 2006;35.940
México;Todas las edades;Total;1 de octubre de 2005;""
México;Todas las edades;Total;1 de julio de 2005;34.705
México;Todas las edades;Total;1 de abril de 2005;""
México;Todas las edades;Total;1 de enero de 2005;33.596
México;Todas las edades;Total;1 de octubre de 2004;""
México;Todas las edades;Total;1 de julio de 2004;31.715
México;Todas las edades;Total;1 de abril de 2004;""
México;Todas las edades;Total;1 de enero de 2004;30.457
México;Todas las edades;Total;1 de octubre de 2003;""
México;Todas las edades;Total;1 de julio de 2003;28.479
México;Todas las edades;Total;1 de abril de 2003;""
México;Todas las edades;Total;1 de enero de 2003;26.656
México;Todas las edades;Total;1 de octubre de 2002;""
México;Todas las edades;Total;1 de julio de 2002;24.023
México;Todas las edades;Total;1 de abril de 2002;""
México;Todas las edades;Total;1 de enero de 2002;22.282
Canadá;Todas las edades;Total;1 de enero de 2025;10.425
Canadá;Todas las edades;Total;1 de octubre de 2024;10.102
Canadá;Todas las edades;Total;1 de julio de 2024;9.752
Canadá;Todas las edades;Total;1 de abril de 2024;9.723
Canadá;Todas las edades;Total;1 de enero de 2024;9.687
Canadá;Todas las edades;Total;1 de octubre de 2023;9.492
Canadá;Todas las edades;Total;1 de julio de 2023;9.125
Canadá;Todas las edades;Total;1 de abril de 2023;9.057
Canadá;Todas las edades;Total;1 de enero de 2023;8.969
Canadá;Todas las edades;Total;1 de octubre de 2022;8.751
Canadá;Todas las edades;Total;1 de julio de 2022;8.375
Canadá;Todas las edades;Total;1 de abril de 2022;8.286
Canadá;Todas las edades;Total;1 de enero de 2022;8.190
Canadá;Todas las edades;Total;1 de octubre de 2021;8.003
Canadá;Todas las edades;Total;1 de julio de 2021;7.800
Canadá;Todas las edades;Total;1 de abril de 2021;7.771
Canadá;Todas las edades;Total;1 de enero de 2021;7.800
Canadá;Todas las edades;Total;1 de octubre de 2020;""
Canadá;Todas las edades;Total;1 de julio de 2020;7.484
Canadá;Todas las edades;Total;1 de abril de 2020;""
Canadá;Todas las edades;Total;1 de enero de 2020;7.406
Canadá;Todas las edades;Total;1 de octubre de 2019;""
Canadá;Todas las edades;Total;1 de julio de 2019;7.055
Canadá;Todas las edades;Total;1 de abril de 2019;""
Canadá;Todas las edades;Total;1 de enero de 2019;6.933
Canadá;Todas las edades;Total;1 de octubre de 2018;""
Canadá;Todas las edades;Total;1 de julio de 2018;6.734
Canadá;Todas las edades;Total;1 de abril de 2018;""
Canadá;Todas las edades;Total;1 de enero de 2018;6.668
Canadá;Todas las edades;Total;1 de octubre de 2017;""
Canadá;Todas las edades;Total;1 de julio de 2017;6.341
Canadá;Todas las edades;Total;1 de abril de 2017;""
Canadá;Todas las edades;Total;1 de enero de 2017;6.347
Canadá;Todas las edades;Total;1 de octubre de 2016;""
Canadá;Todas las edades;Total;1 de julio de 2016;6.217
Canadá;Todas las edades;Total;1 de abril de 2016;""
Canadá;Todas las edades;Total;1 de enero de 2016;6.209
Canadá;Todas las edades;Total;1 de octubre de 2015;""
Canadá;Todas las edades;Total;1 de julio de 2015;6.018
Canadá;Todas las edades;Total;1 de abril de 2015;""
Canadá;Todas las edades;Total;1 de enero de 2015;6.048
Canadá;Todas las edades;Total;1 de octubre de 2014;""
Canadá;Todas las edades;Total;1 de julio de 2014;5.917
Canadá;Todas las edades;Total;1 de abril de 2014;""
Canadá;Todas las edades;Total;1 de enero de 2014;6.000
Canadá;Todas las edades;Total;1 de octubre de 2013;""
Canadá;Todas las edades;Total;1 de julio de 2013;5.975
Canadá;Todas las edades;Total;1 de abril de 2013;""
Canadá;Todas las edades;Total;1 de enero de 2013;5.980
Canadá;Todas las edades;Total;1 de octubre de 2012;""
Canadá;Todas las edades;Total;1 de julio de 2012;5.847
Canadá;Todas las edades;Total;1 de abril de 2012;""
Canadá;Todas las edades;Total;1 de enero de 2012;5.947
Canadá;Todas las edades;Total;1 de octubre de 2011;""
Canadá;Todas las edades;Total;1 de julio de 2011;5.733
Canadá;Todas las edades;Total;1 de abril de 2011;""
Canadá;Todas las edades;Total;1 de enero de 2011;5.769
Canadá;Todas las edades;Total;1 de octubre de 2010;""
Canadá;Todas las edades;Total;1 de julio de 2010;5.698
Canadá;Todas las edades;Total;1 de abril de 2010;""
Canadá;Todas las edades;Total;1 de enero de 2010;5.696
Canadá;Todas las edades;Total;1 de octubre de 2009;""
Canadá;Todas las edades;Total;1 de julio de 2009;5.635
Canadá;Todas las edades;Total;1 de abril de 2009;""
Canadá;Todas las edades;Total;1 de enero de 2009;5.665
Canadá;Todas las edades;Total;1 de octubre de 2008;""
Canadá;Todas las edades;Total;1 de julio de 2008;5.570
Canadá;Todas las edades;Total;1 de abril de 2008;""
Canadá;Todas las edades;Total;1 de enero de 2008;5.544
Canadá;Todas las edades;Total;1 de octubre de 2007;""
Canadá;Todas las edades;Total;1 de julio de 2007;5.399
Canadá;Todas las edades;Total;1 de abril de 2007;""
Canadá;Todas las edades;Total;1 de enero de 2007;5.280
Canadá;Todas las edades;Total;1 de octubre de 2006;""
Canadá;Todas las edades;Total;1 de julio de 2006;5.158
Canadá;Todas las edades;Total;1 de abril de 2006;""
Canadá;Todas las edades;Total;1 de enero de 2006;5.110
Canadá;Todas las edades;Total;1 de octubre de 2005;""
Canadá;Todas las edades;Total;1 de julio de 2005;5.043
Canadá;Todas las edades;Total;1 de abril de 2005;""
Canadá;Todas las edades;Total;1 de enero de 2005;4.917
Canadá;Todas las edades;Total;1 de octubre de 2004;""
Canadá;Todas las edades;Total;1 de julio de 2004;4.787
Canadá;Todas las edades;Total;1 de abril de 2004;""
Canadá;Todas las edades;Total;1 de enero de 2004;4.652
Canadá;Todas las edades;Total;1 de octubre de 2003;""
Canadá;Todas las edades;Total;1 de julio de 2003;4.475
Canadá;Todas las edades;Total;1 de abril de 2003;""
Canadá;Todas las edades;Total;1 de enero de 2003;4.336
Canadá;Todas las edades;Total;1 de octubre de 2002;""
Canadá;Todas las edades;Total;1 de julio de 2002;4.125
Canadá;Todas las edades;Total;1 de abril de 2002;""
Canadá;Todas las edades;Total;1 de enero de 2002;3.960
Centro América y Caribe;Todas las edades;Total;1 de enero de 2025;858.231
Centro América y Caribe;Todas las edades;Total;1 de octubre de 2024;840.769
Centro América y Caribe;Todas las edades;Total;1 de julio de 2024;822.292
Centro América y Caribe;Todas las edades;Total;1 de abril de 2024;805.177
Centro América y Caribe;Todas las edades;Total;1 de enero de 2024;791.615
Centro América y Caribe;Todas las edades;Total;1 de octubre de 2023;773.602
Centro América y Caribe;Todas las edades;Total;1 de julio de 2023;756.638
Centro América y Caribe;Todas las edades;Total;1 de abril de 2023;740.772
Centro América y Caribe;Todas las edades;Total;1 de enero de 2023;720.178
Centro América y Caribe;Todas las edades;Total;1 de octubre de 2022;699.795
Centro América y Caribe;Todas las edades;Total;1 de julio de 2022;681.909
Centro América y Caribe;Todas las edades;Total;1 de abril de 2022;662.252
Centro América y Caribe;Todas las edades;Total;1 de enero de 2022;644.369
Centro América y Caribe;Todas las edades;Total;1 de octubre de 2021;631.249
Centro América y Caribe;Todas las edades;Total;1 de julio de 2021;623.529
Centro América y Caribe;Todas las edades;Total;1 de abril de 2021;620.742
Centro América y Caribe;Todas las edades;Total;1 de enero de 2021;617.741
Centro América y Caribe;Todas las edades;Total;1 de octubre de 2020;""
Centro América y Caribe;Todas las edades;Total;1 de julio de 2020;603.962
Centro América y Caribe;Todas las edades;Total;1 de abril de 2020;""
Centro América y Caribe;Todas las edades;Total;1 de enero de 2020;580.321
Centro América y Caribe;Todas las edades;Total;1 de octubre de 2019;""
Centro América y Caribe;Todas las edades;Total;1 de julio de 2019;543.269
Centro América y Caribe;Todas las edades;Total;1 de abril de 2019;""
Centro América y Caribe;Todas las edades;Total;1 de enero de 2019;508.723
Centro América y Caribe;Todas las edades;Total;1 de octubre de 2018;""
Centro América y Caribe;Todas las edades;Total;1 de julio de 2018;477.475
Centro América y Caribe;Todas las edades;Total;1 de abril de 2018;""
Centro América y Caribe;Todas las edades;Total;1 de enero de 2018;454.479
Centro América y Caribe;Todas las edades;Total;1 de octubre de 2017;""
Centro América y Caribe;Todas las edades;Total;1 de julio de 2017;432.575
Centro América y Caribe;Todas las edades;Total;1 de abril de 2017;""
Centro América y Caribe;Todas las edades;Total;1 de enero de 2017;416.058
Centro América y Caribe;Todas las edades;Total;1 de octubre de 2016;""
Centro América y Caribe;Todas las edades;Total;1 de julio de 2016;402.455
Centro América y Caribe;Todas las edades;Total;1 de abril de 2016;""
Centro América y Caribe;Todas las edades;Total;1 de enero de 2016;392.682
Centro América y Caribe;Todas las edades;Total;1 de octubre de 2015;""
Centro América y Caribe;Todas las edades;Total;1 de julio de 2015;383.414
Centro América y Caribe;Todas las edades;Total;1 de abril de 2015;""
Centro América y Caribe;Todas las edades;Total;1 de enero de 2015;376.129
Centro América y Caribe;Todas las edades;Total;1 de octubre de 2014;""
Centro América y Caribe;Todas las edades;Total;1 de julio de 2014;369.126
Centro América y Caribe;Todas las edades;Total;1 de abril de 2014;""
Centro América y Caribe;Todas las edades;Total;1 de enero de 2014;364.165
Centro América y Caribe;Todas las edades;Total;1 de octubre de 2013;""
Centro América y Caribe;Todas las edades;Total;1 de julio de 2013;360.712
Centro América y Caribe;Todas las edades;Total;1 de abril de 2013;""
Centro América y Caribe;Todas las edades;Total;1 de enero de 2013;359.269
Centro América y Caribe;Todas las edades;Total;1 de octubre de 2012;""
Centro América y Caribe;Todas las edades;Total;1 de julio de 2012;353.688
Centro América y Caribe;Todas las edades;Total;1 de abril de 2012;""
Centro América y Caribe;Todas las edades;Total;1 de enero de 2012;344.881
Centro América y Caribe;Todas las edades;Total;1 de octubre de 2011;""
Centro América y Caribe;Todas las edades;Total;1 de julio de 2011;331.284
Centro América y Caribe;Todas las edades;Total;1 de abril de 2011;""
Centro América y Caribe;Todas las edades;Total;1 de enero de 2011;320.919
Centro América y Caribe;Todas las edades;Total;1 de octubre de 2010;""
Centro América y Caribe;Todas las edades;Total;1 de julio de 2010;312.310
Centro América y Caribe;Todas las edades;Total;1 de abril de 2010;""
Centro América y Caribe;Todas las edades;Total;1 de enero de 2010;304.655
Centro América y Caribe;Todas las edades;Total;1 de octubre de 2009;""
Centro América y Caribe;Todas las edades;Total;1 de julio de 2009;297.187
Centro América y Caribe;Todas las edades;Total;1 de abril de 2009;""
Centro América y Caribe;Todas las edades;Total;1 de enero de 2009;289.116
Centro América y Caribe;Todas las edades;Total;1 de octubre de 2008;""
Centro América y Caribe;Todas las edades;Total;1 de julio de 2008;276.374
Centro América y Caribe;Todas las edades;Total;1 de abril de 2008;""
Centro América y Caribe;Todas las edades;Total;1 de enero de 2008;258.754
Centro América y Caribe;Todas las edades;Total;1 de octubre de 2007;""
Centro América y Caribe;Todas las edades;Total;1 de julio de 2007;240.576
Centro América y Caribe;Todas las edades;Total;1 de abril de 2007;""
Centro América y Caribe;Todas las edades;Total;1 de enero de 2007;220.878
Centro América y Caribe;Todas las edades;Total;1 de octubre de 2006;""
Centro América y Caribe;Todas las edades;Total;1 de julio de 2006;204.771
Centro América y Caribe;Todas las edades;Total;1 de abril de 2006;""
Centro América y Caribe;Todas las edades;Total;1 de enero de 2006;193.184
Centro América y Caribe;Todas las edades;Total;1 de octubre de 2005;""
Centro América y Caribe;Todas las edades;Total;1 de julio de 2005;182.934
Centro América y Caribe;Todas las edades;Total;1 de abril de 2005;""
Centro América y Caribe;Todas las edades;Total;1 de enero de 2005;172.595
Centro América y Caribe;Todas las edades;Total;1 de octubre de 2004;""
Centro América y Caribe;Todas las edades;Total;1 de julio de 2004;161.782
Centro América y Caribe;Todas las edades;Total;1 de abril de 2004;""
Centro América y Caribe;Todas las edades;Total;1 de enero de 2004;153.419
Centro América y Caribe;Todas las edades;Total;1 de octubre de 2003;""
Centro América y Caribe;Todas las edades;Total;1 de julio de 2003;144.108
Centro América y Caribe;Todas las edades;Total;1 de abril de 2003;""
Centro América y Caribe;Todas las edades;Total;1 de enero de 2003;135.126
Centro América y Caribe;Todas las edades;Total;1 de octubre de 2002;""
Centro América y Caribe;Todas las edades;Total;1 de julio de 2002;125.660
Centro América y Caribe;Todas las edades;Total;1 de abril de 2002;""
Centro América y Caribe;Todas las edades;Total;1 de enero de 2002;115.042
Cuba;Todas las edades;Total;1 de enero de 2025;252.290
Cuba;Todas las edades;Total;1 de octubre de 2024;244.150
Cuba;Todas las edades;Total;1 de julio de 2024;236.043
Cuba;Todas las edades;Total;1 de abril de 2024;228.352
Cuba;Todas las edades;Total;1 de enero de 2024;223.532
Cuba;Todas las edades;Total;1 de octubre de 2023;216.658
Cuba;Todas las edades;Total;1 de julio de 2023;210.450
Cuba;Todas las edades;Total;1 de abril de 2023;204.430
Cuba;Todas las edades;Total;1 de enero de 2023;198.639
Cuba;Todas las edades;Total;1 de octubre de 2022;191.804
Cuba;Todas las edades;Total;1 de julio de 2022;186.117
Cuba;Todas las edades;Total;1 de abril de 2022;180.643
Cuba;Todas las edades;Total;1 de enero de 2022;176.770
Cuba;Todas las edades;Total;1 de octubre de 2021;173.061
Cuba;Todas las edades;Total;1 de julio de 2021;169.721
Cuba;Todas las edades;Total;1 de abril de 2021;167.655
Cuba;Todas las edades;Total;1 de enero de 2021;166.076
Cuba;Todas las edades;Total;1 de octubre de 2020;""
Cuba;Todas las edades;Total;1 de julio de 2020;165.343
Cuba;Todas las edades;Total;1 de abril de 2020;""
Cuba;Todas las edades;Total;1 de enero de 2020;162.063
Cuba;Todas las edades;Total;1 de octubre de 2019;""
Cuba;Todas las edades;Total;1 de julio de 2019;154.762
Cuba;Todas las edades;Total;1 de abril de 2019;""
Cuba;Todas las edades;Total;1 de enero de 2019;148.986
Cuba;Todas las edades;Total;1 de octubre de 2018;""
Cuba;Todas las edades;Total;1 de julio de 2018;143.485
Cuba;Todas las edades;Total;1 de abril de 2018;""
Cuba;Todas las edades;Total;1 de enero de 2018;139.713
Cuba;Todas las edades;Total;1 de octubre de 2017;""
Cuba;Todas las edades;Total;1 de julio de 2017;136.353
Cuba;Todas las edades;Total;1 de abril de 2017;""
Cuba;Todas las edades;Total;1 de enero de 2017;134.170
Cuba;Todas las edades;Total;1 de octubre de 2016;""
Cuba;Todas las edades;Total;1 de julio de 2016;132.072
Cuba;Todas las edades;Total;1 de abril de 2016;""
Cuba;Todas las edades;Total;1 de enero de 2016;130.747
Cuba;Todas las edades;Total;1 de octubre de 2015;""
Cuba;Todas las edades;Total;1 de julio de 2015;128.978
Cuba;Todas las edades;Total;1 de abril de 2015;""
Cuba;Todas las edades;Total;1 de enero de 2015;127.868
Cuba;Todas las edades;Total;1 de octubre de 2014;""
Cuba;Todas las edades;Total;1 de julio de 2014;126.177
Cuba;Todas las edades;Total;1 de abril de 2014;""
Cuba;Todas las edades;Total;1 de enero de 2014;125.200
Cuba;Todas las edades;Total;1 de octubre de 2013;""
Cuba;Todas las edades;Total;1 de julio de 2013;123.771
Cuba;Todas las edades;Total;1 de abril de 2013;""
Cuba;Todas las edades;Total;1 de enero de 2013;122.614
Cuba;Todas las edades;Total;1 de octubre de 2012;""
Cuba;Todas las edades;Total;1 de julio de 2012;120.589
Cuba;Todas las edades;Total;1 de abril de 2012;""
Cuba;Todas las edades;Total;1 de enero de 2012;118.586
Cuba;Todas las edades;Total;1 de octubre de 2011;""
Cuba;Todas las edades;Total;1 de julio de 2011;113.801
Cuba;Todas las edades;Total;1 de abril de 2011;""
Cuba;Todas las edades;Total;1 de enero de 2011;109.478
Cuba;Todas las edades;Total;1 de octubre de 2010;""
Cuba;Todas las edades;Total;1 de julio de 2010;105.527
Cuba;Todas las edades;Total;1 de abril de 2010;""
Cuba;Todas las edades;Total;1 de enero de 2010;103.186
Cuba;Todas las edades;Total;1 de octubre de 2009;""
Cuba;Todas las edades;Total;1 de julio de 2009;101.041
Cuba;Todas las edades;Total;1 de abril de 2009;""
Cuba;Todas las edades;Total;1 de enero de 2009;99.142
Cuba;Todas las edades;Total;1 de octubre de 2008;""
Cuba;Todas las edades;Total;1 de julio de 2008;95.581
Cuba;Todas las edades;Total;1 de abril de 2008;""
Cuba;Todas las edades;Total;1 de enero de 2008;91.141
Cuba;Todas las edades;Total;1 de octubre de 2007;""
Cuba;Todas las edades;Total;1 de julio de 2007;86.810
Cuba;Todas las edades;Total;1 de abril de 2007;""
Cuba;Todas las edades;Total;1 de enero de 2007;83.040
Cuba;Todas las edades;Total;1 de octubre de 2006;""
Cuba;Todas las edades;Total;1 de julio de 2006;79.654
Cuba;Todas las edades;Total;1 de abril de 2006;""
Cuba;Todas las edades;Total;1 de enero de 2006;76.485
Cuba;Todas las edades;Total;1 de octubre de 2005;""
Cuba;Todas las edades;Total;1 de julio de 2005;73.853
Cuba;Todas las edades;Total;1 de abril de 2005;""
Cuba;Todas las edades;Total;1 de enero de 2005;71.232
Cuba;Todas las edades;Total;1 de octubre de 2004;""
Cuba;Todas las edades;Total;1 de julio de 2004;68.326
Cuba;Todas las edades;Total;1 de abril de 2004;""
Cuba;Todas las edades;Total;1 de enero de 2004;65.767
Cuba;Todas las edades;Total;1 de octubre de 2003;""
Cuba;Todas las edades;Total;1 de julio de 2003;63.116
Cuba;Todas las edades;Total;1 de abril de 2003;""
Cuba;Todas las edades;Total;1 de enero de 2003;60.281
Cuba;Todas las edades;Total;1 de octubre de 2002;""
Cuba;Todas las edades;Total;1 de julio de 2002;57.056
Cuba;Todas las edades;Total;1 de abril de 2002;""
Cuba;Todas las edades;Total;1 de enero de 2002;52.701
Honduras;Todas las edades;Total;1 de enero de 2025;220.593
Honduras;Todas las edades;Total;1 de octubre de 2024;215.597
Honduras;Todas las edades;Total;1 de julio de 2024;211.006
Honduras;Todas las edades;Total;1 de abril de 2024;206.189
Honduras;Todas las edades;Total;1 de enero de 2024;201.319
Honduras;Todas las edades;Total;1 de octubre de 2023;195.968
Honduras;Todas las edades;Total;1 de julio de 2023;191.224
Honduras;Todas las edades;Total;1 de abril de 2023;185.787
Honduras;Todas las edades;Total;1 de enero de 2023;177.616
Honduras;Todas las edades;Total;1 de octubre de 2022;170.411
Honduras;Todas las edades;Total;1 de julio de 2022;164.769
Honduras;Todas las edades;Total;1 de abril de 2022;157.477
Honduras;Todas las edades;Total;1 de enero de 2022;149.786
Honduras;Todas las edades;Total;1 de octubre de 2021;143.459
Honduras;Todas las edades;Total;1 de julio de 2021;141.504
Honduras;Todas las edades;Total;1 de abril de 2021;141.133
Honduras;Todas las edades;Total;1 de enero de 2021;140.273
Honduras;Todas las edades;Total;1 de octubre de 2020;""
Honduras;Todas las edades;Total;1 de julio de 2020;134.674
Honduras;Todas las edades;Total;1 de abril de 2020;""
Honduras;Todas las edades;Total;1 de enero de 2020;123.808
Honduras;Todas las edades;Total;1 de octubre de 2019;""
Honduras;Todas las edades;Total;1 de julio de 2019;110.882
Honduras;Todas las edades;Total;1 de abril de 2019;""
Honduras;Todas las edades;Total;1 de enero de 2019;97.239
Honduras;Todas las edades;Total;1 de octubre de 2018;""
Honduras;Todas las edades;Total;1 de julio de 2018;85.977
Honduras;Todas las edades;Total;1 de abril de 2018;""
Honduras;Todas las edades;Total;1 de enero de 2018;75.231
Honduras;Todas las edades;Total;1 de octubre de 2017;""
Honduras;Todas las edades;Total;1 de julio de 2017;66.002
Honduras;Todas las edades;Total;1 de abril de 2017;""
Honduras;Todas las edades;Total;1 de enero de 2017;58.388
Honduras;Todas las edades;Total;1 de octubre de 2016;""
Honduras;Todas las edades;Total;1 de julio de 2016;53.226
Honduras;Todas las edades;Total;1 de abril de 2016;""
Honduras;Todas las edades;Total;1 de enero de 2016;48.844
Honduras;Todas las edades;Total;1 de octubre de 2015;""
Honduras;Todas las edades;Total;1 de julio de 2015;45.573
Honduras;Todas las edades;Total;1 de abril de 2015;""
Honduras;Todas las edades;Total;1 de enero de 2015;42.443
Honduras;Todas las edades;Total;1 de octubre de 2014;""
Honduras;Todas las edades;Total;1 de julio de 2014;40.455
Honduras;Todas las edades;Total;1 de abril de 2014;""
Honduras;Todas las edades;Total;1 de enero de 2014;38.575
Honduras;Todas las edades;Total;1 de octubre de 2013;""
Honduras;Todas las edades;Total;1 de julio de 2013;38.022
Honduras;Todas las edades;Total;1 de abril de 2013;""
Honduras;Todas las edades;Total;1 de enero de 2013;37.526
Honduras;Todas las edades;Total;1 de octubre de 2012;""
Honduras;Todas las edades;Total;1 de julio de 2012;36.562
Honduras;Todas las edades;Total;1 de abril de 2012;""
Honduras;Todas las edades;Total;1 de enero de 2012;34.247
Honduras;Todas las edades;Total;1 de octubre de 2011;""
Honduras;Todas las edades;Total;1 de julio de 2011;31.919
Honduras;Todas las edades;Total;1 de abril de 2011;""
Honduras;Todas las edades;Total;1 de enero de 2011;29.873
Honduras;Todas las edades;Total;1 de octubre de 2010;""
Honduras;Todas las edades;Total;1 de julio de 2010;28.515
Honduras;Todas las edades;Total;1 de abril de 2010;""
Honduras;Todas las edades;Total;1 de enero de 2010;26.901
Honduras;Todas las edades;Total;1 de octubre de 2009;""
Honduras;Todas las edades;Total;1 de julio de 2009;25.815
Honduras;Todas las edades;Total;1 de abril de 2009;""
Honduras;Todas las edades;Total;1 de enero de 2009;24.858
Honduras;Todas las edades;Total;1 de octubre de 2008;""
Honduras;Todas las edades;Total;1 de julio de 2008;23.678
Honduras;Todas las edades;Total;1 de abril de 2008;""
Honduras;Todas las edades;Total;1 de enero de 2008;21.693
Honduras;Todas las edades;Total;1 de octubre de 2007;""
Honduras;Todas las edades;Total;1 de julio de 2007;19.081
Honduras;Todas las edades;Total;1 de abril de 2007;""
Honduras;Todas las edades;Total;1 de enero de 2007;14.748
Honduras;Todas las edades;Total;1 de octubre de 2006;""
Honduras;Todas las edades;Total;1 de julio de 2006;11.579
Honduras;Todas las edades;Total;1 de abril de 2006;""
Honduras;Todas las edades;Total;1 de enero de 2006;9.816
Honduras;Todas las edades;Total;1 de octubre de 2005;""
Honduras;Todas las edades;Total;1 de julio de 2005;8.771
Honduras;Todas las edades;Total;1 de abril de 2005;""
Honduras;Todas las edades;Total;1 de enero de 2005;7.757
Honduras;Todas las edades;Total;1 de octubre de 2004;""
Honduras;Todas las edades;Total;1 de julio de 2004;6.815
Honduras;Todas las edades;Total;1 de abril de 2004;""
Honduras;Todas las edades;Total;1 de enero de 2004;6.180
Honduras;Todas las edades;Total;1 de octubre de 2003;""
Honduras;Todas las edades;Total;1 de julio de 2003;5.548
Honduras;Todas las edades;Total;1 de abril de 2003;""
Honduras;Todas las edades;Total;1 de enero de 2003;4.924
Honduras;Todas las edades;Total;1 de octubre de 2002;""
Honduras;Todas las edades;Total;1 de julio de 2002;4.332
Honduras;Todas las edades;Total;1 de abril de 2002;""
Honduras;Todas las edades;Total;1 de enero de 2002;3.730
Nicaragua;Todas las edades;Total;1 de enero de 2025;93.905
Nicaragua;Todas las edades;Total;1 de octubre de 2024;92.478
Nicaragua;Todas las edades;Total;1 de julio de 2024;90.909
Nicaragua;Todas las edades;Total;1 de abril de 2024;89.259
Nicaragua;Todas las edades;Total;1 de enero de 2024;87.786
Nicaragua;Todas las edades;Total;1 de octubre de 2023;85.680
Nicaragua;Todas las edades;Total;1 de julio de 2023;83.907
Nicaragua;Todas las edades;Total;1 de abril de 2023;82.567
Nicaragua;Todas las edades;Total;1 de enero de 2023;80.013
Nicaragua;Todas las edades;Total;1 de octubre de 2022;77.522
Nicaragua;Todas las edades;Total;1 de julio de 2022;74.876
Nicaragua;Todas las edades;Total;1 de abril de 2022;71.669
Nicaragua;Todas las edades;Total;1 de enero de 2022;68.776
Nicaragua;Todas las edades;Total;1 de octubre de 2021;68.153
Nicaragua;Todas las edades;Total;1 de julio de 2021;67.904
Nicaragua;Todas las edades;Total;1 de abril de 2021;68.149
Nicaragua;Todas las edades;Total;1 de enero de 2021;68.229
Nicaragua;Todas las edades;Total;1 de octubre de 2020;""
Nicaragua;Todas las edades;Total;1 de julio de 2020;65.296
Nicaragua;Todas las edades;Total;1 de abril de 2020;""
Nicaragua;Todas las edades;Total;1 de enero de 2020;59.747
Nicaragua;Todas las edades;Total;1 de octubre de 2019;""
Nicaragua;Todas las edades;Total;1 de julio de 2019;52.071
Nicaragua;Todas las edades;Total;1 de abril de 2019;""
Nicaragua;Todas las edades;Total;1 de enero de 2019;43.460
Nicaragua;Todas las edades;Total;1 de octubre de 2018;""
Nicaragua;Todas las edades;Total;1 de julio de 2018;36.463
Nicaragua;Todas las edades;Total;1 de abril de 2018;""
Nicaragua;Todas las edades;Total;1 de enero de 2018;32.706
Nicaragua;Todas las edades;Total;1 de octubre de 2017;""
Nicaragua;Todas las edades;Total;1 de julio de 2017;30.392
Nicaragua;Todas las edades;Total;1 de abril de 2017;""
Nicaragua;Todas las edades;Total;1 de enero de 2017;27.529
Nicaragua;Todas las edades;Total;1 de octubre de 2016;""
Nicaragua;Todas las edades;Total;1 de julio de 2016;25.842
Nicaragua;Todas las edades;Total;1 de abril de 2016;""
Nicaragua;Todas las edades;Total;1 de enero de 2016;24.202
Nicaragua;Todas las edades;Total;1 de octubre de 2015;""
Nicaragua;Todas las edades;Total;1 de julio de 2015;22.923
Nicaragua;Todas las edades;Total;1 de abril de 2015;""
Nicaragua;Todas las edades;Total;1 de enero de 2015;21.678
Nicaragua;Todas las edades;Total;1 de octubre de 2014;""
Nicaragua;Todas las edades;Total;1 de julio de 2014;20.783
Nicaragua;Todas las edades;Total;1 de abril de 2014;""
Nicaragua;Todas las edades;Total;1 de enero de 2014;19.948
Nicaragua;Todas las edades;Total;1 de octubre de 2013;""
Nicaragua;Todas las edades;Total;1 de julio de 2013;19.811
Nicaragua;Todas las edades;Total;1 de abril de 2013;""
Nicaragua;Todas las edades;Total;1 de enero de 2013;19.520
Nicaragua;Todas las edades;Total;1 de octubre de 2012;""
Nicaragua;Todas las edades;Total;1 de julio de 2012;18.946
Nicaragua;Todas las edades;Total;1 de abril de 2012;""
Nicaragua;Todas las edades;Total;1 de enero de 2012;17.524
Nicaragua;Todas las edades;Total;1 de octubre de 2011;""
Nicaragua;Todas las edades;Total;1 de julio de 2011;16.162
Nicaragua;Todas las edades;Total;1 de abril de 2011;""
Nicaragua;Todas las edades;Total;1 de enero de 2011;14.953
Nicaragua;Todas las edades;Total;1 de octubre de 2010;""
Nicaragua;Todas las edades;Total;1 de julio de 2010;14.017
Nicaragua;Todas las edades;Total;1 de abril de 2010;""
Nicaragua;Todas las edades;Total;1 de enero de 2010;12.892
Nicaragua;Todas las edades;Total;1 de octubre de 2009;""
Nicaragua;Todas las edades;Total;1 de julio de 2009;12.045
Nicaragua;Todas las edades;Total;1 de abril de 2009;""
Nicaragua;Todas las edades;Total;1 de enero de 2009;11.385
Nicaragua;Todas las edades;Total;1 de octubre de 2008;""
Nicaragua;Todas las edades;Total;1 de julio de 2008;10.505
Nicaragua;Todas las edades;Total;1 de abril de 2008;""
Nicaragua;Todas las edades;Total;1 de enero de 2008;9.090
Nicaragua;Todas las edades;Total;1 de octubre de 2007;""
Nicaragua;Todas las edades;Total;1 de julio de 2007;7.637
Nicaragua;Todas las edades;Total;1 de abril de 2007;""
Nicaragua;Todas las edades;Total;1 de enero de 2007;5.599
Nicaragua;Todas las edades;Total;1 de octubre de 2006;""
Nicaragua;Todas las edades;Total;1 de julio de 2006;4.402
Nicaragua;Todas las edades;Total;1 de abril de 2006;""
Nicaragua;Todas las edades;Total;1 de enero de 2006;3.804
Nicaragua;Todas las edades;Total;1 de octubre de 2005;""
Nicaragua;Todas las edades;Total;1 de julio de 2005;3.426
Nicaragua;Todas las edades;Total;1 de abril de 2005;""
Nicaragua;Todas las edades;Total;1 de enero de 2005;3.115
Nicaragua;Todas las edades;Total;1 de octubre de 2004;""
Nicaragua;Todas las edades;Total;1 de julio de 2004;2.900
Nicaragua;Todas las edades;Total;1 de abril de 2004;""
Nicaragua;Todas las edades;Total;1 de enero de 2004;2.728
Nicaragua;Todas las edades;Total;1 de octubre de 2003;""
Nicaragua;Todas las edades;Total;1 de julio de 2003;2.566
Nicaragua;Todas las edades;Total;1 de abril de 2003;""
Nicaragua;Todas las edades;Total;1 de enero de 2003;2.412
Nicaragua;Todas las edades;Total;1 de octubre de 2002;""
Nicaragua;Todas las edades;Total;1 de julio de 2002;2.280
Nicaragua;Todas las edades;Total;1 de abril de 2002;""
Nicaragua;Todas las edades;Total;1 de enero de 2002;2.123
República Dominicana;Todas las edades;Total;1 de enero de 2025;207.135
República Dominicana;Todas las edades;Total;1 de octubre de 2024;206.008
República Dominicana;Todas las edades;Total;1 de julio de 2024;203.923
República Dominicana;Todas las edades;Total;1 de abril de 2024;202.394
República Dominicana;Todas las edades;Total;1 de enero de 2024;201.162
República Dominicana;Todas las edades;Total;1 de octubre de 2023;199.512
República Dominicana;Todas las edades;Total;1 de julio de 2023;197.271
República Dominicana;Todas las edades;Total;1 de abril de 2023;195.635
República Dominicana;Todas las edades;Total;1 de enero de 2023;193.653
República Dominicana;Todas las edades;Total;1 de octubre de 2022;192.173
República Dominicana;Todas las edades;Total;1 de julio de 2022;190.433
República Dominicana;Todas las edades;Total;1 de abril de 2022;188.866
República Dominicana;Todas las edades;Total;1 de enero de 2022;187.671
República Dominicana;Todas las edades;Total;1 de octubre de 2021;187.404
República Dominicana;Todas las edades;Total;1 de julio de 2021;186.245
República Dominicana;Todas las edades;Total;1 de abril de 2021;185.746
República Dominicana;Todas las edades;Total;1 de enero de 2021;185.200
República Dominicana;Todas las edades;Total;1 de octubre de 2020;""
República Dominicana;Todas las edades;Total;1 de julio de 2020;183.130
República Dominicana;Todas las edades;Total;1 de abril de 2020;""
República Dominicana;Todas las edades;Total;1 de enero de 2020;182.114
República Dominicana;Todas las edades;Total;1 de octubre de 2019;""
República Dominicana;Todas las edades;Total;1 de julio de 2019;178.018
República Dominicana;Todas las edades;Total;1 de abril de 2019;""
República Dominicana;Todas las edades;Total;1 de enero de 2019;175.316
República Dominicana;Todas las edades;Total;1 de octubre de 2018;""
República Dominicana;Todas las edades;Total;1 de julio de 2018;171.509
República Dominicana;Todas las edades;Total;1 de abril de 2018;""
República Dominicana;Todas las edades;Total;1 de enero de 2018;169.228
República Dominicana;Todas las edades;Total;1 de octubre de 2017;""
República Dominicana;Todas las edades;Total;1 de julio de 2017;165.162
República Dominicana;Todas las edades;Total;1 de abril de 2017;""
República Dominicana;Todas las edades;Total;1 de enero de 2017;163.003
República Dominicana;Todas las edades;Total;1 de octubre de 2016;""
República Dominicana;Todas las edades;Total;1 de julio de 2016;160.036
República Dominicana;Todas las edades;Total;1 de abril de 2016;""
República Dominicana;Todas las edades;Total;1 de enero de 2016;158.598
República Dominicana;Todas las edades;Total;1 de octubre de 2015;""
República Dominicana;Todas las edades;Total;1 de julio de 2015;157.018
República Dominicana;Todas las edades;Total;1 de abril de 2015;""
República Dominicana;Todas las edades;Total;1 de enero de 2015;155.839
República Dominicana;Todas las edades;Total;1 de octubre de 2014;""
República Dominicana;Todas las edades;Total;1 de julio de 2014;154.292
República Dominicana;Todas las edades;Total;1 de abril de 2014;""
República Dominicana;Todas las edades;Total;1 de enero de 2014;153.330
República Dominicana;Todas las edades;Total;1 de octubre de 2013;""
República Dominicana;Todas las edades;Total;1 de julio de 2013;152.321
República Dominicana;Todas las edades;Total;1 de abril de 2013;""
República Dominicana;Todas las edades;Total;1 de enero de 2013;152.436
República Dominicana;Todas las edades;Total;1 de octubre de 2012;""
República Dominicana;Todas las edades;Total;1 de julio de 2012;150.886
República Dominicana;Todas las edades;Total;1 de abril de 2012;""
República Dominicana;Todas las edades;Total;1 de enero de 2012;147.993
República Dominicana;Todas las edades;Total;1 de octubre de 2011;""
República Dominicana;Todas las edades;Total;1 de julio de 2011;143.643
República Dominicana;Todas las edades;Total;1 de abril de 2011;""
República Dominicana;Todas las edades;Total;1 de enero de 2011;141.205
República Dominicana;Todas las edades;Total;1 de octubre de 2010;""
República Dominicana;Todas las edades;Total;1 de julio de 2010;139.338
República Dominicana;Todas las edades;Total;1 de abril de 2010;""
República Dominicana;Todas las edades;Total;1 de enero de 2010;136.974
República Dominicana;Todas las edades;Total;1 de octubre de 2009;""
República Dominicana;Todas las edades;Total;1 de julio de 2009;133.878
República Dominicana;Todas las edades;Total;1 de abril de 2009;""
República Dominicana;Todas las edades;Total;1 de enero de 2009;129.751
República Dominicana;Todas las edades;Total;1 de octubre de 2008;""
República Dominicana;Todas las edades;Total;1 de julio de 2008;123.378
República Dominicana;Todas las edades;Total;1 de abril de 2008;""
República Dominicana;Todas las edades;Total;1 de enero de 2008;114.642
República Dominicana;Todas las edades;Total;1 de octubre de 2007;""
República Dominicana;Todas las edades;Total;1 de julio de 2007;106.270
República Dominicana;Todas las edades;Total;1 de abril de 2007;""
República Dominicana;Todas las edades;Total;1 de enero de 2007;98.251
República Dominicana;Todas las edades;Total;1 de octubre de 2006;""
República Dominicana;Todas las edades;Total;1 de julio de 2006;91.149
República Dominicana;Todas las edades;Total;1 de abril de 2006;""
República Dominicana;Todas las edades;Total;1 de enero de 2006;85.950
República Dominicana;Todas las edades;Total;1 de octubre de 2005;""
República Dominicana;Todas las edades;Total;1 de julio de 2005;80.524
República Dominicana;Todas las edades;Total;1 de abril de 2005;""
República Dominicana;Todas las edades;Total;1 de enero de 2005;74.933
República Dominicana;Todas las edades;Total;1 de octubre de 2004;""
República Dominicana;Todas las edades;Total;1 de julio de 2004;69.049
República Dominicana;Todas las edades;Total;1 de abril de 2004;""
República Dominicana;Todas las edades;Total;1 de enero de 2004;64.664
República Dominicana;Todas las edades;Total;1 de octubre de 2003;""
República Dominicana;Todas las edades;Total;1 de julio de 2003;59.572
República Dominicana;Todas las edades;Total;1 de abril de 2003;""
República Dominicana;Todas las edades;Total;1 de enero de 2003;55.031
República Dominicana;Todas las edades;Total;1 de octubre de 2002;""
República Dominicana;Todas las edades;Total;1 de julio de 2002;50.440
República Dominicana;Todas las edades;Total;1 de abril de 2002;""
República Dominicana;Todas las edades;Total;1 de enero de 2002;45.887
Otros países de Centro América y Caribe;Todas las edades;Total;1 de enero de 2025;84.308
Otros países de Centro América y Caribe;Todas las edades;Total;1 de octubre de 2024;82.536
Otros países de Centro América y Caribe;Todas las edades;Total;1 de julio de 2024;80.411
Otros países de Centro América y Caribe;Todas las edades;Total;1 de abril de 2024;78.983
Otros países de Centro América y Caribe;Todas las edades;Total;1 de enero de 2024;77.816
Otros países de Centro América y Caribe;Todas las edades;Total;1 de octubre de 2023;75.784
Otros países de Centro América y Caribe;Todas las edades;Total;1 de julio de 2023;73.786
Otros países de Centro América y Caribe;Todas las edades;Total;1 de abril de 2023;72.353
Otros países de Centro América y Caribe;Todas las edades;Total;1 de enero de 2023;70.257
Otros países de Centro América y Caribe;Todas las edades;Total;1 de octubre de 2022;67.885
Otros países de Centro América y Caribe;Todas las edades;Total;1 de julio de 2022;65.714
Otros países de Centro América y Caribe;Todas las edades;Total;1 de abril de 2022;63.597
Otros países de Centro América y Caribe;Todas las edades;Total;1 de enero de 2022;61.366
Otros países de Centro América y Caribe;Todas las edades;Total;1 de octubre de 2021;59.172
Otros países de Centro América y Caribe;Todas las edades;Total;1 de julio de 2021;58.155
Otros países de Centro América y Caribe;Todas las edades;Total;1 de abril de 2021;58.059
Otros países de Centro América y Caribe;Todas las edades;Total;1 de enero de 2021;57.963
Otros países de Centro América y Caribe;Todas las edades;Total;1 de octubre de 2020;""
Otros países de Centro América y Caribe;Todas las edades;Total;1 de julio de 2020;55.519
Otros países de Centro América y Caribe;Todas las edades;Total;1 de abril de 2020;""
Otros países de Centro América y Caribe;Todas las edades;Total;1 de enero de 2020;52.589
Otros países de Centro América y Caribe;Todas las edades;Total;1 de octubre de 2019;""
Otros países de Centro América y Caribe;Todas las edades;Total;1 de julio de 2019;47.536
Otros países de Centro América y Caribe;Todas las edades;Total;1 de abril de 2019;""
Otros países de Centro América y Caribe;Todas las edades;Total;1 de enero de 2019;43.722
Otros países de Centro América y Caribe;Todas las edades;Total;1 de octubre de 2018;""
Otros países de Centro América y Caribe;Todas las edades;Total;1 de julio de 2018;40.041
Otros países de Centro América y Caribe;Todas las edades;Total;1 de abril de 2018;""
Otros países de Centro América y Caribe;Todas las edades;Total;1 de enero de 2018;37.601
Otros países de Centro América y Caribe;Todas las edades;Total;1 de octubre de 2017;""
Otros países de Centro América y Caribe;Todas las edades;Total;1 de julio de 2017;34.666
Otros países de Centro América y Caribe;Todas las edades;Total;1 de abril de 2017;""
Otros países de Centro América y Caribe;Todas las edades;Total;1 de enero de 2017;32.968
Otros países de Centro América y Caribe;Todas las edades;Total;1 de octubre de 2016;""
Otros países de Centro América y Caribe;Todas las edades;Total;1 de julio de 2016;31.279
Otros países de Centro América y Caribe;Todas las edades;Total;1 de abril de 2016;""
Otros países de Centro América y Caribe;Todas las edades;Total;1 de enero de 2016;30.291
Otros países de Centro América y Caribe;Todas las edades;Total;1 de octubre de 2015;""
Otros países de Centro América y Caribe;Todas las edades;Total;1 de julio de 2015;28.922
Otros países de Centro América y Caribe;Todas las edades;Total;1 de abril de 2015;""
Otros países de Centro América y Caribe;Todas las edades;Total;1 de enero de 2015;28.301
Otros países de Centro América y Caribe;Todas las edades;Total;1 de octubre de 2014;""
Otros países de Centro América y Caribe;Todas las edades;Total;1 de julio de 2014;27.419
Otros países de Centro América y Caribe;Todas las edades;Total;1 de abril de 2014;""
Otros países de Centro América y Caribe;Todas las edades;Total;1 de enero de 2014;27.112
Otros países de Centro América y Caribe;Todas las edades;Total;1 de octubre de 2013;""
Otros países de Centro América y Caribe;Todas las edades;Total;1 de julio de 2013;26.787
Otros países de Centro América y Caribe;Todas las edades;Total;1 de abril de 2013;""
Otros países de Centro América y Caribe;Todas las edades;Total;1 de enero de 2013;27.173
Otros países de Centro América y Caribe;Todas las edades;Total;1 de octubre de 2012;""
Otros países de Centro América y Caribe;Todas las edades;Total;1 de julio de 2012;26.705
Otros países de Centro América y Caribe;Todas las edades;Total;1 de abril de 2012;""
Otros países de Centro América y Caribe;Todas las edades;Total;1 de enero de 2012;26.531
Otros países de Centro América y Caribe;Todas las edades;Total;1 de octubre de 2011;""
Otros países de Centro América y Caribe;Todas las edades;Total;1 de julio de 2011;25.759
Otros países de Centro América y Caribe;Todas las edades;Total;1 de abril de 2011;""
Otros países de Centro América y Caribe;Todas las edades;Total;1 de enero de 2011;25.412
Otros países de Centro América y Caribe;Todas las edades;Total;1 de octubre de 2010;""
Otros países de Centro América y Caribe;Todas las edades;Total;1 de julio de 2010;24.914
Otros países de Centro América y Caribe;Todas las edades;Total;1 de abril de 2010;""
Otros países de Centro América y Caribe;Todas las edades;Total;1 de enero de 2010;24.702
Otros países de Centro América y Caribe;Todas las edades;Total;1 de octubre de 2009;""
Otros países de Centro América y Caribe;Todas las edades;Total;1 de julio de 2009;24.409
Otros países de Centro América y Caribe;Todas las edades;Total;1 de abril de 2009;""
Otros países de Centro América y Caribe;Todas las edades;Total;1 de enero de 2009;23.979
Otros países de Centro América y Caribe;Todas las edades;Total;1 de octubre de 2008;""
Otros países de Centro América y Caribe;Todas las edades;Total;1 de julio de 2008;23.232
Otros países de Centro América y Caribe;Todas las edades;Total;1 de abril de 2008;""
Otros países de Centro América y Caribe;Todas las edades;Total;1 de enero de 2008;22.187
Otros países de Centro América y Caribe;Todas las edades;Total;1 de octubre de 2007;""
Otros países de Centro América y Caribe;Todas las edades;Total;1 de julio de 2007;20.779
Otros países de Centro América y Caribe;Todas las edades;Total;1 de abril de 2007;""
Otros países de Centro América y Caribe;Todas las edades;Total;1 de enero de 2007;19.240
Otros países de Centro América y Caribe;Todas las edades;Total;1 de octubre de 2006;""
Otros países de Centro América y Caribe;Todas las edades;Total;1 de julio de 2006;17.987
Otros países de Centro América y Caribe;Todas las edades;Total;1 de abril de 2006;""
Otros países de Centro América y Caribe;Todas las edades;Total;1 de enero de 2006;17.128
Otros países de Centro América y Caribe;Todas las edades;Total;1 de octubre de 2005;""
Otros países de Centro América y Caribe;Todas las edades;Total;1 de julio de 2005;16.360
Otros países de Centro América y Caribe;Todas las edades;Total;1 de abril de 2005;""
Otros países de Centro América y Caribe;Todas las edades;Total;1 de enero de 2005;15.558
Otros países de Centro América y Caribe;Todas las edades;Total;1 de octubre de 2004;""
Otros países de Centro América y Caribe;Todas las edades;Total;1 de julio de 2004;14.691
Otros países de Centro América y Caribe;Todas las edades;Total;1 de abril de 2004;""
Otros países de Centro América y Caribe;Todas las edades;Total;1 de enero de 2004;14.080
Otros países de Centro América y Caribe;Todas las edades;Total;1 de octubre de 2003;""
Otros países de Centro América y Caribe;Todas las edades;Total;1 de julio de 2003;13.306
Otros países de Centro América y Caribe;Todas las edades;Total;1 de abril de 2003;""
Otros países de Centro América y Caribe;Todas las edades;Total;1 de enero de 2003;12.478
Otros países de Centro América y Caribe;Todas las edades;Total;1 de octubre de 2002;""
Otros países de Centro América y Caribe;Todas las edades;Total;1 de julio de 2002;11.552
Otros países de Centro América y Caribe;Todas las edades;Total;1 de abril de 2002;""
Otros países de Centro América y Caribe;Todas las edades;Total;1 de enero de 2002;10.601
Sudamérica;Todas las edades;Total;1 de enero de 2025;3.739.859
Sudamérica;Todas las edades;Total;1 de octubre de 2024;3.640.714
Sudamérica;Todas las edades;Total;1 de julio de 2024;3.547.269
Sudamérica;Todas las edades;Total;1 de abril de 2024;3.459.884
Sudamérica;Todas las edades;Total;1 de enero de 2024;3.380.878
Sudamérica;Todas las edades;Total;1 de octubre de 2023;3.274.559
Sudamérica;Todas las edades;Total;1 de julio de 2023;3.184.338
Sudamérica;Todas las edades;Total;1 de abril de 2023;3.096.853
Sudamérica;Todas las edades;Total;1 de enero de 2023;2.996.913
Sudamérica;Todas las edades;Total;1 de octubre de 2022;2.889.686
Sudamérica;Todas las edades;Total;1 de julio de 2022;2.800.801
Sudamérica;Todas las edades;Total;1 de abril de 2022;2.698.498
Sudamérica;Todas las edades;Total;1 de enero de 2022;2.604.720
Sudamérica;Todas las edades;Total;1 de octubre de 2021;2.535.121
Sudamérica;Todas las edades;Total;1 de julio de 2021;2.500.926
Sudamérica;Todas las edades;Total;1 de abril de 2021;2.496.641
Sudamérica;Todas las edades;Total;1 de enero de 2021;2.494.771
Sudamérica;Todas las edades;Total;1 de octubre de 2020;""
Sudamérica;Todas las edades;Total;1 de julio de 2020;2.454.322
Sudamérica;Todas las edades;Total;1 de abril de 2020;""
Sudamérica;Todas las edades;Total;1 de enero de 2020;2.375.195
Sudamérica;Todas las edades;Total;1 de octubre de 2019;""
Sudamérica;Todas las edades;Total;1 de julio de 2019;2.250.910
Sudamérica;Todas las edades;Total;1 de abril de 2019;""
Sudamérica;Todas las edades;Total;1 de enero de 2019;2.147.783
Sudamérica;Todas las edades;Total;1 de octubre de 2018;""
Sudamérica;Todas las edades;Total;1 de julio de 2018;2.050.674
Sudamérica;Todas las edades;Total;1 de abril de 2018;""
Sudamérica;Todas las edades;Total;1 de enero de 2018;1.979.575
Sudamérica;Todas las edades;Total;1 de octubre de 2017;""
Sudamérica;Todas las edades;Total;1 de julio de 2017;1.911.214
Sudamérica;Todas las edades;Total;1 de abril de 2017;""
Sudamérica;Todas las edades;Total;1 de enero de 2017;1.873.477
Sudamérica;Todas las edades;Total;1 de octubre de 2016;""
Sudamérica;Todas las edades;Total;1 de julio de 2016;1.835.948
Sudamérica;Todas las edades;Total;1 de abril de 2016;""
Sudamérica;Todas las edades;Total;1 de enero de 2016;1.814.663
Sudamérica;Todas las edades;Total;1 de octubre de 2015;""
Sudamérica;Todas las edades;Total;1 de julio de 2015;1.803.604
Sudamérica;Todas las edades;Total;1 de abril de 2015;""
Sudamérica;Todas las edades;Total;1 de enero de 2015;1.804.290
Sudamérica;Todas las edades;Total;1 de octubre de 2014;""
Sudamérica;Todas las edades;Total;1 de julio de 2014;1.814.174
Sudamérica;Todas las edades;Total;1 de abril de 2014;""
Sudamérica;Todas las edades;Total;1 de enero de 2014;1.834.604
Sudamérica;Todas las edades;Total;1 de octubre de 2013;""
Sudamérica;Todas las edades;Total;1 de julio de 2013;1.877.939
Sudamérica;Todas las edades;Total;1 de abril de 2013;""
Sudamérica;Todas las edades;Total;1 de enero de 2013;1.928.352
Sudamérica;Todas las edades;Total;1 de octubre de 2012;""
Sudamérica;Todas las edades;Total;1 de julio de 2012;1.965.246
Sudamérica;Todas las edades;Total;1 de abril de 2012;""
Sudamérica;Todas las edades;Total;1 de enero de 2012;1.999.627
Sudamérica;Todas las edades;Total;1 de octubre de 2011;""
Sudamérica;Todas las edades;Total;1 de julio de 2011;2.021.951
Sudamérica;Todas las edades;Total;1 de abril de 2011;""
Sudamérica;Todas las edades;Total;1 de enero de 2011;2.042.094
Sudamérica;Todas las edades;Total;1 de octubre de 2010;""
Sudamérica;Todas las edades;Total;1 de julio de 2010;2.062.721
Sudamérica;Todas las edades;Total;1 de abril de 2010;""
Sudamérica;Todas las edades;Total;1 de enero de 2010;2.079.521
Sudamérica;Todas las edades;Total;1 de octubre de 2009;""
Sudamérica;Todas las edades;Total;1 de julio de 2009;2.092.704
Sudamérica;Todas las edades;Total;1 de abril de 2009;""
Sudamérica;Todas las edades;Total;1 de enero de 2009;2.088.317
Sudamérica;Todas las edades;Total;1 de octubre de 2008;""
Sudamérica;Todas las edades;Total;1 de julio de 2008;2.049.348
Sudamérica;Todas las edades;Total;1 de abril de 2008;""
Sudamérica;Todas las edades;Total;1 de enero de 2008;1.981.303
Sudamérica;Todas las edades;Total;1 de octubre de 2007;""
Sudamérica;Todas las edades;Total;1 de julio de 2007;1.901.062
Sudamérica;Todas las edades;Total;1 de abril de 2007;""
Sudamérica;Todas las edades;Total;1 de enero de 2007;1.791.520
Sudamérica;Todas las edades;Total;1 de octubre de 2006;""
Sudamérica;Todas las edades;Total;1 de julio de 2006;1.693.157
Sudamérica;Todas las edades;Total;1 de abril de 2006;""
Sudamérica;Todas las edades;Total;1 de enero de 2006;1.609.835
Sudamérica;Todas las edades;Total;1 de octubre de 2005;""
Sudamérica;Todas las edades;Total;1 de julio de 2005;1.547.893
Sudamérica;Todas las edades;Total;1 de abril de 2005;""
Sudamérica;Todas las edades;Total;1 de enero de 2005;1.467.373
Sudamérica;Todas las edades;Total;1 de octubre de 2004;""
Sudamérica;Todas las edades;Total;1 de julio de 2004;1.377.452
Sudamérica;Todas las edades;Total;1 de abril de 2004;""
Sudamérica;Todas las edades;Total;1 de enero de 2004;1.311.400
Sudamérica;Todas las edades;Total;1 de octubre de 2003;""
Sudamérica;Todas las edades;Total;1 de julio de 2003;1.218.314
Sudamérica;Todas las edades;Total;1 de abril de 2003;""
Sudamérica;Todas las edades;Total;1 de enero de 2003;1.081.197
Sudamérica;Todas las edades;Total;1 de octubre de 2002;""
Sudamérica;Todas las edades;Total;1 de julio de 2002;946.941
Sudamérica;Todas las edades;Total;1 de abril de 2002;""
Sudamérica;Todas las edades;Total;1 de enero de 2002;780.432
Argentina;Todas las edades;Total;1 de enero de 2025;450.883
Argentina;Todas las edades;Total;1 de octubre de 2024;444.026
Argentina;Todas las edades;Total;1 de julio de 2024;434.983
Argentina;Todas las edades;Total;1 de abril de 2024;423.956
Argentina;Todas las edades;Total;1 de enero de 2024;415.987
Argentina;Todas las edades;Total;1 de octubre de 2023;406.867
Argentina;Todas las edades;Total;1 de julio de 2023;396.585
Argentina;Todas las edades;Total;1 de abril de 2023;383.874
Argentina;Todas las edades;Total;1 de enero de 2023;373.064
Argentina;Todas las edades;Total;1 de octubre de 2022;362.863
Argentina;Todas las edades;Total;1 de julio de 2022;351.444
Argentina;Todas las edades;Total;1 de abril de 2022;337.637
Argentina;Todas las edades;Total;1 de enero de 2022;327.475
Argentina;Todas las edades;Total;1 de octubre de 2021;319.799
Argentina;Todas las edades;Total;1 de julio de 2021;311.193
Argentina;Todas las edades;Total;1 de abril de 2021;305.776
Argentina;Todas las edades;Total;1 de enero de 2021;302.594
Argentina;Todas las edades;Total;1 de octubre de 2020;""
Argentina;Todas las edades;Total;1 de julio de 2020;296.790
Argentina;Todas las edades;Total;1 de abril de 2020;""
Argentina;Todas las edades;Total;1 de enero de 2020;289.783
Argentina;Todas las edades;Total;1 de octubre de 2019;""
Argentina;Todas las edades;Total;1 de julio de 2019;277.825
Argentina;Todas las edades;Total;1 de abril de 2019;""
Argentina;Todas las edades;Total;1 de enero de 2019;267.683
Argentina;Todas las edades;Total;1 de octubre de 2018;""
Argentina;Todas las edades;Total;1 de julio de 2018;260.788
Argentina;Todas las edades;Total;1 de abril de 2018;""
Argentina;Todas las edades;Total;1 de enero de 2018;256.917
Argentina;Todas las edades;Total;1 de octubre de 2017;""
Argentina;Todas las edades;Total;1 de julio de 2017;252.679
Argentina;Todas las edades;Total;1 de abril de 2017;""
Argentina;Todas las edades;Total;1 de enero de 2017;251.655
Argentina;Todas las edades;Total;1 de octubre de 2016;""
Argentina;Todas las edades;Total;1 de julio de 2016;250.360
Argentina;Todas las edades;Total;1 de abril de 2016;""
Argentina;Todas las edades;Total;1 de enero de 2016;249.119
Argentina;Todas las edades;Total;1 de octubre de 2015;""
Argentina;Todas las edades;Total;1 de julio de 2015;249.038
Argentina;Todas las edades;Total;1 de abril de 2015;""
Argentina;Todas las edades;Total;1 de enero de 2015;249.441
Argentina;Todas las edades;Total;1 de octubre de 2014;""
Argentina;Todas las edades;Total;1 de julio de 2014;251.384
Argentina;Todas las edades;Total;1 de abril de 2014;""
Argentina;Todas las edades;Total;1 de enero de 2014;253.673
Argentina;Todas las edades;Total;1 de octubre de 2013;""
Argentina;Todas las edades;Total;1 de julio de 2013;258.285
Argentina;Todas las edades;Total;1 de abril de 2013;""
Argentina;Todas las edades;Total;1 de enero de 2013;263.035
Argentina;Todas las edades;Total;1 de octubre de 2012;""
Argentina;Todas las edades;Total;1 de julio de 2012;267.057
Argentina;Todas las edades;Total;1 de abril de 2012;""
Argentina;Todas las edades;Total;1 de enero de 2012;270.948
Argentina;Todas las edades;Total;1 de octubre de 2011;""
Argentina;Todas las edades;Total;1 de julio de 2011;273.917
Argentina;Todas las edades;Total;1 de abril de 2011;""
Argentina;Todas las edades;Total;1 de enero de 2011;276.437
Argentina;Todas las edades;Total;1 de octubre de 2010;""
Argentina;Todas las edades;Total;1 de julio de 2010;279.823
Argentina;Todas las edades;Total;1 de abril de 2010;""
Argentina;Todas las edades;Total;1 de enero de 2010;282.553
Argentina;Todas las edades;Total;1 de octubre de 2009;""
Argentina;Todas las edades;Total;1 de julio de 2009;285.985
Argentina;Todas las edades;Total;1 de abril de 2009;""
Argentina;Todas las edades;Total;1 de enero de 2009;288.031
Argentina;Todas las edades;Total;1 de octubre de 2008;""
Argentina;Todas las edades;Total;1 de julio de 2008;287.224
Argentina;Todas las edades;Total;1 de abril de 2008;""
Argentina;Todas las edades;Total;1 de enero de 2008;282.237
Argentina;Todas las edades;Total;1 de octubre de 2007;""
Argentina;Todas las edades;Total;1 de julio de 2007;277.272
Argentina;Todas las edades;Total;1 de abril de 2007;""
Argentina;Todas las edades;Total;1 de enero de 2007;269.211
Argentina;Todas las edades;Total;1 de octubre de 2006;""
Argentina;Todas las edades;Total;1 de julio de 2006;262.632
Argentina;Todas las edades;Total;1 de abril de 2006;""
Argentina;Todas las edades;Total;1 de enero de 2006;254.273
Argentina;Todas las edades;Total;1 de octubre de 2005;""
Argentina;Todas las edades;Total;1 de julio de 2005;247.801
Argentina;Todas las edades;Total;1 de abril de 2005;""
Argentina;Todas las edades;Total;1 de enero de 2005;235.957
Argentina;Todas las edades;Total;1 de octubre de 2004;""
Argentina;Todas las edades;Total;1 de julio de 2004;224.241
Argentina;Todas las edades;Total;1 de abril de 2004;""
Argentina;Todas las edades;Total;1 de enero de 2004;212.410
Argentina;Todas las edades;Total;1 de octubre de 2003;""
Argentina;Todas las edades;Total;1 de julio de 2003;198.696
Argentina;Todas las edades;Total;1 de abril de 2003;""
Argentina;Todas las edades;Total;1 de enero de 2003;177.863
Argentina;Todas las edades;Total;1 de octubre de 2002;""
Argentina;Todas las edades;Total;1 de julio de 2002;147.040
Argentina;Todas las edades;Total;1 de abril de 2002;""
Argentina;Todas las edades;Total;1 de enero de 2002;111.705
Bolivia;Todas las edades;Total;1 de enero de 2025;193.275
Bolivia;Todas las edades;Total;1 de octubre de 2024;192.370
Bolivia;Todas las edades;Total;1 de julio de 2024;191.312
Bolivia;Todas las edades;Total;1 de abril de 2024;190.223
Bolivia;Todas las edades;Total;1 de enero de 2024;189.285
Bolivia;Todas las edades;Total;1 de octubre de 2023;188.204
Bolivia;Todas las edades;Total;1 de julio de 2023;186.823
Bolivia;Todas las edades;Total;1 de abril de 2023;185.510
Bolivia;Todas las edades;Total;1 de enero de 2023;183.734
Bolivia;Todas las edades;Total;1 de octubre de 2022;182.370
Bolivia;Todas las edades;Total;1 de julio de 2022;180.910
Bolivia;Todas las edades;Total;1 de abril de 2022;179.662
Bolivia;Todas las edades;Total;1 de enero de 2022;178.714
Bolivia;Todas las edades;Total;1 de octubre de 2021;178.156
Bolivia;Todas las edades;Total;1 de julio de 2021;177.628
Bolivia;Todas las edades;Total;1 de abril de 2021;177.313
Bolivia;Todas las edades;Total;1 de enero de 2021;176.757
Bolivia;Todas las edades;Total;1 de octubre de 2020;""
Bolivia;Todas las edades;Total;1 de julio de 2020;175.273
Bolivia;Todas las edades;Total;1 de abril de 2020;""
Bolivia;Todas las edades;Total;1 de enero de 2020;173.464
Bolivia;Todas las edades;Total;1 de octubre de 2019;""
Bolivia;Todas las edades;Total;1 de julio de 2019;170.832
Bolivia;Todas las edades;Total;1 de abril de 2019;""
Bolivia;Todas las edades;Total;1 de enero de 2019;167.672
Bolivia;Todas las edades;Total;1 de octubre de 2018;""
Bolivia;Todas las edades;Total;1 de julio de 2018;165.255
Bolivia;Todas las edades;Total;1 de abril de 2018;""
Bolivia;Todas las edades;Total;1 de enero de 2018;162.731
Bolivia;Todas las edades;Total;1 de octubre de 2017;""
Bolivia;Todas las edades;Total;1 de julio de 2017;160.674
Bolivia;Todas las edades;Total;1 de abril de 2017;""
Bolivia;Todas las edades;Total;1 de enero de 2017;158.864
Bolivia;Todas las edades;Total;1 de octubre de 2016;""
Bolivia;Todas las edades;Total;1 de julio de 2016;157.502
Bolivia;Todas las edades;Total;1 de abril de 2016;""
Bolivia;Todas las edades;Total;1 de enero de 2016;156.532
Bolivia;Todas las edades;Total;1 de octubre de 2015;""
Bolivia;Todas las edades;Total;1 de julio de 2015;156.275
Bolivia;Todas las edades;Total;1 de abril de 2015;""
Bolivia;Todas las edades;Total;1 de enero de 2015;156.711
Bolivia;Todas las edades;Total;1 de octubre de 2014;""
Bolivia;Todas las edades;Total;1 de julio de 2014;158.689
Bolivia;Todas las edades;Total;1 de abril de 2014;""
Bolivia;Todas las edades;Total;1 de enero de 2014;161.627
Bolivia;Todas las edades;Total;1 de octubre de 2013;""
Bolivia;Todas las edades;Total;1 de julio de 2013;168.542
Bolivia;Todas las edades;Total;1 de abril de 2013;""
Bolivia;Todas las edades;Total;1 de enero de 2013;176.413
Bolivia;Todas las edades;Total;1 de octubre de 2012;""
Bolivia;Todas las edades;Total;1 de julio de 2012;183.106
Bolivia;Todas las edades;Total;1 de abril de 2012;""
Bolivia;Todas las edades;Total;1 de enero de 2012;188.698
Bolivia;Todas las edades;Total;1 de octubre de 2011;""
Bolivia;Todas las edades;Total;1 de julio de 2011;195.096
Bolivia;Todas las edades;Total;1 de abril de 2011;""
Bolivia;Todas las edades;Total;1 de enero de 2011;201.580
Bolivia;Todas las edades;Total;1 de octubre de 2010;""
Bolivia;Todas las edades;Total;1 de julio de 2010;208.861
Bolivia;Todas las edades;Total;1 de abril de 2010;""
Bolivia;Todas las edades;Total;1 de enero de 2010;216.019
Bolivia;Todas las edades;Total;1 de octubre de 2009;""
Bolivia;Todas las edades;Total;1 de julio de 2009;223.527
Bolivia;Todas las edades;Total;1 de abril de 2009;""
Bolivia;Todas las edades;Total;1 de enero de 2009;230.112
Bolivia;Todas las edades;Total;1 de octubre de 2008;""
Bolivia;Todas las edades;Total;1 de julio de 2008;235.551
Bolivia;Todas las edades;Total;1 de abril de 2008;""
Bolivia;Todas las edades;Total;1 de enero de 2008;237.195
Bolivia;Todas las edades;Total;1 de octubre de 2007;""
Bolivia;Todas las edades;Total;1 de julio de 2007;232.572
Bolivia;Todas las edades;Total;1 de abril de 2007;""
Bolivia;Todas las edades;Total;1 de enero de 2007;199.932
Bolivia;Todas las edades;Total;1 de octubre de 2006;""
Bolivia;Todas las edades;Total;1 de julio de 2006;165.642
Bolivia;Todas las edades;Total;1 de abril de 2006;""
Bolivia;Todas las edades;Total;1 de enero de 2006;136.445
Bolivia;Todas las edades;Total;1 de octubre de 2005;""
Bolivia;Todas las edades;Total;1 de julio de 2005;117.018
Bolivia;Todas las edades;Total;1 de abril de 2005;""
Bolivia;Todas las edades;Total;1 de enero de 2005;96.461
Bolivia;Todas las edades;Total;1 de octubre de 2004;""
Bolivia;Todas las edades;Total;1 de julio de 2004;69.304
Bolivia;Todas las edades;Total;1 de abril de 2004;""
Bolivia;Todas las edades;Total;1 de enero de 2004;55.123
Bolivia;Todas las edades;Total;1 de octubre de 2003;""
Bolivia;Todas las edades;Total;1 de julio de 2003;41.611
Bolivia;Todas las edades;Total;1 de abril de 2003;""
Bolivia;Todas las edades;Total;1 de enero de 2003;30.698
Bolivia;Todas las edades;Total;1 de octubre de 2002;""
Bolivia;Todas las edades;Total;1 de julio de 2002;22.103
Bolivia;Todas las edades;Total;1 de abril de 2002;""
Bolivia;Todas las edades;Total;1 de enero de 2002;15.121
Brasil;Todas las edades;Total;1 de enero de 2025;189.712
Brasil;Todas las edades;Total;1 de octubre de 2024;187.323
Brasil;Todas las edades;Total;1 de julio de 2024;183.602
Brasil;Todas las edades;Total;1 de abril de 2024;180.967
Brasil;Todas las edades;Total;1 de enero de 2024;179.033
Brasil;Todas las edades;Total;1 de octubre de 2023;176.693
Brasil;Todas las edades;Total;1 de julio de 2023;172.399
Brasil;Todas las edades;Total;1 de abril de 2023;169.957
Brasil;Todas las edades;Total;1 de enero de 2023;167.265
Brasil;Todas las edades;Total;1 de octubre de 2022;164.578
Brasil;Todas las edades;Total;1 de julio de 2022;160.755
Brasil;Todas las edades;Total;1 de abril de 2022;156.779
Brasil;Todas las edades;Total;1 de enero de 2022;153.519
Brasil;Todas las edades;Total;1 de octubre de 2021;152.331
Brasil;Todas las edades;Total;1 de julio de 2021;151.387
Brasil;Todas las edades;Total;1 de abril de 2021;152.801
Brasil;Todas las edades;Total;1 de enero de 2021;153.907
Brasil;Todas las edades;Total;1 de octubre de 2020;""
Brasil;Todas las edades;Total;1 de julio de 2020;151.355
Brasil;Todas las edades;Total;1 de abril de 2020;""
Brasil;Todas las edades;Total;1 de enero de 2020;147.621
Brasil;Todas las edades;Total;1 de octubre de 2019;""
Brasil;Todas las edades;Total;1 de julio de 2019;140.463
Brasil;Todas las edades;Total;1 de abril de 2019;""
Brasil;Todas las edades;Total;1 de enero de 2019;133.699
Brasil;Todas las edades;Total;1 de octubre de 2018;""
Brasil;Todas las edades;Total;1 de julio de 2018;126.344
Brasil;Todas las edades;Total;1 de abril de 2018;""
Brasil;Todas las edades;Total;1 de enero de 2018;120.864
Brasil;Todas las edades;Total;1 de octubre de 2017;""
Brasil;Todas las edades;Total;1 de julio de 2017;115.510
Brasil;Todas las edades;Total;1 de abril de 2017;""
Brasil;Todas las edades;Total;1 de enero de 2017;111.943
Brasil;Todas las edades;Total;1 de octubre de 2016;""
Brasil;Todas las edades;Total;1 de julio de 2016;108.189
Brasil;Todas las edades;Total;1 de abril de 2016;""
Brasil;Todas las edades;Total;1 de enero de 2016;105.156
Brasil;Todas las edades;Total;1 de octubre de 2015;""
Brasil;Todas las edades;Total;1 de julio de 2015;102.920
Brasil;Todas las edades;Total;1 de abril de 2015;""
Brasil;Todas las edades;Total;1 de enero de 2015;101.982
Brasil;Todas las edades;Total;1 de octubre de 2014;""
Brasil;Todas las edades;Total;1 de julio de 2014;102.242
Brasil;Todas las edades;Total;1 de abril de 2014;""
Brasil;Todas las edades;Total;1 de enero de 2014;103.412
Brasil;Todas las edades;Total;1 de octubre de 2013;""
Brasil;Todas las edades;Total;1 de julio de 2013;107.395
Brasil;Todas las edades;Total;1 de abril de 2013;""
Brasil;Todas las edades;Total;1 de enero de 2013;112.501
Brasil;Todas las edades;Total;1 de octubre de 2012;""
Brasil;Todas las edades;Total;1 de julio de 2012;115.341
Brasil;Todas las edades;Total;1 de abril de 2012;""
Brasil;Todas las edades;Total;1 de enero de 2012;119.249
Brasil;Todas las edades;Total;1 de octubre de 2011;""
Brasil;Todas las edades;Total;1 de julio de 2011;122.396
Brasil;Todas las edades;Total;1 de abril de 2011;""
Brasil;Todas las edades;Total;1 de enero de 2011;125.748
Brasil;Todas las edades;Total;1 de octubre de 2010;""
Brasil;Todas las edades;Total;1 de julio de 2010;129.342
Brasil;Todas las edades;Total;1 de abril de 2010;""
Brasil;Todas las edades;Total;1 de enero de 2010;132.651
Brasil;Todas las edades;Total;1 de octubre de 2009;""
Brasil;Todas las edades;Total;1 de julio de 2009;136.496
Brasil;Todas las edades;Total;1 de abril de 2009;""
Brasil;Todas las edades;Total;1 de enero de 2009;138.604
Brasil;Todas las edades;Total;1 de octubre de 2008;""
Brasil;Todas las edades;Total;1 de julio de 2008;137.225
Brasil;Todas las edades;Total;1 de abril de 2008;""
Brasil;Todas las edades;Total;1 de enero de 2008;129.491
Brasil;Todas las edades;Total;1 de octubre de 2007;""
Brasil;Todas las edades;Total;1 de julio de 2007;118.813
Brasil;Todas las edades;Total;1 de abril de 2007;""
Brasil;Todas las edades;Total;1 de enero de 2007;106.040
Brasil;Todas las edades;Total;1 de octubre de 2006;""
Brasil;Todas las edades;Total;1 de julio de 2006;94.500
Brasil;Todas las edades;Total;1 de abril de 2006;""
Brasil;Todas las edades;Total;1 de enero de 2006;83.572
Brasil;Todas las edades;Total;1 de octubre de 2005;""
Brasil;Todas las edades;Total;1 de julio de 2005;74.654
Brasil;Todas las edades;Total;1 de abril de 2005;""
Brasil;Todas las edades;Total;1 de enero de 2005;64.997
Brasil;Todas las edades;Total;1 de octubre de 2004;""
Brasil;Todas las edades;Total;1 de julio de 2004;56.363
Brasil;Todas las edades;Total;1 de abril de 2004;""
Brasil;Todas las edades;Total;1 de enero de 2004;51.238
Brasil;Todas las edades;Total;1 de octubre de 2003;""
Brasil;Todas las edades;Total;1 de julio de 2003;46.377
Brasil;Todas las edades;Total;1 de abril de 2003;""
Brasil;Todas las edades;Total;1 de enero de 2003;42.221
Brasil;Todas las edades;Total;1 de octubre de 2002;""
Brasil;Todas las edades;Total;1 de julio de 2002;38.476
Brasil;Todas las edades;Total;1 de abril de 2002;""
Brasil;Todas las edades;Total;1 de enero de 2002;34.980
Colombia;Todas las edades;Total;1 de enero de 2025;978.041
Colombia;Todas las edades;Total;1 de octubre de 2024;944.806
Colombia;Todas las edades;Total;1 de julio de 2024;914.631
Colombia;Todas las edades;Total;1 de abril de 2024;885.005
Colombia;Todas las edades;Total;1 de enero de 2024;856.616
Colombia;Todas las edades;Total;1 de octubre de 2023;818.778
Colombia;Todas las edades;Total;1 de julio de 2023;785.950
Colombia;Todas las edades;Total;1 de abril de 2023;753.757
Colombia;Todas las edades;Total;1 de enero de 2023;715.655
Colombia;Todas las edades;Total;1 de octubre de 2022;672.914
Colombia;Todas las edades;Total;1 de julio de 2022;639.147
Colombia;Todas las edades;Total;1 de abril de 2022;598.509
Colombia;Todas las edades;Total;1 de enero de 2022;564.227
Colombia;Todas las edades;Total;1 de octubre de 2021;537.574
Colombia;Todas las edades;Total;1 de julio de 2021;529.434
Colombia;Todas las edades;Total;1 de abril de 2021;530.854
Colombia;Todas las edades;Total;1 de enero de 2021;532.266
Colombia;Todas las edades;Total;1 de octubre de 2020;""
Colombia;Todas las edades;Total;1 de julio de 2020;520.546
Colombia;Todas las edades;Total;1 de abril de 2020;""
Colombia;Todas las edades;Total;1 de enero de 2020;490.877
Colombia;Todas las edades;Total;1 de octubre de 2019;""
Colombia;Todas las edades;Total;1 de julio de 2019;453.872
Colombia;Todas las edades;Total;1 de abril de 2019;""
Colombia;Todas las edades;Total;1 de enero de 2019;424.104
Colombia;Todas las edades;Total;1 de octubre de 2018;""
Colombia;Todas las edades;Total;1 de julio de 2018;398.835
Colombia;Todas las edades;Total;1 de abril de 2018;""
Colombia;Todas las edades;Total;1 de enero de 2018;380.503
Colombia;Todas las edades;Total;1 de octubre de 2017;""
Colombia;Todas las edades;Total;1 de julio de 2017;366.219
Colombia;Todas las edades;Total;1 de abril de 2017;""
Colombia;Todas las edades;Total;1 de enero de 2017;356.812
Colombia;Todas las edades;Total;1 de octubre de 2016;""
Colombia;Todas las edades;Total;1 de julio de 2016;349.107
Colombia;Todas las edades;Total;1 de abril de 2016;""
Colombia;Todas las edades;Total;1 de enero de 2016;343.752
Colombia;Todas las edades;Total;1 de octubre de 2015;""
Colombia;Todas las edades;Total;1 de julio de 2015;343.526
Colombia;Todas las edades;Total;1 de abril de 2015;""
Colombia;Todas las edades;Total;1 de enero de 2015;344.843
Colombia;Todas las edades;Total;1 de octubre de 2014;""
Colombia;Todas las edades;Total;1 de julio de 2014;347.387
Colombia;Todas las edades;Total;1 de abril de 2014;""
Colombia;Todas las edades;Total;1 de enero de 2014;351.350
Colombia;Todas las edades;Total;1 de octubre de 2013;""
Colombia;Todas las edades;Total;1 de julio de 2013;357.482
Colombia;Todas las edades;Total;1 de abril de 2013;""
Colombia;Todas las edades;Total;1 de enero de 2013;364.633
Colombia;Todas las edades;Total;1 de octubre de 2012;""
Colombia;Todas las edades;Total;1 de julio de 2012;369.284
Colombia;Todas las edades;Total;1 de abril de 2012;""
Colombia;Todas las edades;Total;1 de enero de 2012;373.632
Colombia;Todas las edades;Total;1 de octubre de 2011;""
Colombia;Todas las edades;Total;1 de julio de 2011;375.160
Colombia;Todas las edades;Total;1 de abril de 2011;""
Colombia;Todas las edades;Total;1 de enero de 2011;375.852
Colombia;Todas las edades;Total;1 de octubre de 2010;""
Colombia;Todas las edades;Total;1 de julio de 2010;376.265
Colombia;Todas las edades;Total;1 de abril de 2010;""
Colombia;Todas las edades;Total;1 de enero de 2010;376.161
Colombia;Todas las edades;Total;1 de octubre de 2009;""
Colombia;Todas las edades;Total;1 de julio de 2009;373.545
Colombia;Todas las edades;Total;1 de abril de 2009;""
Colombia;Todas las edades;Total;1 de enero de 2009;368.451
Colombia;Todas las edades;Total;1 de octubre de 2008;""
Colombia;Todas las edades;Total;1 de julio de 2008;357.530
Colombia;Todas las edades;Total;1 de abril de 2008;""
Colombia;Todas las edades;Total;1 de enero de 2008;341.223
Colombia;Todas las edades;Total;1 de octubre de 2007;""
Colombia;Todas las edades;Total;1 de julio de 2007;324.841
Colombia;Todas las edades;Total;1 de abril de 2007;""
Colombia;Todas las edades;Total;1 de enero de 2007;309.759
Colombia;Todas las edades;Total;1 de octubre de 2006;""
Colombia;Todas las edades;Total;1 de julio de 2006;297.107
Colombia;Todas las edades;Total;1 de abril de 2006;""
Colombia;Todas las edades;Total;1 de enero de 2006;287.866
Colombia;Todas las edades;Total;1 de octubre de 2005;""
Colombia;Todas las edades;Total;1 de julio de 2005;282.062
Colombia;Todas las edades;Total;1 de abril de 2005;""
Colombia;Todas las edades;Total;1 de enero de 2005;273.496
Colombia;Todas las edades;Total;1 de octubre de 2004;""
Colombia;Todas las edades;Total;1 de julio de 2004;265.279
Colombia;Todas las edades;Total;1 de abril de 2004;""
Colombia;Todas las edades;Total;1 de enero de 2004;259.509
Colombia;Todas las edades;Total;1 de octubre de 2003;""
Colombia;Todas las edades;Total;1 de julio de 2003;254.708
Colombia;Todas las edades;Total;1 de abril de 2003;""
Colombia;Todas las edades;Total;1 de enero de 2003;248.985
Colombia;Todas las edades;Total;1 de octubre de 2002;""
Colombia;Todas las edades;Total;1 de julio de 2002;239.334
Colombia;Todas las edades;Total;1 de abril de 2002;""
Colombia;Todas las edades;Total;1 de enero de 2002;202.782
Chile;Todas las edades;Total;1 de enero de 2025;82.165
Chile;Todas las edades;Total;1 de octubre de 2024;80.382
Chile;Todas las edades;Total;1 de julio de 2024;78.354
Chile;Todas las edades;Total;1 de abril de 2024;77.264
Chile;Todas las edades;Total;1 de enero de 2024;76.638
Chile;Todas las edades;Total;1 de octubre de 2023;74.634
Chile;Todas las edades;Total;1 de julio de 2023;72.813
Chile;Todas las edades;Total;1 de abril de 2023;71.618
Chile;Todas las edades;Total;1 de enero de 2023;70.307
Chile;Todas las edades;Total;1 de octubre de 2022;68.199
Chile;Todas las edades;Total;1 de julio de 2022;66.492
Chile;Todas las edades;Total;1 de abril de 2022;65.209
Chile;Todas las edades;Total;1 de enero de 2022;64.004
Chile;Todas las edades;Total;1 de octubre de 2021;63.007
Chile;Todas las edades;Total;1 de julio de 2021;61.925
Chile;Todas las edades;Total;1 de abril de 2021;61.884
Chile;Todas las edades;Total;1 de enero de 2021;61.948
Chile;Todas las edades;Total;1 de octubre de 2020;""
Chile;Todas las edades;Total;1 de julio de 2020;60.904
Chile;Todas las edades;Total;1 de abril de 2020;""
Chile;Todas las edades;Total;1 de enero de 2020;60.391
Chile;Todas las edades;Total;1 de octubre de 2019;""
Chile;Todas las edades;Total;1 de julio de 2019;58.444
Chile;Todas las edades;Total;1 de abril de 2019;""
Chile;Todas las edades;Total;1 de enero de 2019;57.673
Chile;Todas las edades;Total;1 de octubre de 2018;""
Chile;Todas las edades;Total;1 de julio de 2018;56.428
Chile;Todas las edades;Total;1 de abril de 2018;""
Chile;Todas las edades;Total;1 de enero de 2018;55.873
Chile;Todas las edades;Total;1 de octubre de 2017;""
Chile;Todas las edades;Total;1 de julio de 2017;54.678
Chile;Todas las edades;Total;1 de abril de 2017;""
Chile;Todas las edades;Total;1 de enero de 2017;54.482
Chile;Todas las edades;Total;1 de octubre de 2016;""
Chile;Todas las edades;Total;1 de julio de 2016;53.894
Chile;Todas las edades;Total;1 de abril de 2016;""
Chile;Todas las edades;Total;1 de enero de 2016;53.695
Chile;Todas las edades;Total;1 de octubre de 2015;""
Chile;Todas las edades;Total;1 de julio de 2015;53.269
Chile;Todas las edades;Total;1 de abril de 2015;""
Chile;Todas las edades;Total;1 de enero de 2015;53.549
Chile;Todas las edades;Total;1 de octubre de 2014;""
Chile;Todas las edades;Total;1 de julio de 2014;54.037
Chile;Todas las edades;Total;1 de abril de 2014;""
Chile;Todas las edades;Total;1 de enero de 2014;55.047
Chile;Todas las edades;Total;1 de octubre de 2013;""
Chile;Todas las edades;Total;1 de julio de 2013;56.836
Chile;Todas las edades;Total;1 de abril de 2013;""
Chile;Todas las edades;Total;1 de enero de 2013;59.269
Chile;Todas las edades;Total;1 de octubre de 2012;""
Chile;Todas las edades;Total;1 de julio de 2012;60.641
Chile;Todas las edades;Total;1 de abril de 2012;""
Chile;Todas las edades;Total;1 de enero de 2012;62.307
Chile;Todas las edades;Total;1 de octubre de 2011;""
Chile;Todas las edades;Total;1 de julio de 2011;62.744
Chile;Todas las edades;Total;1 de abril de 2011;""
Chile;Todas las edades;Total;1 de enero de 2011;63.357
Chile;Todas las edades;Total;1 de octubre de 2010;""
Chile;Todas las edades;Total;1 de julio de 2010;63.792
Chile;Todas las edades;Total;1 de abril de 2010;""
Chile;Todas las edades;Total;1 de enero de 2010;64.296
Chile;Todas las edades;Total;1 de octubre de 2009;""
Chile;Todas las edades;Total;1 de julio de 2009;64.566
Chile;Todas las edades;Total;1 de abril de 2009;""
Chile;Todas las edades;Total;1 de enero de 2009;64.669
Chile;Todas las edades;Total;1 de octubre de 2008;""
Chile;Todas las edades;Total;1 de julio de 2008;63.703
Chile;Todas las edades;Total;1 de abril de 2008;""
Chile;Todas las edades;Total;1 de enero de 2008;61.707
Chile;Todas las edades;Total;1 de octubre de 2007;""
Chile;Todas las edades;Total;1 de julio de 2007;58.807
Chile;Todas las edades;Total;1 de abril de 2007;""
Chile;Todas las edades;Total;1 de enero de 2007;55.240
Chile;Todas las edades;Total;1 de octubre de 2006;""
Chile;Todas las edades;Total;1 de julio de 2006;52.083
Chile;Todas las edades;Total;1 de abril de 2006;""
Chile;Todas las edades;Total;1 de enero de 2006;48.746
Chile;Todas las edades;Total;1 de octubre de 2005;""
Chile;Todas las edades;Total;1 de julio de 2005;45.619
Chile;Todas las edades;Total;1 de abril de 2005;""
Chile;Todas las edades;Total;1 de enero de 2005;42.044
Chile;Todas las edades;Total;1 de octubre de 2004;""
Chile;Todas las edades;Total;1 de julio de 2004;38.153
Chile;Todas las edades;Total;1 de abril de 2004;""
Chile;Todas las edades;Total;1 de enero de 2004;35.027
Chile;Todas las edades;Total;1 de octubre de 2003;""
Chile;Todas las edades;Total;1 de julio de 2003;31.339
Chile;Todas las edades;Total;1 de abril de 2003;""
Chile;Todas las edades;Total;1 de enero de 2003;27.702
Chile;Todas las edades;Total;1 de octubre de 2002;""
Chile;Todas las edades;Total;1 de julio de 2002;23.797
Chile;Todas las edades;Total;1 de abril de 2002;""
Chile;Todas las edades;Total;1 de enero de 2002;19.786
Ecuador;Todas las edades;Total;1 de enero de 2025;468.751
Ecuador;Todas las edades;Total;1 de octubre de 2024;463.126
Ecuador;Todas las edades;Total;1 de julio de 2024;457.675
Ecuador;Todas las edades;Total;1 de abril de 2024;453.038
Ecuador;Todas las edades;Total;1 de enero de 2024;448.643
Ecuador;Todas las edades;Total;1 de octubre de 2023;442.766
Ecuador;Todas las edades;Total;1 de julio de 2023;437.817
Ecuador;Todas las edades;Total;1 de abril de 2023;433.894
Ecuador;Todas las edades;Total;1 de enero de 2023;430.837
Ecuador;Todas las edades;Total;1 de octubre de 2022;427.444
Ecuador;Todas las edades;Total;1 de julio de 2022;424.825
Ecuador;Todas las edades;Total;1 de abril de 2022;421.621
Ecuador;Todas las edades;Total;1 de enero de 2022;419.024
Ecuador;Todas las edades;Total;1 de octubre de 2021;417.695
Ecuador;Todas las edades;Total;1 de julio de 2021;416.397
Ecuador;Todas las edades;Total;1 de abril de 2021;416.054
Ecuador;Todas las edades;Total;1 de enero de 2021;415.927
Ecuador;Todas las edades;Total;1 de octubre de 2020;""
Ecuador;Todas las edades;Total;1 de julio de 2020;414.528
Ecuador;Todas las edades;Total;1 de abril de 2020;""
Ecuador;Todas las edades;Total;1 de enero de 2020;414.354
Ecuador;Todas las edades;Total;1 de octubre de 2019;""
Ecuador;Todas las edades;Total;1 de julio de 2019;410.047
Ecuador;Todas las edades;Total;1 de abril de 2019;""
Ecuador;Todas las edades;Total;1 de enero de 2019;407.956
Ecuador;Todas las edades;Total;1 de octubre de 2018;""
Ecuador;Todas las edades;Total;1 de julio de 2018;405.266
Ecuador;Todas las edades;Total;1 de abril de 2018;""
Ecuador;Todas las edades;Total;1 de enero de 2018;405.125
Ecuador;Todas las edades;Total;1 de octubre de 2017;""
Ecuador;Todas las edades;Total;1 de julio de 2017;403.425
Ecuador;Todas las edades;Total;1 de abril de 2017;""
Ecuador;Todas las edades;Total;1 de enero de 2017;405.061
Ecuador;Todas las edades;Total;1 de octubre de 2016;""
Ecuador;Todas las edades;Total;1 de julio de 2016;404.934
Ecuador;Todas las edades;Total;1 de abril de 2016;""
Ecuador;Todas las edades;Total;1 de enero de 2016;406.904
Ecuador;Todas las edades;Total;1 de octubre de 2015;""
Ecuador;Todas las edades;Total;1 de julio de 2015;409.858
Ecuador;Todas las edades;Total;1 de abril de 2015;""
Ecuador;Todas las edades;Total;1 de enero de 2015;414.376
Ecuador;Todas las edades;Total;1 de octubre de 2014;""
Ecuador;Todas las edades;Total;1 de julio de 2014;420.404
Ecuador;Todas las edades;Total;1 de abril de 2014;""
Ecuador;Todas las edades;Total;1 de enero de 2014;427.876
Ecuador;Todas las edades;Total;1 de octubre de 2013;""
Ecuador;Todas las edades;Total;1 de julio de 2013;439.369
Ecuador;Todas las edades;Total;1 de abril de 2013;""
Ecuador;Todas las edades;Total;1 de enero de 2013;451.515
Ecuador;Todas las edades;Total;1 de octubre de 2012;""
Ecuador;Todas las edades;Total;1 de julio de 2012;461.616
Ecuador;Todas las edades;Total;1 de abril de 2012;""
Ecuador;Todas las edades;Total;1 de enero de 2012;471.264
Ecuador;Todas las edades;Total;1 de octubre de 2011;""
Ecuador;Todas las edades;Total;1 de julio de 2011;478.396
Ecuador;Todas las edades;Total;1 de abril de 2011;""
Ecuador;Todas las edades;Total;1 de enero de 2011;484.794
Ecuador;Todas las edades;Total;1 de octubre de 2010;""
Ecuador;Todas las edades;Total;1 de julio de 2010;491.095
Ecuador;Todas las edades;Total;1 de abril de 2010;""
Ecuador;Todas las edades;Total;1 de enero de 2010;496.665
Ecuador;Todas las edades;Total;1 de octubre de 2009;""
Ecuador;Todas las edades;Total;1 de julio de 2009;500.512
Ecuador;Todas las edades;Total;1 de abril de 2009;""
Ecuador;Todas las edades;Total;1 de enero de 2009;499.008
Ecuador;Todas las edades;Total;1 de octubre de 2008;""
Ecuador;Todas las edades;Total;1 de julio de 2008;489.222
Ecuador;Todas las edades;Total;1 de abril de 2008;""
Ecuador;Todas las edades;Total;1 de enero de 2008;477.113
Ecuador;Todas las edades;Total;1 de octubre de 2007;""
Ecuador;Todas las edades;Total;1 de julio de 2007;466.476
Ecuador;Todas las edades;Total;1 de abril de 2007;""
Ecuador;Todas las edades;Total;1 de enero de 2007;459.138
Ecuador;Todas las edades;Total;1 de octubre de 2006;""
Ecuador;Todas las edades;Total;1 de julio de 2006;456.767
Ecuador;Todas las edades;Total;1 de abril de 2006;""
Ecuador;Todas las edades;Total;1 de enero de 2006;457.514
Ecuador;Todas las edades;Total;1 de octubre de 2005;""
Ecuador;Todas las edades;Total;1 de julio de 2005;459.386
Ecuador;Todas las edades;Total;1 de abril de 2005;""
Ecuador;Todas las edades;Total;1 de enero de 2005;459.188
Ecuador;Todas las edades;Total;1 de octubre de 2004;""
Ecuador;Todas las edades;Total;1 de julio de 2004;456.534
Ecuador;Todas las edades;Total;1 de abril de 2004;""
Ecuador;Todas las edades;Total;1 de enero de 2004;453.484
Ecuador;Todas las edades;Total;1 de octubre de 2003;""
Ecuador;Todas las edades;Total;1 de julio de 2003;427.749
Ecuador;Todas las edades;Total;1 de abril de 2003;""
Ecuador;Todas las edades;Total;1 de enero de 2003;362.308
Ecuador;Todas las edades;Total;1 de octubre de 2002;""
Ecuador;Todas las edades;Total;1 de julio de 2002;305.851
Ecuador;Todas las edades;Total;1 de abril de 2002;""
Ecuador;Todas las edades;Total;1 de enero de 2002;242.522
Paraguay;Todas las edades;Total;1 de enero de 2025;162.633
Paraguay;Todas las edades;Total;1 de octubre de 2024;158.623
Paraguay;Todas las edades;Total;1 de julio de 2024;154.065
Paraguay;Todas las edades;Total;1 de abril de 2024;149.790
Paraguay;Todas las edades;Total;1 de enero de 2024;146.047
Paraguay;Todas las edades;Total;1 de octubre de 2023;141.697
Paraguay;Todas las edades;Total;1 de julio de 2023;137.145
Paraguay;Todas las edades;Total;1 de abril de 2023;133.199
Paraguay;Todas las edades;Total;1 de enero de 2023;127.767
Paraguay;Todas las edades;Total;1 de octubre de 2022;122.402
Paraguay;Todas las edades;Total;1 de julio de 2022;117.586
Paraguay;Todas las edades;Total;1 de abril de 2022;113.145
Paraguay;Todas las edades;Total;1 de enero de 2022;108.997
Paraguay;Todas las edades;Total;1 de octubre de 2021;106.729
Paraguay;Todas las edades;Total;1 de julio de 2021;106.145
Paraguay;Todas las edades;Total;1 de abril de 2021;106.441
Paraguay;Todas las edades;Total;1 de enero de 2021;106.620
Paraguay;Todas las edades;Total;1 de octubre de 2020;""
Paraguay;Todas las edades;Total;1 de julio de 2020;104.241
Paraguay;Todas las edades;Total;1 de abril de 2020;""
Paraguay;Todas las edades;Total;1 de enero de 2020;100.240
Paraguay;Todas las edades;Total;1 de octubre de 2019;""
Paraguay;Todas las edades;Total;1 de julio de 2019;94.558
Paraguay;Todas las edades;Total;1 de abril de 2019;""
Paraguay;Todas las edades;Total;1 de enero de 2019;89.269
Paraguay;Todas las edades;Total;1 de octubre de 2018;""
Paraguay;Todas las edades;Total;1 de julio de 2018;84.900
Paraguay;Todas las edades;Total;1 de abril de 2018;""
Paraguay;Todas las edades;Total;1 de enero de 2018;81.119
Paraguay;Todas las edades;Total;1 de octubre de 2017;""
Paraguay;Todas las edades;Total;1 de julio de 2017;77.531
Paraguay;Todas las edades;Total;1 de abril de 2017;""
Paraguay;Todas las edades;Total;1 de enero de 2017;73.910
Paraguay;Todas las edades;Total;1 de octubre de 2016;""
Paraguay;Todas las edades;Total;1 de julio de 2016;70.905
Paraguay;Todas las edades;Total;1 de abril de 2016;""
Paraguay;Todas las edades;Total;1 de enero de 2016;68.072
Paraguay;Todas las edades;Total;1 de octubre de 2015;""
Paraguay;Todas las edades;Total;1 de julio de 2015;66.745
Paraguay;Todas las edades;Total;1 de abril de 2015;""
Paraguay;Todas las edades;Total;1 de enero de 2015;65.429
Paraguay;Todas las edades;Total;1 de octubre de 2014;""
Paraguay;Todas las edades;Total;1 de julio de 2014;65.700
Paraguay;Todas las edades;Total;1 de abril de 2014;""
Paraguay;Todas las edades;Total;1 de enero de 2014;66.061
Paraguay;Todas las edades;Total;1 de octubre de 2013;""
Paraguay;Todas las edades;Total;1 de julio de 2013;69.713
Paraguay;Todas las edades;Total;1 de abril de 2013;""
Paraguay;Todas las edades;Total;1 de enero de 2013;74.124
Paraguay;Todas las edades;Total;1 de octubre de 2012;""
Paraguay;Todas las edades;Total;1 de julio de 2012;77.676
Paraguay;Todas las edades;Total;1 de abril de 2012;""
Paraguay;Todas las edades;Total;1 de enero de 2012;79.228
Paraguay;Todas las edades;Total;1 de octubre de 2011;""
Paraguay;Todas las edades;Total;1 de julio de 2011;80.868
Paraguay;Todas las edades;Total;1 de abril de 2011;""
Paraguay;Todas las edades;Total;1 de enero de 2011;81.193
Paraguay;Todas las edades;Total;1 de octubre de 2010;""
Paraguay;Todas las edades;Total;1 de julio de 2010;81.548
Paraguay;Todas las edades;Total;1 de abril de 2010;""
Paraguay;Todas las edades;Total;1 de enero de 2010;80.084
Paraguay;Todas las edades;Total;1 de octubre de 2009;""
Paraguay;Todas las edades;Total;1 de julio de 2009;79.176
Paraguay;Todas las edades;Total;1 de abril de 2009;""
Paraguay;Todas las edades;Total;1 de enero de 2009;76.583
Paraguay;Todas las edades;Total;1 de octubre de 2008;""
Paraguay;Todas las edades;Total;1 de julio de 2008;72.532
Paraguay;Todas las edades;Total;1 de abril de 2008;""
Paraguay;Todas las edades;Total;1 de enero de 2008;63.816
Paraguay;Todas las edades;Total;1 de octubre de 2007;""
Paraguay;Todas las edades;Total;1 de julio de 2007;55.797
Paraguay;Todas las edades;Total;1 de abril de 2007;""
Paraguay;Todas las edades;Total;1 de enero de 2007;45.097
Paraguay;Todas las edades;Total;1 de octubre de 2006;""
Paraguay;Todas las edades;Total;1 de julio de 2006;35.410
Paraguay;Todas las edades;Total;1 de abril de 2006;""
Paraguay;Todas las edades;Total;1 de enero de 2006;27.737
Paraguay;Todas las edades;Total;1 de octubre de 2005;""
Paraguay;Todas las edades;Total;1 de julio de 2005;22.843
Paraguay;Todas las edades;Total;1 de abril de 2005;""
Paraguay;Todas las edades;Total;1 de enero de 2005;16.798
Paraguay;Todas las edades;Total;1 de octubre de 2004;""
Paraguay;Todas las edades;Total;1 de julio de 2004;10.346
Paraguay;Todas las edades;Total;1 de abril de 2004;""
Paraguay;Todas las edades;Total;1 de enero de 2004;7.425
Paraguay;Todas las edades;Total;1 de octubre de 2003;""
Paraguay;Todas las edades;Total;1 de julio de 2003;5.361
Paraguay;Todas las edades;Total;1 de abril de 2003;""
Paraguay;Todas las edades;Total;1 de enero de 2003;3.940
Paraguay;Todas las edades;Total;1 de octubre de 2002;""
Paraguay;Todas las edades;Total;1 de julio de 2002;3.035
Paraguay;Todas las edades;Total;1 de abril de 2002;""
Paraguay;Todas las edades;Total;1 de enero de 2002;2.336
Perú;Todas las edades;Total;1 de enero de 2025;430.277
Perú;Todas las edades;Total;1 de octubre de 2024;416.199
Perú;Todas las edades;Total;1 de julio de 2024;401.943
Perú;Todas las edades;Total;1 de abril de 2024;389.712
Perú;Todas las edades;Total;1 de enero de 2024;378.924
Perú;Todas las edades;Total;1 de octubre de 2023;363.686
Perú;Todas las edades;Total;1 de julio de 2023;351.001
Perú;Todas las edades;Total;1 de abril de 2023;338.649
Perú;Todas las edades;Total;1 de enero de 2023;322.407
Perú;Todas las edades;Total;1 de octubre de 2022;305.461
Perú;Todas las edades;Total;1 de julio de 2022;293.089
Perú;Todas las edades;Total;1 de abril de 2022;279.376
Perú;Todas las edades;Total;1 de enero de 2022;264.104
Perú;Todas las edades;Total;1 de octubre de 2021;253.420
Perú;Todas las edades;Total;1 de julio de 2021;249.348
Perú;Todas las edades;Total;1 de abril de 2021;249.389
Perú;Todas las edades;Total;1 de enero de 2021;249.640
Perú;Todas las edades;Total;1 de octubre de 2020;""
Perú;Todas las edades;Total;1 de julio de 2020;246.169
Perú;Todas las edades;Total;1 de abril de 2020;""
Perú;Todas las edades;Total;1 de enero de 2020;236.247
Perú;Todas las edades;Total;1 de octubre de 2019;""
Perú;Todas las edades;Total;1 de julio de 2019;223.359
Perú;Todas las edades;Total;1 de abril de 2019;""
Perú;Todas las edades;Total;1 de enero de 2019;212.576
Perú;Todas las edades;Total;1 de octubre de 2018;""
Perú;Todas las edades;Total;1 de julio de 2018;204.265
Perú;Todas las edades;Total;1 de abril de 2018;""
Perú;Todas las edades;Total;1 de enero de 2018;197.319
Perú;Todas las edades;Total;1 de octubre de 2017;""
Perú;Todas las edades;Total;1 de julio de 2017;191.295
Perú;Todas las edades;Total;1 de abril de 2017;""
Perú;Todas las edades;Total;1 de enero de 2017;187.828
Perú;Todas las edades;Total;1 de octubre de 2016;""
Perú;Todas las edades;Total;1 de julio de 2016;185.179
Perú;Todas las edades;Total;1 de abril de 2016;""
Perú;Todas las edades;Total;1 de enero de 2016;183.810
Perú;Todas las edades;Total;1 de octubre de 2015;""
Perú;Todas las edades;Total;1 de julio de 2015;183.160
Perú;Todas las edades;Total;1 de abril de 2015;""
Perú;Todas las edades;Total;1 de enero de 2015;183.233
Perú;Todas las edades;Total;1 de octubre de 2014;""
Perú;Todas las edades;Total;1 de julio de 2014;184.246
Perú;Todas las edades;Total;1 de abril de 2014;""
Perú;Todas las edades;Total;1 de enero de 2014;185.935
Perú;Todas las edades;Total;1 de octubre de 2013;""
Perú;Todas las edades;Total;1 de julio de 2013;189.325
Perú;Todas las edades;Total;1 de abril de 2013;""
Perú;Todas las edades;Total;1 de enero de 2013;192.911
Perú;Todas las edades;Total;1 de octubre de 2012;""
Perú;Todas las edades;Total;1 de julio de 2012;196.127
Perú;Todas las edades;Total;1 de abril de 2012;""
Perú;Todas las edades;Total;1 de enero de 2012;198.032
Perú;Todas las edades;Total;1 de octubre de 2011;""
Perú;Todas las edades;Total;1 de julio de 2011;198.596
Perú;Todas las edades;Total;1 de abril de 2011;""
Perú;Todas las edades;Total;1 de enero de 2011;198.640
Perú;Todas las edades;Total;1 de octubre de 2010;""
Perú;Todas las edades;Total;1 de julio de 2010;198.946
Perú;Todas las edades;Total;1 de abril de 2010;""
Perú;Todas las edades;Total;1 de enero de 2010;197.828
Perú;Todas las edades;Total;1 de octubre de 2009;""
Perú;Todas las edades;Total;1 de julio de 2009;196.015
Perú;Todas las edades;Total;1 de abril de 2009;""
Perú;Todas las edades;Total;1 de enero de 2009;189.655
Perú;Todas las edades;Total;1 de octubre de 2008;""
Perú;Todas las edades;Total;1 de julio de 2008;176.596
Perú;Todas las edades;Total;1 de abril de 2008;""
Perú;Todas las edades;Total;1 de enero de 2008;164.909
Perú;Todas las edades;Total;1 de octubre de 2007;""
Perú;Todas las edades;Total;1 de julio de 2007;152.032
Perú;Todas las edades;Total;1 de abril de 2007;""
Perú;Todas las edades;Total;1 de enero de 2007;141.154
Perú;Todas las edades;Total;1 de octubre de 2006;""
Perú;Todas las edades;Total;1 de julio de 2006;131.781
Perú;Todas las edades;Total;1 de abril de 2006;""
Perú;Todas las edades;Total;1 de enero de 2006;123.640
Perú;Todas las edades;Total;1 de octubre de 2005;""
Perú;Todas las edades;Total;1 de julio de 2005;115.617
Perú;Todas las edades;Total;1 de abril de 2005;""
Perú;Todas las edades;Total;1 de enero de 2005;105.735
Perú;Todas las edades;Total;1 de octubre de 2004;""
Perú;Todas las edades;Total;1 de julio de 2004;97.334
Perú;Todas las edades;Total;1 de abril de 2004;""
Perú;Todas las edades;Total;1 de enero de 2004;88.744
Perú;Todas las edades;Total;1 de octubre de 2003;""
Perú;Todas las edades;Total;1 de julio de 2003;79.658
Perú;Todas las edades;Total;1 de abril de 2003;""
Perú;Todas las edades;Total;1 de enero de 2003;69.883
Perú;Todas las edades;Total;1 de octubre de 2002;""
Perú;Todas las edades;Total;1 de julio de 2002;62.988
Perú;Todas las edades;Total;1 de abril de 2002;""
Perú;Todas las edades;Total;1 de enero de 2002;56.157
Uruguay;Todas las edades;Total;1 de enero de 2025;91.437
Uruguay;Todas las edades;Total;1 de octubre de 2024;91.177
Uruguay;Todas las edades;Total;1 de julio de 2024;90.557
Uruguay;Todas las edades;Total;1 de abril de 2024;89.894
Uruguay;Todas las edades;Total;1 de enero de 2024;89.595
Uruguay;Todas las edades;Total;1 de octubre de 2023;89.103
Uruguay;Todas las edades;Total;1 de julio de 2023;88.202
Uruguay;Todas las edades;Total;1 de abril de 2023;87.313
Uruguay;Todas las edades;Total;1 de enero de 2023;86.620
Uruguay;Todas las edades;Total;1 de octubre de 2022;85.861
Uruguay;Todas las edades;Total;1 de julio de 2022;84.975
Uruguay;Todas las edades;Total;1 de abril de 2022;84.033
Uruguay;Todas las edades;Total;1 de enero de 2022;83.381
Uruguay;Todas las edades;Total;1 de octubre de 2021;83.129
Uruguay;Todas las edades;Total;1 de julio de 2021;82.599
Uruguay;Todas las edades;Total;1 de abril de 2021;82.667
Uruguay;Todas las edades;Total;1 de enero de 2021;82.813
Uruguay;Todas las edades;Total;1 de octubre de 2020;""
Uruguay;Todas las edades;Total;1 de julio de 2020;81.956
Uruguay;Todas las edades;Total;1 de abril de 2020;""
Uruguay;Todas las edades;Total;1 de enero de 2020;81.052
Uruguay;Todas las edades;Total;1 de octubre de 2019;""
Uruguay;Todas las edades;Total;1 de julio de 2019;79.169
Uruguay;Todas las edades;Total;1 de abril de 2019;""
Uruguay;Todas las edades;Total;1 de enero de 2019;77.352
Uruguay;Todas las edades;Total;1 de octubre de 2018;""
Uruguay;Todas las edades;Total;1 de julio de 2018;75.977
Uruguay;Todas las edades;Total;1 de abril de 2018;""
Uruguay;Todas las edades;Total;1 de enero de 2018;75.009
Uruguay;Todas las edades;Total;1 de octubre de 2017;""
Uruguay;Todas las edades;Total;1 de julio de 2017;74.021
Uruguay;Todas las edades;Total;1 de abril de 2017;""
Uruguay;Todas las edades;Total;1 de enero de 2017;73.622
Uruguay;Todas las edades;Total;1 de octubre de 2016;""
Uruguay;Todas las edades;Total;1 de julio de 2016;73.378
Uruguay;Todas las edades;Total;1 de abril de 2016;""
Uruguay;Todas las edades;Total;1 de enero de 2016;73.034
Uruguay;Todas las edades;Total;1 de octubre de 2015;""
Uruguay;Todas las edades;Total;1 de julio de 2015;73.010
Uruguay;Todas las edades;Total;1 de abril de 2015;""
Uruguay;Todas las edades;Total;1 de enero de 2015;73.287
Uruguay;Todas las edades;Total;1 de octubre de 2014;""
Uruguay;Todas las edades;Total;1 de julio de 2014;73.863
Uruguay;Todas las edades;Total;1 de abril de 2014;""
Uruguay;Todas las edades;Total;1 de enero de 2014;74.779
Uruguay;Todas las edades;Total;1 de octubre de 2013;""
Uruguay;Todas las edades;Total;1 de julio de 2013;76.195
Uruguay;Todas las edades;Total;1 de abril de 2013;""
Uruguay;Todas las edades;Total;1 de enero de 2013;77.586
Uruguay;Todas las edades;Total;1 de octubre de 2012;""
Uruguay;Todas las edades;Total;1 de julio de 2012;78.684
Uruguay;Todas las edades;Total;1 de abril de 2012;""
Uruguay;Todas las edades;Total;1 de enero de 2012;80.136
Uruguay;Todas las edades;Total;1 de octubre de 2011;""
Uruguay;Todas las edades;Total;1 de julio de 2011;81.297
Uruguay;Todas las edades;Total;1 de abril de 2011;""
Uruguay;Todas las edades;Total;1 de enero de 2011;82.272
Uruguay;Todas las edades;Total;1 de octubre de 2010;""
Uruguay;Todas las edades;Total;1 de julio de 2010;83.599
Uruguay;Todas las edades;Total;1 de abril de 2010;""
Uruguay;Todas las edades;Total;1 de enero de 2010;84.806
Uruguay;Todas las edades;Total;1 de octubre de 2009;""
Uruguay;Todas las edades;Total;1 de julio de 2009;86.211
Uruguay;Todas las edades;Total;1 de abril de 2009;""
Uruguay;Todas las edades;Total;1 de enero de 2009;87.326
Uruguay;Todas las edades;Total;1 de octubre de 2008;""
Uruguay;Todas las edades;Total;1 de julio de 2008;87.161
Uruguay;Todas las edades;Total;1 de abril de 2008;""
Uruguay;Todas las edades;Total;1 de enero de 2008;85.085
Uruguay;Todas las edades;Total;1 de octubre de 2007;""
Uruguay;Todas las edades;Total;1 de julio de 2007;82.578
Uruguay;Todas las edades;Total;1 de abril de 2007;""
Uruguay;Todas las edades;Total;1 de enero de 2007;78.810
Uruguay;Todas las edades;Total;1 de octubre de 2006;""
Uruguay;Todas las edades;Total;1 de julio de 2006;75.555
Uruguay;Todas las edades;Total;1 de abril de 2006;""
Uruguay;Todas las edades;Total;1 de enero de 2006;72.047
Uruguay;Todas las edades;Total;1 de octubre de 2005;""
Uruguay;Todas las edades;Total;1 de julio de 2005;69.747
Uruguay;Todas las edades;Total;1 de abril de 2005;""
Uruguay;Todas las edades;Total;1 de enero de 2005;65.111
Uruguay;Todas las edades;Total;1 de octubre de 2004;""
Uruguay;Todas las edades;Total;1 de julio de 2004;59.188
Uruguay;Todas las edades;Total;1 de abril de 2004;""
Uruguay;Todas las edades;Total;1 de enero de 2004;52.905
Uruguay;Todas las edades;Total;1 de octubre de 2003;""
Uruguay;Todas las edades;Total;1 de julio de 2003;46.054
Uruguay;Todas las edades;Total;1 de abril de 2003;""
Uruguay;Todas las edades;Total;1 de enero de 2003;38.463
Uruguay;Todas las edades;Total;1 de octubre de 2002;""
Uruguay;Todas las edades;Total;1 de julio de 2002;31.280
Uruguay;Todas las edades;Total;1 de abril de 2002;""
Uruguay;Todas las edades;Total;1 de enero de 2002;25.993
Venezuela;Todas las edades;Total;1 de enero de 2025;692.316
Venezuela;Todas las edades;Total;1 de octubre de 2024;662.321
Venezuela;Todas las edades;Total;1 de julio de 2024;639.789
Venezuela;Todas las edades;Total;1 de abril de 2024;619.681
Venezuela;Todas las edades;Total;1 de enero de 2024;599.769
Venezuela;Todas las edades;Total;1 de octubre de 2023;571.782
Venezuela;Todas las edades;Total;1 de julio de 2023;555.255
Venezuela;Todas las edades;Total;1 de abril de 2023;538.742
Venezuela;Todas las edades;Total;1 de enero de 2023;518.918
Venezuela;Todas las edades;Total;1 de octubre de 2022;497.264
Venezuela;Todas las edades;Total;1 de julio de 2022;481.249
Venezuela;Todas las edades;Total;1 de abril de 2022;462.201
Venezuela;Todas las edades;Total;1 de enero de 2022;440.953
Venezuela;Todas las edades;Total;1 de octubre de 2021;422.964
Venezuela;Todas las edades;Total;1 de julio de 2021;414.559
Venezuela;Todas las edades;Total;1 de abril de 2021;413.157
Venezuela;Todas las edades;Total;1 de enero de 2021;411.996
Venezuela;Todas las edades;Total;1 de octubre de 2020;""
Venezuela;Todas las edades;Total;1 de julio de 2020;402.262
Venezuela;Todas las edades;Total;1 de abril de 2020;""
Venezuela;Todas las edades;Total;1 de enero de 2020;380.863
Venezuela;Todas las edades;Total;1 de octubre de 2019;""
Venezuela;Todas las edades;Total;1 de julio de 2019;342.050
Venezuela;Todas las edades;Total;1 de abril de 2019;""
Venezuela;Todas las edades;Total;1 de enero de 2019;309.510
Venezuela;Todas las edades;Total;1 de octubre de 2018;""
Venezuela;Todas las edades;Total;1 de julio de 2018;272.327
Venezuela;Todas las edades;Total;1 de abril de 2018;""
Venezuela;Todas las edades;Total;1 de enero de 2018;243.837
Venezuela;Todas las edades;Total;1 de octubre de 2017;""
Venezuela;Todas las edades;Total;1 de julio de 2017;214.911
Venezuela;Todas las edades;Total;1 de abril de 2017;""
Venezuela;Todas las edades;Total;1 de enero de 2017;199.035
Venezuela;Todas las edades;Total;1 de octubre de 2016;""
Venezuela;Todas las edades;Total;1 de julio de 2016;182.239
Venezuela;Todas las edades;Total;1 de abril de 2016;""
Venezuela;Todas las edades;Total;1 de enero de 2016;174.320
Venezuela;Todas las edades;Total;1 de octubre de 2015;""
Venezuela;Todas las edades;Total;1 de julio de 2015;165.543
Venezuela;Todas las edades;Total;1 de abril de 2015;""
Venezuela;Todas las edades;Total;1 de enero de 2015;161.180
Venezuela;Todas las edades;Total;1 de octubre de 2014;""
Venezuela;Todas las edades;Total;1 de julio de 2014;155.961
Venezuela;Todas las edades;Total;1 de abril de 2014;""
Venezuela;Todas las edades;Total;1 de enero de 2014;154.567
Venezuela;Todas las edades;Total;1 de octubre de 2013;""
Venezuela;Todas las edades;Total;1 de julio de 2013;154.528
Venezuela;Todas las edades;Total;1 de abril de 2013;""
Venezuela;Todas las edades;Total;1 de enero de 2013;156.092
Venezuela;Todas las edades;Total;1 de octubre de 2012;""
Venezuela;Todas las edades;Total;1 de julio de 2012;155.441
Venezuela;Todas las edades;Total;1 de abril de 2012;""
Venezuela;Todas las edades;Total;1 de enero de 2012;155.846
Venezuela;Todas las edades;Total;1 de octubre de 2011;""
Venezuela;Todas las edades;Total;1 de julio de 2011;153.196
Venezuela;Todas las edades;Total;1 de abril de 2011;""
Venezuela;Todas las edades;Total;1 de enero de 2011;151.935
Venezuela;Todas las edades;Total;1 de octubre de 2010;""
Venezuela;Todas las edades;Total;1 de julio de 2010;149.152
Venezuela;Todas las edades;Total;1 de abril de 2010;""
Venezuela;Todas las edades;Total;1 de enero de 2010;148.149
Venezuela;Todas las edades;Total;1 de octubre de 2009;""
Venezuela;Todas las edades;Total;1 de julio de 2009;146.355
Venezuela;Todas las edades;Total;1 de abril de 2009;""
Venezuela;Todas las edades;Total;1 de enero de 2009;145.564
Venezuela;Todas las edades;Total;1 de octubre de 2008;""
Venezuela;Todas las edades;Total;1 de julio de 2008;142.291
Venezuela;Todas las edades;Total;1 de abril de 2008;""
Venezuela;Todas las edades;Total;1 de enero de 2008;138.216
Venezuela;Todas las edades;Total;1 de octubre de 2007;""
Venezuela;Todas las edades;Total;1 de julio de 2007;131.579
Venezuela;Todas las edades;Total;1 de abril de 2007;""
Venezuela;Todas las edades;Total;1 de enero de 2007;126.861
Venezuela;Todas las edades;Total;1 de octubre de 2006;""
Venezuela;Todas las edades;Total;1 de julio de 2006;121.419
Venezuela;Todas las edades;Total;1 de abril de 2006;""
Venezuela;Todas las edades;Total;1 de enero de 2006;117.749
Venezuela;Todas las edades;Total;1 de octubre de 2005;""
Venezuela;Todas las edades;Total;1 de julio de 2005;112.916
Venezuela;Todas las edades;Total;1 de abril de 2005;""
Venezuela;Todas las edades;Total;1 de enero de 2005;107.372
Venezuela;Todas las edades;Total;1 de octubre de 2004;""
Venezuela;Todas las edades;Total;1 de julio de 2004;100.519
Venezuela;Todas las edades;Total;1 de abril de 2004;""
Venezuela;Todas las edades;Total;1 de enero de 2004;95.356
Venezuela;Todas las edades;Total;1 de octubre de 2003;""
Venezuela;Todas las edades;Total;1 de julio de 2003;86.599
Venezuela;Todas las edades;Total;1 de abril de 2003;""
Venezuela;Todas las edades;Total;1 de enero de 2003;78.987
Venezuela;Todas las edades;Total;1 de octubre de 2002;""
Venezuela;Todas las edades;Total;1 de julio de 2002;72.902
Venezuela;Todas las edades;Total;1 de abril de 2002;""
Venezuela;Todas las edades;Total;1 de enero de 2002;68.924
Otro país de Sudamérica;Todas las edades;Total;1 de enero de 2025;369
Otro país de Sudamérica;Todas las edades;Total;1 de octubre de 2024;361
Otro país de Sudamérica;Todas las edades;Total;1 de julio de 2024;358
Otro país de Sudamérica;Todas las edades;Total;1 de abril de 2024;354
Otro país de Sudamérica;Todas las edades;Total;1 de enero de 2024;341
Otro país de Sudamérica;Todas las edades;Total;1 de octubre de 2023;349
Otro país de Sudamérica;Todas las edades;Total;1 de julio de 2023;348
Otro país de Sudamérica;Todas las edades;Total;1 de abril de 2023;340
Otro país de Sudamérica;Todas las edades;Total;1 de enero de 2023;339
Otro país de Sudamérica;Todas las edades;Total;1 de octubre de 2022;330
Otro país de Sudamérica;Todas las edades;Total;1 de julio de 2022;329
Otro país de Sudamérica;Todas las edades;Total;1 de abril de 2022;326
Otro país de Sudamérica;Todas las edades;Total;1 de enero de 2022;322
Otro país de Sudamérica;Todas las edades;Total;1 de octubre de 2021;317
Otro país de Sudamérica;Todas las edades;Total;1 de julio de 2021;311
Otro país de Sudamérica;Todas las edades;Total;1 de abril de 2021;305
Otro país de Sudamérica;Todas las edades;Total;1 de enero de 2021;303
Otro país de Sudamérica;Todas las edades;Total;1 de octubre de 2020;""
Otro país de Sudamérica;Todas las edades;Total;1 de julio de 2020;298
Otro país de Sudamérica;Todas las edades;Total;1 de abril de 2020;""
Otro país de Sudamérica;Todas las edades;Total;1 de enero de 2020;303
Otro país de Sudamérica;Todas las edades;Total;1 de octubre de 2019;""
Otro país de Sudamérica;Todas las edades;Total;1 de julio de 2019;291
Otro país de Sudamérica;Todas las edades;Total;1 de abril de 2019;""
Otro país de Sudamérica;Todas las edades;Total;1 de enero de 2019;289
Otro país de Sudamérica;Todas las edades;Total;1 de octubre de 2018;""
Otro país de Sudamérica;Todas las edades;Total;1 de julio de 2018;289
Otro país de Sudamérica;Todas las edades;Total;1 de abril de 2018;""
Otro país de Sudamérica;Todas las edades;Total;1 de enero de 2018;278
Otro país de Sudamérica;Todas las edades;Total;1 de octubre de 2017;""
Otro país de Sudamérica;Todas las edades;Total;1 de julio de 2017;271
Otro país de Sudamérica;Todas las edades;Total;1 de abril de 2017;""
Otro país de Sudamérica;Todas las edades;Total;1 de enero de 2017;265
Otro país de Sudamérica;Todas las edades;Total;1 de octubre de 2016;""
Otro país de Sudamérica;Todas las edades;Total;1 de julio de 2016;261
Otro país de Sudamérica;Todas las edades;Total;1 de abril de 2016;""
Otro país de Sudamérica;Todas las edades;Total;1 de enero de 2016;269
Otro país de Sudamérica;Todas las edades;Total;1 de octubre de 2015;""
Otro país de Sudamérica;Todas las edades;Total;1 de julio de 2015;260
Otro país de Sudamérica;Todas las edades;Total;1 de abril de 2015;""
Otro país de Sudamérica;Todas las edades;Total;1 de enero de 2015;259
Otro país de Sudamérica;Todas las edades;Total;1 de octubre de 2014;""
Otro país de Sudamérica;Todas las edades;Total;1 de julio de 2014;261
Otro país de Sudamérica;Todas las edades;Total;1 de abril de 2014;""
Otro país de Sudamérica;Todas las edades;Total;1 de enero de 2014;277
Otro país de Sudamérica;Todas las edades;Total;1 de octubre de 2013;""
Otro país de Sudamérica;Todas las edades;Total;1 de julio de 2013;269
Otro país de Sudamérica;Todas las edades;Total;1 de abril de 2013;""
Otro país de Sudamérica;Todas las edades;Total;1 de enero de 2013;273
Otro país de Sudamérica;Todas las edades;Total;1 de octubre de 2012;""
Otro país de Sudamérica;Todas las edades;Total;1 de julio de 2012;273
Otro país de Sudamérica;Todas las edades;Total;1 de abril de 2012;""
Otro país de Sudamérica;Todas las edades;Total;1 de enero de 2012;288
Otro país de Sudamérica;Todas las edades;Total;1 de octubre de 2011;""
Otro país de Sudamérica;Todas las edades;Total;1 de julio de 2011;286
Otro país de Sudamérica;Todas las edades;Total;1 de abril de 2011;""
Otro país de Sudamérica;Todas las edades;Total;1 de enero de 2011;285
Otro país de Sudamérica;Todas las edades;Total;1 de octubre de 2010;""
Otro país de Sudamérica;Todas las edades;Total;1 de julio de 2010;299
Otro país de Sudamérica;Todas las edades;Total;1 de abril de 2010;""
Otro país de Sudamérica;Todas las edades;Total;1 de enero de 2010;307
Otro país de Sudamérica;Todas las edades;Total;1 de octubre de 2009;""
Otro país de Sudamérica;Todas las edades;Total;1 de julio de 2009;316
Otro país de Sudamérica;Todas las edades;Total;1 de abril de 2009;""
Otro país de Sudamérica;Todas las edades;Total;1 de enero de 2009;314
Otro país de Sudamérica;Todas las edades;Total;1 de octubre de 2008;""
Otro país de Sudamérica;Todas las edades;Total;1 de julio de 2008;314
Otro país de Sudamérica;Todas las edades;Total;1 de abril de 2008;""
Otro país de Sudamérica;Todas las edades;Total;1 de enero de 2008;311
Otro país de Sudamérica;Todas las edades;Total;1 de octubre de 2007;""
Otro país de Sudamérica;Todas las edades;Total;1 de julio de 2007;296
Otro país de Sudamérica;Todas las edades;Total;1 de abril de 2007;""
Otro país de Sudamérica;Todas las edades;Total;1 de enero de 2007;277
Otro país de Sudamérica;Todas las edades;Total;1 de octubre de 2006;""
Otro país de Sudamérica;Todas las edades;Total;1 de julio de 2006;261
Otro país de Sudamérica;Todas las edades;Total;1 de abril de 2006;""
Otro país de Sudamérica;Todas las edades;Total;1 de enero de 2006;246
Otro país de Sudamérica;Todas las edades;Total;1 de octubre de 2005;""
Otro país de Sudamérica;Todas las edades;Total;1 de julio de 2005;230
Otro país de Sudamérica;Todas las edades;Total;1 de abril de 2005;""
Otro país de Sudamérica;Todas las edades;Total;1 de enero de 2005;215
Otro país de Sudamérica;Todas las edades;Total;1 de octubre de 2004;""
Otro país de Sudamérica;Todas las edades;Total;1 de julio de 2004;190
Otro país de Sudamérica;Todas las edades;Total;1 de abril de 2004;""
Otro país de Sudamérica;Todas las edades;Total;1 de enero de 2004;177
Otro país de Sudamérica;Todas las edades;Total;1 de octubre de 2003;""
Otro país de Sudamérica;Todas las edades;Total;1 de julio de 2003;163
Otro país de Sudamérica;Todas las edades;Total;1 de abril de 2003;""
Otro país de Sudamérica;Todas las edades;Total;1 de enero de 2003;148
Otro país de Sudamérica;Todas las edades;Total;1 de octubre de 2002;""
Otro país de Sudamérica;Todas las edades;Total;1 de julio de 2002;135
Otro país de Sudamérica;Todas las edades;Total;1 de abril de 2002;""
Otro país de Sudamérica;Todas las edades;Total;1 de enero de 2002;124
Asia;Todas las edades;Total;1 de enero de 2025;616.222
Asia;Todas las edades;Total;1 de octubre de 2024;600.730
Asia;Todas las edades;Total;1 de julio de 2024;583.254
Asia;Todas las edades;Total;1 de abril de 2024;573.097
Asia;Todas las edades;Total;1 de enero de 2024;567.391
Asia;Todas las edades;Total;1 de octubre de 2023;559.404
Asia;Todas las edades;Total;1 de julio de 2023;548.786
Asia;Todas las edades;Total;1 de abril de 2023;542.588
Asia;Todas las edades;Total;1 de enero de 2023;534.877
Asia;Todas las edades;Total;1 de octubre de 2022;526.805
Asia;Todas las edades;Total;1 de julio de 2022;517.271
Asia;Todas las edades;Total;1 de abril de 2022;511.016
Asia;Todas las edades;Total;1 de enero de 2022;506.753
Asia;Todas las edades;Total;1 de octubre de 2021;505.790
Asia;Todas las edades;Total;1 de julio de 2021;499.464
Asia;Todas las edades;Total;1 de abril de 2021;499.346
Asia;Todas las edades;Total;1 de enero de 2021;499.121
Asia;Todas las edades;Total;1 de octubre de 2020;""
Asia;Todas las edades;Total;1 de julio de 2020;495.436
Asia;Todas las edades;Total;1 de abril de 2020;""
Asia;Todas las edades;Total;1 de enero de 2020;487.810
Asia;Todas las edades;Total;1 de octubre de 2019;""
Asia;Todas las edades;Total;1 de julio de 2019;467.930
Asia;Todas las edades;Total;1 de abril de 2019;""
Asia;Todas las edades;Total;1 de enero de 2019;452.241
Asia;Todas las edades;Total;1 de octubre de 2018;""
Asia;Todas las edades;Total;1 de julio de 2018;432.880
Asia;Todas las edades;Total;1 de abril de 2018;""
Asia;Todas las edades;Total;1 de enero de 2018;420.002
Asia;Todas las edades;Total;1 de octubre de 2017;""
Asia;Todas las edades;Total;1 de julio de 2017;403.789
Asia;Todas las edades;Total;1 de abril de 2017;""
Asia;Todas las edades;Total;1 de enero de 2017;395.480
Asia;Todas las edades;Total;1 de octubre de 2016;""
Asia;Todas las edades;Total;1 de julio de 2016;386.003
Asia;Todas las edades;Total;1 de abril de 2016;""
Asia;Todas las edades;Total;1 de enero de 2016;379.457
Asia;Todas las edades;Total;1 de octubre de 2015;""
Asia;Todas las edades;Total;1 de julio de 2015;372.342
Asia;Todas las edades;Total;1 de abril de 2015;""
Asia;Todas las edades;Total;1 de enero de 2015;366.951
Asia;Todas las edades;Total;1 de octubre de 2014;""
Asia;Todas las edades;Total;1 de julio de 2014;363.456
Asia;Todas las edades;Total;1 de abril de 2014;""
Asia;Todas las edades;Total;1 de enero de 2014;361.951
Asia;Todas las edades;Total;1 de octubre de 2013;""
Asia;Todas las edades;Total;1 de julio de 2013;365.168
Asia;Todas las edades;Total;1 de abril de 2013;""
Asia;Todas las edades;Total;1 de enero de 2013;369.512
Asia;Todas las edades;Total;1 de octubre de 2012;""
Asia;Todas las edades;Total;1 de julio de 2012;370.623
Asia;Todas las edades;Total;1 de abril de 2012;""
Asia;Todas las edades;Total;1 de enero de 2012;370.686
Asia;Todas las edades;Total;1 de octubre de 2011;""
Asia;Todas las edades;Total;1 de julio de 2011;368.005
Asia;Todas las edades;Total;1 de abril de 2011;""
Asia;Todas las edades;Total;1 de enero de 2011;362.353
Asia;Todas las edades;Total;1 de octubre de 2010;""
Asia;Todas las edades;Total;1 de julio de 2010;352.491
Asia;Todas las edades;Total;1 de abril de 2010;""
Asia;Todas las edades;Total;1 de enero de 2010;343.684
Asia;Todas las edades;Total;1 de octubre de 2009;""
Asia;Todas las edades;Total;1 de julio de 2009;337.490
Asia;Todas las edades;Total;1 de abril de 2009;""
Asia;Todas las edades;Total;1 de enero de 2009;327.057
Asia;Todas las edades;Total;1 de octubre de 2008;""
Asia;Todas las edades;Total;1 de julio de 2008;311.792
Asia;Todas las edades;Total;1 de abril de 2008;""
Asia;Todas las edades;Total;1 de enero de 2008;290.617
Asia;Todas las edades;Total;1 de octubre de 2007;""
Asia;Todas las edades;Total;1 de julio de 2007;271.284
Asia;Todas las edades;Total;1 de abril de 2007;""
Asia;Todas las edades;Total;1 de enero de 2007;255.860
Asia;Todas las edades;Total;1 de octubre de 2006;""
Asia;Todas las edades;Total;1 de julio de 2006;245.007
Asia;Todas las edades;Total;1 de abril de 2006;""
Asia;Todas las edades;Total;1 de enero de 2006;233.201
Asia;Todas las edades;Total;1 de octubre de 2005;""
Asia;Todas las edades;Total;1 de julio de 2005;220.197
Asia;Todas las edades;Total;1 de abril de 2005;""
Asia;Todas las edades;Total;1 de enero de 2005;197.075
Asia;Todas las edades;Total;1 de octubre de 2004;""
Asia;Todas las edades;Total;1 de julio de 2004;175.295
Asia;Todas las edades;Total;1 de abril de 2004;""
Asia;Todas las edades;Total;1 de enero de 2004;157.860
Asia;Todas las edades;Total;1 de octubre de 2003;""
Asia;Todas las edades;Total;1 de julio de 2003;143.859
Asia;Todas las edades;Total;1 de abril de 2003;""
Asia;Todas las edades;Total;1 de enero de 2003;128.989
Asia;Todas las edades;Total;1 de octubre de 2002;""
Asia;Todas las edades;Total;1 de julio de 2002;113.880
Asia;Todas las edades;Total;1 de abril de 2002;""
Asia;Todas las edades;Total;1 de enero de 2002;98.034
Bangladesh;Todas las edades;Total;1 de enero de 2025;25.883
Bangladesh;Todas las edades;Total;1 de octubre de 2024;24.035
Bangladesh;Todas las edades;Total;1 de julio de 2024;22.681
Bangladesh;Todas las edades;Total;1 de abril de 2024;21.995
Bangladesh;Todas las edades;Total;1 de enero de 2024;21.416
Bangladesh;Todas las edades;Total;1 de octubre de 2023;20.867
Bangladesh;Todas las edades;Total;1 de julio de 2023;20.287
Bangladesh;Todas las edades;Total;1 de abril de 2023;19.792
Bangladesh;Todas las edades;Total;1 de enero de 2023;19.162
Bangladesh;Todas las edades;Total;1 de octubre de 2022;19.005
Bangladesh;Todas las edades;Total;1 de julio de 2022;18.649
Bangladesh;Todas las edades;Total;1 de abril de 2022;18.248
Bangladesh;Todas las edades;Total;1 de enero de 2022;18.019
Bangladesh;Todas las edades;Total;1 de octubre de 2021;18.393
Bangladesh;Todas las edades;Total;1 de julio de 2021;18.354
Bangladesh;Todas las edades;Total;1 de abril de 2021;18.562
Bangladesh;Todas las edades;Total;1 de enero de 2021;18.671
Bangladesh;Todas las edades;Total;1 de octubre de 2020;""
Bangladesh;Todas las edades;Total;1 de julio de 2020;18.278
Bangladesh;Todas las edades;Total;1 de abril de 2020;""
Bangladesh;Todas las edades;Total;1 de enero de 2020;17.730
Bangladesh;Todas las edades;Total;1 de octubre de 2019;""
Bangladesh;Todas las edades;Total;1 de julio de 2019;16.888
Bangladesh;Todas las edades;Total;1 de abril de 2019;""
Bangladesh;Todas las edades;Total;1 de enero de 2019;15.753
Bangladesh;Todas las edades;Total;1 de octubre de 2018;""
Bangladesh;Todas las edades;Total;1 de julio de 2018;14.585
Bangladesh;Todas las edades;Total;1 de abril de 2018;""
Bangladesh;Todas las edades;Total;1 de enero de 2018;13.568
Bangladesh;Todas las edades;Total;1 de octubre de 2017;""
Bangladesh;Todas las edades;Total;1 de julio de 2017;12.722
Bangladesh;Todas las edades;Total;1 de abril de 2017;""
Bangladesh;Todas las edades;Total;1 de enero de 2017;11.898
Bangladesh;Todas las edades;Total;1 de octubre de 2016;""
Bangladesh;Todas las edades;Total;1 de julio de 2016;11.359
Bangladesh;Todas las edades;Total;1 de abril de 2016;""
Bangladesh;Todas las edades;Total;1 de enero de 2016;10.909
Bangladesh;Todas las edades;Total;1 de octubre de 2015;""
Bangladesh;Todas las edades;Total;1 de julio de 2015;10.674
Bangladesh;Todas las edades;Total;1 de abril de 2015;""
Bangladesh;Todas las edades;Total;1 de enero de 2015;10.360
Bangladesh;Todas las edades;Total;1 de octubre de 2014;""
Bangladesh;Todas las edades;Total;1 de julio de 2014;10.475
Bangladesh;Todas las edades;Total;1 de abril de 2014;""
Bangladesh;Todas las edades;Total;1 de enero de 2014;10.487
Bangladesh;Todas las edades;Total;1 de octubre de 2013;""
Bangladesh;Todas las edades;Total;1 de julio de 2013;10.784
Bangladesh;Todas las edades;Total;1 de abril de 2013;""
Bangladesh;Todas las edades;Total;1 de enero de 2013;11.051
Bangladesh;Todas las edades;Total;1 de octubre de 2012;""
Bangladesh;Todas las edades;Total;1 de julio de 2012;11.244
Bangladesh;Todas las edades;Total;1 de abril de 2012;""
Bangladesh;Todas las edades;Total;1 de enero de 2012;11.063
Bangladesh;Todas las edades;Total;1 de octubre de 2011;""
Bangladesh;Todas las edades;Total;1 de julio de 2011;10.981
Bangladesh;Todas las edades;Total;1 de abril de 2011;""
Bangladesh;Todas las edades;Total;1 de enero de 2011;11.012
Bangladesh;Todas las edades;Total;1 de octubre de 2010;""
Bangladesh;Todas las edades;Total;1 de julio de 2010;10.798
Bangladesh;Todas las edades;Total;1 de abril de 2010;""
Bangladesh;Todas las edades;Total;1 de enero de 2010;10.529
Bangladesh;Todas las edades;Total;1 de octubre de 2009;""
Bangladesh;Todas las edades;Total;1 de julio de 2009;10.161
Bangladesh;Todas las edades;Total;1 de abril de 2009;""
Bangladesh;Todas las edades;Total;1 de enero de 2009;9.427
Bangladesh;Todas las edades;Total;1 de octubre de 2008;""
Bangladesh;Todas las edades;Total;1 de julio de 2008;8.820
Bangladesh;Todas las edades;Total;1 de abril de 2008;""
Bangladesh;Todas las edades;Total;1 de enero de 2008;8.071
Bangladesh;Todas las edades;Total;1 de octubre de 2007;""
Bangladesh;Todas las edades;Total;1 de julio de 2007;7.245
Bangladesh;Todas las edades;Total;1 de abril de 2007;""
Bangladesh;Todas las edades;Total;1 de enero de 2007;6.712
Bangladesh;Todas las edades;Total;1 de octubre de 2006;""
Bangladesh;Todas las edades;Total;1 de julio de 2006;6.506
Bangladesh;Todas las edades;Total;1 de abril de 2006;""
Bangladesh;Todas las edades;Total;1 de enero de 2006;6.126
Bangladesh;Todas las edades;Total;1 de octubre de 2005;""
Bangladesh;Todas las edades;Total;1 de julio de 2005;5.615
Bangladesh;Todas las edades;Total;1 de abril de 2005;""
Bangladesh;Todas las edades;Total;1 de enero de 2005;4.687
Bangladesh;Todas las edades;Total;1 de octubre de 2004;""
Bangladesh;Todas las edades;Total;1 de julio de 2004;3.842
Bangladesh;Todas las edades;Total;1 de abril de 2004;""
Bangladesh;Todas las edades;Total;1 de enero de 2004;3.277
Bangladesh;Todas las edades;Total;1 de octubre de 2003;""
Bangladesh;Todas las edades;Total;1 de julio de 2003;2.830
Bangladesh;Todas las edades;Total;1 de abril de 2003;""
Bangladesh;Todas las edades;Total;1 de enero de 2003;2.462
Bangladesh;Todas las edades;Total;1 de octubre de 2002;""
Bangladesh;Todas las edades;Total;1 de julio de 2002;2.099
Bangladesh;Todas las edades;Total;1 de abril de 2002;""
Bangladesh;Todas las edades;Total;1 de enero de 2002;1.712
China;Todas las edades;Total;1 de enero de 2025;209.320
China;Todas las edades;Total;1 de octubre de 2024;206.066
China;Todas las edades;Total;1 de julio de 2024;201.887
China;Todas las edades;Total;1 de abril de 2024;199.961
China;Todas las edades;Total;1 de enero de 2024;198.805
China;Todas las edades;Total;1 de octubre de 2023;195.966
China;Todas las edades;Total;1 de julio de 2023;193.223
China;Todas las edades;Total;1 de abril de 2023;192.884
China;Todas las edades;Total;1 de enero de 2023;192.346
China;Todas las edades;Total;1 de octubre de 2022;191.814
China;Todas las edades;Total;1 de julio de 2022;190.270
China;Todas las edades;Total;1 de abril de 2022;189.823
China;Todas las edades;Total;1 de enero de 2022;189.700
China;Todas las edades;Total;1 de octubre de 2021;190.840
China;Todas las edades;Total;1 de julio de 2021;190.025
China;Todas las edades;Total;1 de abril de 2021;190.053
China;Todas las edades;Total;1 de enero de 2021;190.810
China;Todas las edades;Total;1 de octubre de 2020;""
China;Todas las edades;Total;1 de julio de 2020;190.179
China;Todas las edades;Total;1 de abril de 2020;""
China;Todas las edades;Total;1 de enero de 2020;189.324
China;Todas las edades;Total;1 de octubre de 2019;""
China;Todas las edades;Total;1 de julio de 2019;185.139
China;Todas las edades;Total;1 de abril de 2019;""
China;Todas las edades;Total;1 de enero de 2019;182.376
China;Todas las edades;Total;1 de octubre de 2018;""
China;Todas las edades;Total;1 de julio de 2018;177.538
China;Todas las edades;Total;1 de abril de 2018;""
China;Todas las edades;Total;1 de enero de 2018;175.207
China;Todas las edades;Total;1 de octubre de 2017;""
China;Todas las edades;Total;1 de julio de 2017;171.238
China;Todas las edades;Total;1 de abril de 2017;""
China;Todas las edades;Total;1 de enero de 2017;169.429
China;Todas las edades;Total;1 de octubre de 2016;""
China;Todas las edades;Total;1 de julio de 2016;166.605
China;Todas las edades;Total;1 de abril de 2016;""
China;Todas las edades;Total;1 de enero de 2016;164.797
China;Todas las edades;Total;1 de octubre de 2015;""
China;Todas las edades;Total;1 de julio de 2015;162.356
China;Todas las edades;Total;1 de abril de 2015;""
China;Todas las edades;Total;1 de enero de 2015;160.174
China;Todas las edades;Total;1 de octubre de 2014;""
China;Todas las edades;Total;1 de julio de 2014;158.877
China;Todas las edades;Total;1 de abril de 2014;""
China;Todas las edades;Total;1 de enero de 2014;158.535
China;Todas las edades;Total;1 de octubre de 2013;""
China;Todas las edades;Total;1 de julio de 2013;160.045
China;Todas las edades;Total;1 de abril de 2013;""
China;Todas las edades;Total;1 de enero de 2013;161.747
China;Todas las edades;Total;1 de octubre de 2012;""
China;Todas las edades;Total;1 de julio de 2012;162.789
China;Todas las edades;Total;1 de abril de 2012;""
China;Todas las edades;Total;1 de enero de 2012;163.727
China;Todas las edades;Total;1 de octubre de 2011;""
China;Todas las edades;Total;1 de julio de 2011;163.296
China;Todas las edades;Total;1 de abril de 2011;""
China;Todas las edades;Total;1 de enero de 2011;160.987
China;Todas las edades;Total;1 de octubre de 2010;""
China;Todas las edades;Total;1 de julio de 2010;158.091
China;Todas las edades;Total;1 de abril de 2010;""
China;Todas las edades;Total;1 de enero de 2010;154.917
China;Todas las edades;Total;1 de octubre de 2009;""
China;Todas las edades;Total;1 de julio de 2009;151.458
China;Todas las edades;Total;1 de abril de 2009;""
China;Todas las edades;Total;1 de enero de 2009;146.353
China;Todas las edades;Total;1 de octubre de 2008;""
China;Todas las edades;Total;1 de julio de 2008;138.877
China;Todas las edades;Total;1 de abril de 2008;""
China;Todas las edades;Total;1 de enero de 2008;127.802
China;Todas las edades;Total;1 de octubre de 2007;""
China;Todas las edades;Total;1 de julio de 2007;118.577
China;Todas las edades;Total;1 de abril de 2007;""
China;Todas las edades;Total;1 de enero de 2007;111.142
China;Todas las edades;Total;1 de octubre de 2006;""
China;Todas las edades;Total;1 de julio de 2006;105.267
China;Todas las edades;Total;1 de abril de 2006;""
China;Todas las edades;Total;1 de enero de 2006;98.811
China;Todas las edades;Total;1 de octubre de 2005;""
China;Todas las edades;Total;1 de julio de 2005;91.414
China;Todas las edades;Total;1 de abril de 2005;""
China;Todas las edades;Total;1 de enero de 2005;81.092
China;Todas las edades;Total;1 de octubre de 2004;""
China;Todas las edades;Total;1 de julio de 2004;69.559
China;Todas las edades;Total;1 de abril de 2004;""
China;Todas las edades;Total;1 de enero de 2004;59.992
China;Todas las edades;Total;1 de octubre de 2003;""
China;Todas las edades;Total;1 de julio de 2003;52.702
China;Todas las edades;Total;1 de abril de 2003;""
China;Todas las edades;Total;1 de enero de 2003;45.046
China;Todas las edades;Total;1 de octubre de 2002;""
China;Todas las edades;Total;1 de julio de 2002;37.815
China;Todas las edades;Total;1 de abril de 2002;""
China;Todas las edades;Total;1 de enero de 2002;31.233
Filipinas;Todas las edades;Total;1 de enero de 2025;60.756
Filipinas;Todas las edades;Total;1 de octubre de 2024;59.841
Filipinas;Todas las edades;Total;1 de julio de 2024;58.670
Filipinas;Todas las edades;Total;1 de abril de 2024;58.049
Filipinas;Todas las edades;Total;1 de enero de 2024;57.498
Filipinas;Todas las edades;Total;1 de octubre de 2023;56.810
Filipinas;Todas las edades;Total;1 de julio de 2023;55.852
Filipinas;Todas las edades;Total;1 de abril de 2023;55.467
Filipinas;Todas las edades;Total;1 de enero de 2023;54.807
Filipinas;Todas las edades;Total;1 de octubre de 2022;54.287
Filipinas;Todas las edades;Total;1 de julio de 2022;53.763
Filipinas;Todas las edades;Total;1 de abril de 2022;53.317
Filipinas;Todas las edades;Total;1 de enero de 2022;52.988
Filipinas;Todas las edades;Total;1 de octubre de 2021;52.711
Filipinas;Todas las edades;Total;1 de julio de 2021;52.324
Filipinas;Todas las edades;Total;1 de abril de 2021;52.270
Filipinas;Todas las edades;Total;1 de enero de 2021;52.120
Filipinas;Todas las edades;Total;1 de octubre de 2020;""
Filipinas;Todas las edades;Total;1 de julio de 2020;51.340
Filipinas;Todas las edades;Total;1 de abril de 2020;""
Filipinas;Todas las edades;Total;1 de enero de 2020;50.967
Filipinas;Todas las edades;Total;1 de octubre de 2019;""
Filipinas;Todas las edades;Total;1 de julio de 2019;49.730
Filipinas;Todas las edades;Total;1 de abril de 2019;""
Filipinas;Todas las edades;Total;1 de enero de 2019;48.818
Filipinas;Todas las edades;Total;1 de octubre de 2018;""
Filipinas;Todas las edades;Total;1 de julio de 2018;47.734
Filipinas;Todas las edades;Total;1 de abril de 2018;""
Filipinas;Todas las edades;Total;1 de enero de 2018;47.010
Filipinas;Todas las edades;Total;1 de octubre de 2017;""
Filipinas;Todas las edades;Total;1 de julio de 2017;45.851
Filipinas;Todas las edades;Total;1 de abril de 2017;""
Filipinas;Todas las edades;Total;1 de enero de 2017;45.235
Filipinas;Todas las edades;Total;1 de octubre de 2016;""
Filipinas;Todas las edades;Total;1 de julio de 2016;44.563
Filipinas;Todas las edades;Total;1 de abril de 2016;""
Filipinas;Todas las edades;Total;1 de enero de 2016;43.878
Filipinas;Todas las edades;Total;1 de octubre de 2015;""
Filipinas;Todas las edades;Total;1 de julio de 2015;43.091
Filipinas;Todas las edades;Total;1 de abril de 2015;""
Filipinas;Todas las edades;Total;1 de enero de 2015;42.413
Filipinas;Todas las edades;Total;1 de octubre de 2014;""
Filipinas;Todas las edades;Total;1 de julio de 2014;42.128
Filipinas;Todas las edades;Total;1 de abril de 2014;""
Filipinas;Todas las edades;Total;1 de enero de 2014;41.931
Filipinas;Todas las edades;Total;1 de octubre de 2013;""
Filipinas;Todas las edades;Total;1 de julio de 2013;41.922
Filipinas;Todas las edades;Total;1 de abril de 2013;""
Filipinas;Todas las edades;Total;1 de enero de 2013;41.802
Filipinas;Todas las edades;Total;1 de octubre de 2012;""
Filipinas;Todas las edades;Total;1 de julio de 2012;41.717
Filipinas;Todas las edades;Total;1 de abril de 2012;""
Filipinas;Todas las edades;Total;1 de enero de 2012;41.175
Filipinas;Todas las edades;Total;1 de octubre de 2011;""
Filipinas;Todas las edades;Total;1 de julio de 2011;40.569
Filipinas;Todas las edades;Total;1 de abril de 2011;""
Filipinas;Todas las edades;Total;1 de enero de 2011;39.947
Filipinas;Todas las edades;Total;1 de octubre de 2010;""
Filipinas;Todas las edades;Total;1 de julio de 2010;39.415
Filipinas;Todas las edades;Total;1 de abril de 2010;""
Filipinas;Todas las edades;Total;1 de enero de 2010;38.864
Filipinas;Todas las edades;Total;1 de octubre de 2009;""
Filipinas;Todas las edades;Total;1 de julio de 2009;38.088
Filipinas;Todas las edades;Total;1 de abril de 2009;""
Filipinas;Todas las edades;Total;1 de enero de 2009;36.673
Filipinas;Todas las edades;Total;1 de octubre de 2008;""
Filipinas;Todas las edades;Total;1 de julio de 2008;34.821
Filipinas;Todas las edades;Total;1 de abril de 2008;""
Filipinas;Todas las edades;Total;1 de enero de 2008;32.447
Filipinas;Todas las edades;Total;1 de octubre de 2007;""
Filipinas;Todas las edades;Total;1 de julio de 2007;30.371
Filipinas;Todas las edades;Total;1 de abril de 2007;""
Filipinas;Todas las edades;Total;1 de enero de 2007;28.812
Filipinas;Todas las edades;Total;1 de octubre de 2006;""
Filipinas;Todas las edades;Total;1 de julio de 2006;27.391
Filipinas;Todas las edades;Total;1 de abril de 2006;""
Filipinas;Todas las edades;Total;1 de enero de 2006;26.390
Filipinas;Todas las edades;Total;1 de octubre de 2005;""
Filipinas;Todas las edades;Total;1 de julio de 2005;25.653
Filipinas;Todas las edades;Total;1 de abril de 2005;""
Filipinas;Todas las edades;Total;1 de enero de 2005;24.602
Filipinas;Todas las edades;Total;1 de octubre de 2004;""
Filipinas;Todas las edades;Total;1 de julio de 2004;23.375
Filipinas;Todas las edades;Total;1 de abril de 2004;""
Filipinas;Todas las edades;Total;1 de enero de 2004;22.520
Filipinas;Todas las edades;Total;1 de octubre de 2003;""
Filipinas;Todas las edades;Total;1 de julio de 2003;21.735
Filipinas;Todas las edades;Total;1 de abril de 2003;""
Filipinas;Todas las edades;Total;1 de enero de 2003;20.656
Filipinas;Todas las edades;Total;1 de octubre de 2002;""
Filipinas;Todas las edades;Total;1 de julio de 2002;19.474
Filipinas;Todas las edades;Total;1 de abril de 2002;""
Filipinas;Todas las edades;Total;1 de enero de 2002;18.028
India;Todas las edades;Total;1 de enero de 2025;73.951
India;Todas las edades;Total;1 de octubre de 2024;71.369
India;Todas las edades;Total;1 de julio de 2024;68.319
India;Todas las edades;Total;1 de abril de 2024;66.567
India;Todas las edades;Total;1 de enero de 2024;65.799
India;Todas las edades;Total;1 de octubre de 2023;64.985
India;Todas las edades;Total;1 de julio de 2023;63.549
India;Todas las edades;Total;1 de abril de 2023;62.130
India;Todas las edades;Total;1 de enero de 2023;60.679
India;Todas las edades;Total;1 de octubre de 2022;59.039
India;Todas las edades;Total;1 de julio de 2022;57.746
India;Todas las edades;Total;1 de abril de 2022;56.681
India;Todas las edades;Total;1 de enero de 2022;56.315
India;Todas las edades;Total;1 de octubre de 2021;56.150
India;Todas las edades;Total;1 de julio de 2021;56.127
India;Todas las edades;Total;1 de abril de 2021;56.487
India;Todas las edades;Total;1 de enero de 2021;56.459
India;Todas las edades;Total;1 de octubre de 2020;""
India;Todas las edades;Total;1 de julio de 2020;55.615
India;Todas las edades;Total;1 de abril de 2020;""
India;Todas las edades;Total;1 de enero de 2020;54.338
India;Todas las edades;Total;1 de octubre de 2019;""
India;Todas las edades;Total;1 de julio de 2019;51.127
India;Todas las edades;Total;1 de abril de 2019;""
India;Todas las edades;Total;1 de enero de 2019;48.594
India;Todas las edades;Total;1 de octubre de 2018;""
India;Todas las edades;Total;1 de julio de 2018;45.290
India;Todas las edades;Total;1 de abril de 2018;""
India;Todas las edades;Total;1 de enero de 2018;42.753
India;Todas las edades;Total;1 de octubre de 2017;""
India;Todas las edades;Total;1 de julio de 2017;40.644
India;Todas las edades;Total;1 de abril de 2017;""
India;Todas las edades;Total;1 de enero de 2017;39.384
India;Todas las edades;Total;1 de octubre de 2016;""
India;Todas las edades;Total;1 de julio de 2016;38.144
India;Todas las edades;Total;1 de abril de 2016;""
India;Todas las edades;Total;1 de enero de 2016;37.227
India;Todas las edades;Total;1 de octubre de 2015;""
India;Todas las edades;Total;1 de julio de 2015;36.457
India;Todas las edades;Total;1 de abril de 2015;""
India;Todas las edades;Total;1 de enero de 2015;35.750
India;Todas las edades;Total;1 de octubre de 2014;""
India;Todas las edades;Total;1 de julio de 2014;35.250
India;Todas las edades;Total;1 de abril de 2014;""
India;Todas las edades;Total;1 de enero de 2014;34.972
India;Todas las edades;Total;1 de octubre de 2013;""
India;Todas las edades;Total;1 de julio de 2013;35.456
India;Todas las edades;Total;1 de abril de 2013;""
India;Todas las edades;Total;1 de enero de 2013;35.996
India;Todas las edades;Total;1 de octubre de 2012;""
India;Todas las edades;Total;1 de julio de 2012;36.338
India;Todas las edades;Total;1 de abril de 2012;""
India;Todas las edades;Total;1 de enero de 2012;36.432
India;Todas las edades;Total;1 de octubre de 2011;""
India;Todas las edades;Total;1 de julio de 2011;36.495
India;Todas las edades;Total;1 de abril de 2011;""
India;Todas las edades;Total;1 de enero de 2011;36.030
India;Todas las edades;Total;1 de octubre de 2010;""
India;Todas las edades;Total;1 de julio de 2010;35.727
India;Todas las edades;Total;1 de abril de 2010;""
India;Todas las edades;Total;1 de enero de 2010;35.223
India;Todas las edades;Total;1 de octubre de 2009;""
India;Todas las edades;Total;1 de julio de 2009;34.599
India;Todas las edades;Total;1 de abril de 2009;""
India;Todas las edades;Total;1 de enero de 2009;32.893
India;Todas las edades;Total;1 de octubre de 2008;""
India;Todas las edades;Total;1 de julio de 2008;31.118
India;Todas las edades;Total;1 de abril de 2008;""
India;Todas las edades;Total;1 de enero de 2008;28.901
India;Todas las edades;Total;1 de octubre de 2007;""
India;Todas las edades;Total;1 de julio de 2007;26.939
India;Todas las edades;Total;1 de abril de 2007;""
India;Todas las edades;Total;1 de enero de 2007;24.970
India;Todas las edades;Total;1 de octubre de 2006;""
India;Todas las edades;Total;1 de julio de 2006;23.930
India;Todas las edades;Total;1 de abril de 2006;""
India;Todas las edades;Total;1 de enero de 2006;22.489
India;Todas las edades;Total;1 de octubre de 2005;""
India;Todas las edades;Total;1 de julio de 2005;21.212
India;Todas las edades;Total;1 de abril de 2005;""
India;Todas las edades;Total;1 de enero de 2005;18.630
India;Todas las edades;Total;1 de octubre de 2004;""
India;Todas las edades;Total;1 de julio de 2004;16.655
India;Todas las edades;Total;1 de abril de 2004;""
India;Todas las edades;Total;1 de enero de 2004;15.261
India;Todas las edades;Total;1 de octubre de 2003;""
India;Todas las edades;Total;1 de julio de 2003;14.021
India;Todas las edades;Total;1 de abril de 2003;""
India;Todas las edades;Total;1 de enero de 2003;12.594
India;Todas las edades;Total;1 de octubre de 2002;""
India;Todas las edades;Total;1 de julio de 2002;11.306
India;Todas las edades;Total;1 de abril de 2002;""
India;Todas las edades;Total;1 de enero de 2002;9.800
Pakistán;Todas las edades;Total;1 de enero de 2025;135.696
Pakistán;Todas las edades;Total;1 de octubre de 2024;132.983
Pakistán;Todas las edades;Total;1 de julio de 2024;129.118
Pakistán;Todas las edades;Total;1 de abril de 2024;125.716
Pakistán;Todas las edades;Total;1 de enero de 2024;123.882
Pakistán;Todas las edades;Total;1 de octubre de 2023;122.722
Pakistán;Todas las edades;Total;1 de julio de 2023;120.132
Pakistán;Todas las edades;Total;1 de abril de 2023;117.379
Pakistán;Todas las edades;Total;1 de enero de 2023;114.693
Pakistán;Todas las edades;Total;1 de octubre de 2022;111.637
Pakistán;Todas las edades;Total;1 de julio de 2022;108.747
Pakistán;Todas las edades;Total;1 de abril de 2022;107.086
Pakistán;Todas las edades;Total;1 de enero de 2022;105.701
Pakistán;Todas las edades;Total;1 de octubre de 2021;105.112
Pakistán;Todas las edades;Total;1 de julio de 2021;103.072
Pakistán;Todas las edades;Total;1 de abril de 2021;102.782
Pakistán;Todas las edades;Total;1 de enero de 2021;101.941
Pakistán;Todas las edades;Total;1 de octubre de 2020;""
Pakistán;Todas las edades;Total;1 de julio de 2020;97.785
Pakistán;Todas las edades;Total;1 de abril de 2020;""
Pakistán;Todas las edades;Total;1 de enero de 2020;94.243
Pakistán;Todas las edades;Total;1 de octubre de 2019;""
Pakistán;Todas las edades;Total;1 de julio de 2019;88.867
Pakistán;Todas las edades;Total;1 de abril de 2019;""
Pakistán;Todas las edades;Total;1 de enero de 2019;83.128
Pakistán;Todas las edades;Total;1 de octubre de 2018;""
Pakistán;Todas las edades;Total;1 de julio de 2018;78.452
Pakistán;Todas las edades;Total;1 de abril de 2018;""
Pakistán;Todas las edades;Total;1 de enero de 2018;74.862
Pakistán;Todas las edades;Total;1 de octubre de 2017;""
Pakistán;Todas las edades;Total;1 de julio de 2017;71.824
Pakistán;Todas las edades;Total;1 de abril de 2017;""
Pakistán;Todas las edades;Total;1 de enero de 2017;69.614
Pakistán;Todas las edades;Total;1 de octubre de 2016;""
Pakistán;Todas las edades;Total;1 de julio de 2016;67.644
Pakistán;Todas las edades;Total;1 de abril de 2016;""
Pakistán;Todas las edades;Total;1 de enero de 2016;65.644
Pakistán;Todas las edades;Total;1 de octubre de 2015;""
Pakistán;Todas las edades;Total;1 de julio de 2015;64.727
Pakistán;Todas las edades;Total;1 de abril de 2015;""
Pakistán;Todas las edades;Total;1 de enero de 2015;63.867
Pakistán;Todas las edades;Total;1 de octubre de 2014;""
Pakistán;Todas las edades;Total;1 de julio de 2014;64.012
Pakistán;Todas las edades;Total;1 de abril de 2014;""
Pakistán;Todas las edades;Total;1 de enero de 2014;63.315
Pakistán;Todas las edades;Total;1 de octubre de 2013;""
Pakistán;Todas las edades;Total;1 de julio de 2013;65.158
Pakistán;Todas las edades;Total;1 de abril de 2013;""
Pakistán;Todas las edades;Total;1 de enero de 2013;66.941
Pakistán;Todas las edades;Total;1 de octubre de 2012;""
Pakistán;Todas las edades;Total;1 de julio de 2012;68.414
Pakistán;Todas las edades;Total;1 de abril de 2012;""
Pakistán;Todas las edades;Total;1 de enero de 2012;67.953
Pakistán;Todas las edades;Total;1 de octubre de 2011;""
Pakistán;Todas las edades;Total;1 de julio de 2011;67.791
Pakistán;Todas las edades;Total;1 de abril de 2011;""
Pakistán;Todas las edades;Total;1 de enero de 2011;66.044
Pakistán;Todas las edades;Total;1 de octubre de 2010;""
Pakistán;Todas las edades;Total;1 de julio de 2010;60.930
Pakistán;Todas las edades;Total;1 de abril de 2010;""
Pakistán;Todas las edades;Total;1 de enero de 2010;56.834
Pakistán;Todas las edades;Total;1 de octubre de 2009;""
Pakistán;Todas las edades;Total;1 de julio de 2009;56.476
Pakistán;Todas las edades;Total;1 de abril de 2009;""
Pakistán;Todas las edades;Total;1 de enero de 2009;55.570
Pakistán;Todas las edades;Total;1 de octubre de 2008;""
Pakistán;Todas las edades;Total;1 de julio de 2008;53.052
Pakistán;Todas las edades;Total;1 de abril de 2008;""
Pakistán;Todas las edades;Total;1 de enero de 2008;49.663
Pakistán;Todas las edades;Total;1 de octubre de 2007;""
Pakistán;Todas las edades;Total;1 de julio de 2007;46.184
Pakistán;Todas las edades;Total;1 de abril de 2007;""
Pakistán;Todas las edades;Total;1 de enero de 2007;43.977
Pakistán;Todas las edades;Total;1 de octubre de 2006;""
Pakistán;Todas las edades;Total;1 de julio de 2006;43.243
Pakistán;Todas las edades;Total;1 de abril de 2006;""
Pakistán;Todas las edades;Total;1 de enero de 2006;41.581
Pakistán;Todas las edades;Total;1 de octubre de 2005;""
Pakistán;Todas las edades;Total;1 de julio de 2005;39.512
Pakistán;Todas las edades;Total;1 de abril de 2005;""
Pakistán;Todas las edades;Total;1 de enero de 2005;32.682
Pakistán;Todas las edades;Total;1 de octubre de 2004;""
Pakistán;Todas las edades;Total;1 de julio de 2004;28.246
Pakistán;Todas las edades;Total;1 de abril de 2004;""
Pakistán;Todas las edades;Total;1 de enero de 2004;24.537
Pakistán;Todas las edades;Total;1 de octubre de 2003;""
Pakistán;Todas las edades;Total;1 de julio de 2003;21.939
Pakistán;Todas las edades;Total;1 de abril de 2003;""
Pakistán;Todas las edades;Total;1 de enero de 2003;19.320
Pakistán;Todas las edades;Total;1 de octubre de 2002;""
Pakistán;Todas las edades;Total;1 de julio de 2002;16.371
Pakistán;Todas las edades;Total;1 de abril de 2002;""
Pakistán;Todas las edades;Total;1 de enero de 2002;12.289
Otro país de Asia;Todas las edades;Total;1 de enero de 2025;110.616
Otro país de Asia;Todas las edades;Total;1 de octubre de 2024;106.436
Otro país de Asia;Todas las edades;Total;1 de julio de 2024;102.579
Otro país de Asia;Todas las edades;Total;1 de abril de 2024;100.809
Otro país de Asia;Todas las edades;Total;1 de enero de 2024;99.991
Otro país de Asia;Todas las edades;Total;1 de octubre de 2023;98.054
Otro país de Asia;Todas las edades;Total;1 de julio de 2023;95.743
Otro país de Asia;Todas las edades;Total;1 de abril de 2023;94.936
Otro país de Asia;Todas las edades;Total;1 de enero de 2023;93.190
Otro país de Asia;Todas las edades;Total;1 de octubre de 2022;91.023
Otro país de Asia;Todas las edades;Total;1 de julio de 2022;88.096
Otro país de Asia;Todas las edades;Total;1 de abril de 2022;85.861
Otro país de Asia;Todas las edades;Total;1 de enero de 2022;84.030
Otro país de Asia;Todas las edades;Total;1 de octubre de 2021;82.584
Otro país de Asia;Todas las edades;Total;1 de julio de 2021;79.562
Otro país de Asia;Todas las edades;Total;1 de abril de 2021;79.192
Otro país de Asia;Todas las edades;Total;1 de enero de 2021;79.120
Otro país de Asia;Todas las edades;Total;1 de octubre de 2020;""
Otro país de Asia;Todas las edades;Total;1 de julio de 2020;82.239
Otro país de Asia;Todas las edades;Total;1 de abril de 2020;""
Otro país de Asia;Todas las edades;Total;1 de enero de 2020;81.208
Otro país de Asia;Todas las edades;Total;1 de octubre de 2019;""
Otro país de Asia;Todas las edades;Total;1 de julio de 2019;76.179
Otro país de Asia;Todas las edades;Total;1 de abril de 2019;""
Otro país de Asia;Todas las edades;Total;1 de enero de 2019;73.572
Otro país de Asia;Todas las edades;Total;1 de octubre de 2018;""
Otro país de Asia;Todas las edades;Total;1 de julio de 2018;69.281
Otro país de Asia;Todas las edades;Total;1 de abril de 2018;""
Otro país de Asia;Todas las edades;Total;1 de enero de 2018;66.602
Otro país de Asia;Todas las edades;Total;1 de octubre de 2017;""
Otro país de Asia;Todas las edades;Total;1 de julio de 2017;61.510
Otro país de Asia;Todas las edades;Total;1 de abril de 2017;""
Otro país de Asia;Todas las edades;Total;1 de enero de 2017;59.920
Otro país de Asia;Todas las edades;Total;1 de octubre de 2016;""
Otro país de Asia;Todas las edades;Total;1 de julio de 2016;57.688
Otro país de Asia;Todas las edades;Total;1 de abril de 2016;""
Otro país de Asia;Todas las edades;Total;1 de enero de 2016;57.002
Otro país de Asia;Todas las edades;Total;1 de octubre de 2015;""
Otro país de Asia;Todas las edades;Total;1 de julio de 2015;55.037
Otro país de Asia;Todas las edades;Total;1 de abril de 2015;""
Otro país de Asia;Todas las edades;Total;1 de enero de 2015;54.387
Otro país de Asia;Todas las edades;Total;1 de octubre de 2014;""
Otro país de Asia;Todas las edades;Total;1 de julio de 2014;52.714
Otro país de Asia;Todas las edades;Total;1 de abril de 2014;""
Otro país de Asia;Todas las edades;Total;1 de enero de 2014;52.711
Otro país de Asia;Todas las edades;Total;1 de octubre de 2013;""
Otro país de Asia;Todas las edades;Total;1 de julio de 2013;51.803
Otro país de Asia;Todas las edades;Total;1 de abril de 2013;""
Otro país de Asia;Todas las edades;Total;1 de enero de 2013;51.975
Otro país de Asia;Todas las edades;Total;1 de octubre de 2012;""
Otro país de Asia;Todas las edades;Total;1 de julio de 2012;50.121
Otro país de Asia;Todas las edades;Total;1 de abril de 2012;""
Otro país de Asia;Todas las edades;Total;1 de enero de 2012;50.336
Otro país de Asia;Todas las edades;Total;1 de octubre de 2011;""
Otro país de Asia;Todas las edades;Total;1 de julio de 2011;48.874
Otro país de Asia;Todas las edades;Total;1 de abril de 2011;""
Otro país de Asia;Todas las edades;Total;1 de enero de 2011;48.334
Otro país de Asia;Todas las edades;Total;1 de octubre de 2010;""
Otro país de Asia;Todas las edades;Total;1 de julio de 2010;47.529
Otro país de Asia;Todas las edades;Total;1 de abril de 2010;""
Otro país de Asia;Todas las edades;Total;1 de enero de 2010;47.318
Otro país de Asia;Todas las edades;Total;1 de octubre de 2009;""
Otro país de Asia;Todas las edades;Total;1 de julio de 2009;46.708
Otro país de Asia;Todas las edades;Total;1 de abril de 2009;""
Otro país de Asia;Todas las edades;Total;1 de enero de 2009;46.140
Otro país de Asia;Todas las edades;Total;1 de octubre de 2008;""
Otro país de Asia;Todas las edades;Total;1 de julio de 2008;45.104
Otro país de Asia;Todas las edades;Total;1 de abril de 2008;""
Otro país de Asia;Todas las edades;Total;1 de enero de 2008;43.734
Otro país de Asia;Todas las edades;Total;1 de octubre de 2007;""
Otro país de Asia;Todas las edades;Total;1 de julio de 2007;41.968
Otro país de Asia;Todas las edades;Total;1 de abril de 2007;""
Otro país de Asia;Todas las edades;Total;1 de enero de 2007;40.247
Otro país de Asia;Todas las edades;Total;1 de octubre de 2006;""
Otro país de Asia;Todas las edades;Total;1 de julio de 2006;38.671
Otro país de Asia;Todas las edades;Total;1 de abril de 2006;""
Otro país de Asia;Todas las edades;Total;1 de enero de 2006;37.804
Otro país de Asia;Todas las edades;Total;1 de octubre de 2005;""
Otro país de Asia;Todas las edades;Total;1 de julio de 2005;36.792
Otro país de Asia;Todas las edades;Total;1 de abril de 2005;""
Otro país de Asia;Todas las edades;Total;1 de enero de 2005;35.382
Otro país de Asia;Todas las edades;Total;1 de octubre de 2004;""
Otro país de Asia;Todas las edades;Total;1 de julio de 2004;33.619
Otro país de Asia;Todas las edades;Total;1 de abril de 2004;""
Otro país de Asia;Todas las edades;Total;1 de enero de 2004;32.272
Otro país de Asia;Todas las edades;Total;1 de octubre de 2003;""
Otro país de Asia;Todas las edades;Total;1 de julio de 2003;30.633
Otro país de Asia;Todas las edades;Total;1 de abril de 2003;""
Otro país de Asia;Todas las edades;Total;1 de enero de 2003;28.911
Otro país de Asia;Todas las edades;Total;1 de octubre de 2002;""
Otro país de Asia;Todas las edades;Total;1 de julio de 2002;26.816
Otro país de Asia;Todas las edades;Total;1 de abril de 2002;""
Otro país de Asia;Todas las edades;Total;1 de enero de 2002;24.972
Oceanía;Todas las edades;Total;1 de enero de 2025;10.675
Oceanía;Todas las edades;Total;1 de octubre de 2024;10.588
Oceanía;Todas las edades;Total;1 de julio de 2024;10.315
Oceanía;Todas las edades;Total;1 de abril de 2024;10.186
Oceanía;Todas las edades;Total;1 de enero de 2024;10.172
Oceanía;Todas las edades;Total;1 de octubre de 2023;10.041
Oceanía;Todas las edades;Total;1 de julio de 2023;9.847
Oceanía;Todas las edades;Total;1 de abril de 2023;9.693
Oceanía;Todas las edades;Total;1 de enero de 2023;9.590
Oceanía;Todas las edades;Total;1 de octubre de 2022;9.375
Oceanía;Todas las edades;Total;1 de julio de 2022;9.184
Oceanía;Todas las edades;Total;1 de abril de 2022;8.967
Oceanía;Todas las edades;Total;1 de enero de 2022;8.889
Oceanía;Todas las edades;Total;1 de octubre de 2021;8.921
Oceanía;Todas las edades;Total;1 de julio de 2021;8.835
Oceanía;Todas las edades;Total;1 de abril de 2021;8.881
Oceanía;Todas las edades;Total;1 de enero de 2021;8.961
Oceanía;Todas las edades;Total;1 de octubre de 2020;""
Oceanía;Todas las edades;Total;1 de julio de 2020;8.647
Oceanía;Todas las edades;Total;1 de abril de 2020;""
Oceanía;Todas las edades;Total;1 de enero de 2020;8.545
Oceanía;Todas las edades;Total;1 de octubre de 2019;""
Oceanía;Todas las edades;Total;1 de julio de 2019;8.112
Oceanía;Todas las edades;Total;1 de abril de 2019;""
Oceanía;Todas las edades;Total;1 de enero de 2019;7.939
Oceanía;Todas las edades;Total;1 de octubre de 2018;""
Oceanía;Todas las edades;Total;1 de julio de 2018;7.710
Oceanía;Todas las edades;Total;1 de abril de 2018;""
Oceanía;Todas las edades;Total;1 de enero de 2018;7.562
Oceanía;Todas las edades;Total;1 de octubre de 2017;""
Oceanía;Todas las edades;Total;1 de julio de 2017;7.209
Oceanía;Todas las edades;Total;1 de abril de 2017;""
Oceanía;Todas las edades;Total;1 de enero de 2017;7.066
Oceanía;Todas las edades;Total;1 de octubre de 2016;""
Oceanía;Todas las edades;Total;1 de julio de 2016;6.912
Oceanía;Todas las edades;Total;1 de abril de 2016;""
Oceanía;Todas las edades;Total;1 de enero de 2016;6.912
Oceanía;Todas las edades;Total;1 de octubre de 2015;""
Oceanía;Todas las edades;Total;1 de julio de 2015;6.814
Oceanía;Todas las edades;Total;1 de abril de 2015;""
Oceanía;Todas las edades;Total;1 de enero de 2015;6.817
Oceanía;Todas las edades;Total;1 de octubre de 2014;""
Oceanía;Todas las edades;Total;1 de julio de 2014;6.733
Oceanía;Todas las edades;Total;1 de abril de 2014;""
Oceanía;Todas las edades;Total;1 de enero de 2014;6.858
Oceanía;Todas las edades;Total;1 de octubre de 2013;""
Oceanía;Todas las edades;Total;1 de julio de 2013;6.807
Oceanía;Todas las edades;Total;1 de abril de 2013;""
Oceanía;Todas las edades;Total;1 de enero de 2013;6.809
Oceanía;Todas las edades;Total;1 de octubre de 2012;""
Oceanía;Todas las edades;Total;1 de julio de 2012;6.766
Oceanía;Todas las edades;Total;1 de abril de 2012;""
Oceanía;Todas las edades;Total;1 de enero de 2012;6.873
Oceanía;Todas las edades;Total;1 de octubre de 2011;""
Oceanía;Todas las edades;Total;1 de julio de 2011;6.779
Oceanía;Todas las edades;Total;1 de abril de 2011;""
Oceanía;Todas las edades;Total;1 de enero de 2011;6.709
Oceanía;Todas las edades;Total;1 de octubre de 2010;""
Oceanía;Todas las edades;Total;1 de julio de 2010;6.692
Oceanía;Todas las edades;Total;1 de abril de 2010;""
Oceanía;Todas las edades;Total;1 de enero de 2010;6.739
Oceanía;Todas las edades;Total;1 de octubre de 2009;""
Oceanía;Todas las edades;Total;1 de julio de 2009;6.759
Oceanía;Todas las edades;Total;1 de abril de 2009;""
Oceanía;Todas las edades;Total;1 de enero de 2009;6.758
Oceanía;Todas las edades;Total;1 de octubre de 2008;""
Oceanía;Todas las edades;Total;1 de julio de 2008;6.738
Oceanía;Todas las edades;Total;1 de abril de 2008;""
Oceanía;Todas las edades;Total;1 de enero de 2008;6.659
Oceanía;Todas las edades;Total;1 de octubre de 2007;""
Oceanía;Todas las edades;Total;1 de julio de 2007;6.541
Oceanía;Todas las edades;Total;1 de abril de 2007;""
Oceanía;Todas las edades;Total;1 de enero de 2007;6.403
Oceanía;Todas las edades;Total;1 de octubre de 2006;""
Oceanía;Todas las edades;Total;1 de julio de 2006;6.293
Oceanía;Todas las edades;Total;1 de abril de 2006;""
Oceanía;Todas las edades;Total;1 de enero de 2006;6.067
Oceanía;Todas las edades;Total;1 de octubre de 2005;""
Oceanía;Todas las edades;Total;1 de julio de 2005;5.898
Oceanía;Todas las edades;Total;1 de abril de 2005;""
Oceanía;Todas las edades;Total;1 de enero de 2005;5.700
Oceanía;Todas las edades;Total;1 de octubre de 2004;""
Oceanía;Todas las edades;Total;1 de julio de 2004;5.524
Oceanía;Todas las edades;Total;1 de abril de 2004;""
Oceanía;Todas las edades;Total;1 de enero de 2004;5.349
Oceanía;Todas las edades;Total;1 de octubre de 2003;""
Oceanía;Todas las edades;Total;1 de julio de 2003;5.222
Oceanía;Todas las edades;Total;1 de abril de 2003;""
Oceanía;Todas las edades;Total;1 de enero de 2003;5.053
Oceanía;Todas las edades;Total;1 de octubre de 2002;""
Oceanía;Todas las edades;Total;1 de julio de 2002;4.863
Oceanía;Todas las edades;Total;1 de abril de 2002;""
Oceanía;Todas las edades;Total;1 de enero de 2002;4.631
Extranjera;Todas las edades;Total;1 de enero de 2025;9.464.210
Extranjera;Todas las edades;Total;1 de octubre de 2024;9.296.541
Extranjera;Todas las edades;Total;1 de julio de 2024;9.106.723
Extranjera;Todas las edades;Total;1 de abril de 2024;8.960.782
Extranjera;Todas las edades;Total;1 de enero de 2024;8.838.234
Extranjera;Todas las edades;Total;1 de octubre de 2023;8.674.368
Extranjera;Todas las edades;Total;1 de julio de 2023;8.500.658
Extranjera;Todas las edades;Total;1 de abril de 2023;8.368.813
Extranjera;Todas las edades;Total;1 de enero de 2023;8.204.206
Extranjera;Todas las edades;Total;1 de octubre de 2022;8.021.901
Extranjera;Todas las edades;Total;1 de julio de 2022;7.839.111
Extranjera;Todas las edades;Total;1 de abril de 2022;7.638.750
Extranjera;Todas las edades;Total;1 de enero de 2022;7.468.116
Extranjera;Todas las edades;Total;1 de octubre de 2021;7.364.985
Extranjera;Todas las edades;Total;1 de julio de 2021;7.274.805
Extranjera;Todas las edades;Total;1 de abril de 2021;7.264.103
Extranjera;Todas las edades;Total;1 de enero de 2021;7.254.797
Extranjera;Todas las edades;Total;1 de octubre de 2020;""
Extranjera;Todas las edades;Total;1 de julio de 2020;7.144.033
Extranjera;Todas las edades;Total;1 de abril de 2020;""
Extranjera;Todas las edades;Total;1 de enero de 2020;7.014.753
Extranjera;Todas las edades;Total;1 de octubre de 2019;""
Extranjera;Todas las edades;Total;1 de julio de 2019;6.763.844
Extranjera;Todas las edades;Total;1 de abril de 2019;""
Extranjera;Todas las edades;Total;1 de enero de 2019;6.549.309
Extranjera;Todas las edades;Total;1 de octubre de 2018;""
Extranjera;Todas las edades;Total;1 de julio de 2018;6.332.478
Extranjera;Todas las edades;Total;1 de abril de 2018;""
Extranjera;Todas las edades;Total;1 de enero de 2018;6.207.509
Extranjera;Todas las edades;Total;1 de octubre de 2017;""
Extranjera;Todas las edades;Total;1 de julio de 2017;6.067.957
Extranjera;Todas las edades;Total;1 de abril de 2017;""
Extranjera;Todas las edades;Total;1 de enero de 2017;6.014.708
Extranjera;Todas las edades;Total;1 de octubre de 2016;""
Extranjera;Todas las edades;Total;1 de julio de 2016;5.945.131
Extranjera;Todas las edades;Total;1 de abril de 2016;""
Extranjera;Todas las edades;Total;1 de enero de 2016;5.913.165
Extranjera;Todas las edades;Total;1 de octubre de 2015;""
Extranjera;Todas las edades;Total;1 de julio de 2015;5.881.919
Extranjera;Todas las edades;Total;1 de abril de 2015;""
Extranjera;Todas las edades;Total;1 de enero de 2015;5.883.891
Extranjera;Todas las edades;Total;1 de octubre de 2014;""
Extranjera;Todas las edades;Total;1 de julio de 2014;5.902.626
Extranjera;Todas las edades;Total;1 de abril de 2014;""
Extranjera;Todas las edades;Total;1 de enero de 2014;5.952.770
Extranjera;Todas las edades;Total;1 de octubre de 2013;""
Extranjera;Todas las edades;Total;1 de julio de 2013;6.046.339
Extranjera;Todas las edades;Total;1 de abril de 2013;""
Extranjera;Todas las edades;Total;1 de enero de 2013;6.165.635
Extranjera;Todas las edades;Total;1 de octubre de 2012;""
Extranjera;Todas las edades;Total;1 de julio de 2012;6.230.628
Extranjera;Todas las edades;Total;1 de abril de 2012;""
Extranjera;Todas las edades;Total;1 de enero de 2012;6.294.952
Extranjera;Todas las edades;Total;1 de octubre de 2011;""
Extranjera;Todas las edades;Total;1 de julio de 2011;6.284.538
Extranjera;Todas las edades;Total;1 de abril de 2011;""
Extranjera;Todas las edades;Total;1 de enero de 2011;6.282.208
Extranjera;Todas las edades;Total;1 de octubre de 2010;""
Extranjera;Todas las edades;Total;1 de julio de 2010;6.279.700
Extranjera;Todas las edades;Total;1 de abril de 2010;""
Extranjera;Todas las edades;Total;1 de enero de 2010;6.280.064
Extranjera;Todas las edades;Total;1 de octubre de 2009;""
Extranjera;Todas las edades;Total;1 de julio de 2009;6.268.535
Extranjera;Todas las edades;Total;1 de abril de 2009;""
Extranjera;Todas las edades;Total;1 de enero de 2009;6.225.513
Extranjera;Todas las edades;Total;1 de octubre de 2008;""
Extranjera;Todas las edades;Total;1 de julio de 2008;6.092.467
Extranjera;Todas las edades;Total;1 de abril de 2008;""
Extranjera;Todas las edades;Total;1 de enero de 2008;5.878.919
Extranjera;Todas las edades;Total;1 de octubre de 2007;""
Extranjera;Todas las edades;Total;1 de julio de 2007;5.560.998
Extranjera;Todas las edades;Total;1 de abril de 2007;""
Extranjera;Todas las edades;Total;1 de enero de 2007;5.200.061
Extranjera;Todas las edades;Total;1 de octubre de 2006;""
Extranjera;Todas las edades;Total;1 de julio de 2006;4.889.929
Extranjera;Todas las edades;Total;1 de abril de 2006;""
Extranjera;Todas las edades;Total;1 de enero de 2006;4.637.971
Extranjera;Todas las edades;Total;1 de octubre de 2005;""
Extranjera;Todas las edades;Total;1 de julio de 2005;4.405.471
Extranjera;Todas las edades;Total;1 de abril de 2005;""
Extranjera;Todas las edades;Total;1 de enero de 2005;4.107.226
Extranjera;Todas las edades;Total;1 de octubre de 2004;""
Extranjera;Todas las edades;Total;1 de julio de 2004;3.774.630
Extranjera;Todas las edades;Total;1 de abril de 2004;""
Extranjera;Todas las edades;Total;1 de enero de 2004;3.547.669
Extranjera;Todas las edades;Total;1 de octubre de 2003;""
Extranjera;Todas las edades;Total;1 de julio de 2003;3.282.353
Extranjera;Todas las edades;Total;1 de abril de 2003;""
Extranjera;Todas las edades;Total;1 de enero de 2003;2.984.094
Extranjera;Todas las edades;Total;1 de octubre de 2002;""
Extranjera;Todas las edades;Total;1 de julio de 2002;2.668.377
Extranjera;Todas las edades;Total;1 de abril de 2002;""
Extranjera;Todas las edades;Total;1 de enero de 2002;2.334.098
